Customer_ID,Customer_Name,Gender,Age,Age_Group,City,State,Region,Customer_Segment,Customer_Since
C00001,Customer 00001,Female,43,41-50,Lucknow,Uttar Pradesh,North,Small Business,2024-04-21
C00002,Customer 00002,Male,27,21-30,Ahmedabad,Gujarat,West,Consumer,2024-04-04
C00003,Customer 00003,Male,36,31-40,Patna,Bihar,East,Consumer,2023-01-25
C00004,Customer 00004,Male,48,41-50,Ahmedabad,Gujarat,West,Consumer,2023-07-25
C00005,Customer 00005,Male,25,21-30,Ahmedabad,Gujarat,West,Small Business,2025-02-01
C00006,Customer 00006,Male,55,51-60,Lucknow,Uttar Pradesh,North,Consumer,2022-07-11
C00007,Customer 00007,Male,47,41-50,Kochi,Kerala,South,Small Business,2024-09-12
C00008,Customer 00008,Female,24,21-30,Hyderabad,Telangana,South,Consumer,2024-02-16
C00009,Customer 00009,Female,37,31-40,Delhi,Delhi,North,Small Business,2023-08-08
C00010,Customer 00010,Female,30,21-30,Pune,Maharashtra,West,Consumer,2023-08-31
C00011,Customer 00011,Male,58,51-60,Hyderabad,Telangana,South,Corporate,2025-01-15
C00012,Customer 00012,Female,24,21-30,Jaipur,Rajasthan,North,Consumer,2025-04-11
C00013,Customer 00013,Male,24,21-30,Surat,Gujarat,West,Corporate,2022-06-14
C00014,Customer 00014,Male,59,51-60,Chennai,Tamil Nadu,South,Consumer,2023-04-27
C00015,Customer 00015,Male,57,51-60,Mumbai,Maharashtra,West,Consumer,2025-03-31
C00016,Customer 00016,Male,47,41-50,Jaipur,Rajasthan,North,Corporate,2025-04-10
C00017,Customer 00017,Female,34,31-40,Patna,Bihar,East,Corporate,2023-10-06
C00018,Customer 00018,Female,46,41-50,Kochi,Kerala,South,Consumer,2023-09-07
C00019,Customer 00019,Female,25,21-30,Ahmedabad,Gujarat,West,Consumer,2024-07-27
C00020,Customer 00020,Male,55,51-60,Lucknow,Uttar Pradesh,North,Consumer,2024-11-02
C00021,Customer 00021,Male,43,41-50,Kolkata,West Bengal,East,Consumer,2023-05-16
C00022,Customer 00022,Female,31,31-40,Ranchi,Jharkhand,East,Small Business,2025-01-17
C00023,Customer 00023,Male,56,51-60,Bhubaneswar,Odisha,East,Small Business,2022-08-01
C00024,Customer 00024,Female,28,21-30,Bengaluru,Karnataka,South,Consumer,2025-02-07
C00025,Customer 00025,Female,39,31-40,Bengaluru,Karnataka,South,Corporate,2023-03-08
C00026,Customer 00026,Male,37,31-40,Patna,Bihar,East,Corporate,2024-09-27
C00027,Customer 00027,Male,26,21-30,Kolkata,West Bengal,East,Corporate,2024-05-17
C00028,Customer 00028,Male,21,21-30,Kolkata,West Bengal,East,Small Business,2022-09-25
C00029,Customer 00029,Male,49,41-50,Kolkata,West Bengal,East,Corporate,2024-05-25
C00030,Customer 00030,Male,25,21-30,Delhi,Delhi,North,Corporate,2022-11-02
C00031,Customer 00031,Female,58,51-60,Jaipur,Rajasthan,North,Corporate,2022-10-31
C00032,Customer 00032,Male,23,21-30,Pune,Maharashtra,West,Small Business,2024-01-17
C00033,Customer 00033,Female,34,31-40,Jaipur,Rajasthan,North,Corporate,2023-05-27
C00034,Customer 00034,Female,56,51-60,Lucknow,Uttar Pradesh,North,Small Business,2025-06-25
C00035,Customer 00035,Male,31,31-40,Bengaluru,Karnataka,South,Consumer,2024-04-24
C00036,Customer 00036,Male,42,41-50,Delhi,Delhi,North,Small Business,2023-05-24
C00037,Customer 00037,Male,27,21-30,Kolkata,West Bengal,East,Small Business,2022-03-21
C00038,Customer 00038,Male,33,31-40,Surat,Gujarat,West,Small Business,2023-12-18
C00039,Customer 00039,Male,35,31-40,Bhubaneswar,Odisha,East,Consumer,2023-01-31
C00040,Customer 00040,Female,38,31-40,Mumbai,Maharashtra,West,Consumer,2023-07-26
C00041,Customer 00041,Female,55,51-60,Ranchi,Jharkhand,East,Small Business,2022-02-26
C00042,Customer 00042,Female,32,31-40,Lucknow,Uttar Pradesh,North,Corporate,2023-06-28
C00043,Customer 00043,Male,59,51-60,Jaipur,Rajasthan,North,Small Business,2023-12-09
C00044,Customer 00044,Female,59,51-60,Patna,Bihar,East,Corporate,2022-08-25
C00045,Customer 00045,Male,37,31-40,Mumbai,Maharashtra,West,Consumer,2024-06-12
C00046,Customer 00046,Male,44,41-50,Delhi,Delhi,North,Small Business,2022-05-24
C00047,Customer 00047,Female,28,21-30,Patna,Bihar,East,Corporate,2023-09-08
C00048,Customer 00048,Female,41,41-50,Bhubaneswar,Odisha,East,Small Business,2023-08-29
C00049,Customer 00049,Male,47,41-50,Bengaluru,Karnataka,South,Corporate,2024-02-16
C00050,Customer 00050,Female,46,41-50,Chennai,Tamil Nadu,South,Corporate,2022-01-01
C00051,Customer 00051,Female,34,31-40,Bhubaneswar,Odisha,East,Small Business,2025-04-02
C00052,Customer 00052,Female,49,41-50,Patna,Bihar,East,Small Business,2023-03-14
C00053,Customer 00053,Male,26,21-30,Surat,Gujarat,West,Small Business,2024-11-21
C00054,Customer 00054,Male,36,31-40,Patna,Bihar,East,Corporate,2023-09-28
C00055,Customer 00055,Male,30,21-30,Kochi,Kerala,South,Consumer,2022-04-05
C00056,Customer 00056,Female,60,51-60,Kochi,Kerala,South,Consumer,2024-07-21
C00057,Customer 00057,Male,45,41-50,Pune,Maharashtra,West,Small Business,2024-03-29
C00058,Customer 00058,Male,21,21-30,Kochi,Kerala,South,Consumer,2024-05-20
C00059,Customer 00059,Male,54,51-60,Kochi,Kerala,South,Small Business,2022-04-13
C00060,Customer 00060,Male,50,41-50,Kochi,Kerala,South,Consumer,2024-08-09
C00061,Customer 00061,Female,60,51-60,Patna,Bihar,East,Corporate,2024-10-30
C00062,Customer 00062,Female,31,31-40,Pune,Maharashtra,West,Corporate,2024-08-30
C00063,Customer 00063,Female,36,31-40,Ahmedabad,Gujarat,West,Corporate,2023-07-22
C00064,Customer 00064,Male,38,31-40,Surat,Gujarat,West,Small Business,2022-06-08
C00065,Customer 00065,Male,38,31-40,Bhubaneswar,Odisha,East,Small Business,2023-10-17
C00066,Customer 00066,Male,30,21-30,Chandigarh,Chandigarh,North,Consumer,2024-02-24
C00067,Customer 00067,Male,25,21-30,Bengaluru,Karnataka,South,Small Business,2024-04-14
C00068,Customer 00068,Female,47,41-50,Patna,Bihar,East,Consumer,2023-02-28
C00069,Customer 00069,Female,58,51-60,Pune,Maharashtra,West,Corporate,2022-02-10
C00070,Customer 00070,Female,21,21-30,Mumbai,Maharashtra,West,Small Business,2023-09-04
C00071,Customer 00071,Female,55,51-60,Mumbai,Maharashtra,West,Corporate,2025-01-23
C00072,Customer 00072,Female,35,31-40,Kochi,Kerala,South,Small Business,2024-06-11
C00073,Customer 00073,Male,45,41-50,Surat,Gujarat,West,Small Business,2024-04-08
C00074,Customer 00074,Female,29,21-30,Chennai,Tamil Nadu,South,Corporate,2024-12-29
C00075,Customer 00075,Female,58,51-60,Delhi,Delhi,North,Corporate,2022-02-25
C00076,Customer 00076,Female,29,21-30,Chandigarh,Chandigarh,North,Small Business,2023-01-08
C00077,Customer 00077,Female,45,41-50,Jaipur,Rajasthan,North,Small Business,2023-03-10
C00078,Customer 00078,Female,42,41-50,Ahmedabad,Gujarat,West,Small Business,2023-07-24
C00079,Customer 00079,Female,26,21-30,Pune,Maharashtra,West,Small Business,2022-02-09
C00080,Customer 00080,Female,35,31-40,Jaipur,Rajasthan,North,Corporate,2022-05-21
C00081,Customer 00081,Male,36,31-40,Jaipur,Rajasthan,North,Consumer,2022-02-11
C00082,Customer 00082,Male,29,21-30,Bengaluru,Karnataka,South,Small Business,2022-08-23
C00083,Customer 00083,Female,37,31-40,Hyderabad,Telangana,South,Small Business,2022-12-10
C00084,Customer 00084,Male,40,31-40,Lucknow,Uttar Pradesh,North,Consumer,2025-03-31
C00085,Customer 00085,Female,57,51-60,Delhi,Delhi,North,Corporate,2024-02-08
C00086,Customer 00086,Male,25,21-30,Mumbai,Maharashtra,West,Corporate,2025-07-08
C00087,Customer 00087,Male,40,31-40,Kochi,Kerala,South,Corporate,2025-05-14
C00088,Customer 00088,Male,43,41-50,Lucknow,Uttar Pradesh,North,Corporate,2024-05-27
C00089,Customer 00089,Male,53,51-60,Ranchi,Jharkhand,East,Corporate,2023-11-30
C00090,Customer 00090,Female,52,51-60,Delhi,Delhi,North,Consumer,2024-06-06
C00091,Customer 00091,Female,30,21-30,Ranchi,Jharkhand,East,Small Business,2022-12-27
C00092,Customer 00092,Female,50,41-50,Kolkata,West Bengal,East,Small Business,2025-04-28
C00093,Customer 00093,Female,36,31-40,Kolkata,West Bengal,East,Consumer,2023-07-26
C00094,Customer 00094,Male,50,41-50,Ahmedabad,Gujarat,West,Corporate,2025-06-03
C00095,Customer 00095,Female,22,21-30,Mumbai,Maharashtra,West,Small Business,2023-10-28
C00096,Customer 00096,Female,34,31-40,Chennai,Tamil Nadu,South,Small Business,2023-06-14
C00097,Customer 00097,Female,59,51-60,Patna,Bihar,East,Corporate,2023-07-20
C00098,Customer 00098,Male,26,21-30,Delhi,Delhi,North,Consumer,2024-04-12
C00099,Customer 00099,Male,51,51-60,Surat,Gujarat,West,Corporate,2024-10-02
C00100,Customer 00100,Male,26,21-30,Ahmedabad,Gujarat,West,Small Business,2023-03-30
C00101,Customer 00101,Male,40,31-40,Mumbai,Maharashtra,West,Corporate,2025-04-06
C00102,Customer 00102,Female,56,51-60,Ranchi,Jharkhand,East,Corporate,2023-12-06
C00103,Customer 00103,Female,43,41-50,Pune,Maharashtra,West,Corporate,2024-07-18
C00104,Customer 00104,Female,37,31-40,Kolkata,West Bengal,East,Consumer,2022-09-05
C00105,Customer 00105,Female,28,21-30,Hyderabad,Telangana,South,Corporate,2025-01-02
C00106,Customer 00106,Male,34,31-40,Chennai,Tamil Nadu,South,Corporate,2024-09-18
C00107,Customer 00107,Female,27,21-30,Kolkata,West Bengal,East,Consumer,2023-08-30
C00108,Customer 00108,Female,32,31-40,Kochi,Kerala,South,Small Business,2022-01-29
C00109,Customer 00109,Female,23,21-30,Bengaluru,Karnataka,South,Consumer,2025-02-07
C00110,Customer 00110,Male,52,51-60,Bhubaneswar,Odisha,East,Consumer,2022-01-26
C00111,Customer 00111,Female,51,51-60,Bhubaneswar,Odisha,East,Small Business,2023-11-29
C00112,Customer 00112,Male,37,31-40,Chennai,Tamil Nadu,South,Small Business,2022-08-22
C00113,Customer 00113,Female,52,51-60,Chandigarh,Chandigarh,North,Consumer,2025-03-27
C00114,Customer 00114,Male,30,21-30,Jaipur,Rajasthan,North,Corporate,2023-09-15
C00115,Customer 00115,Male,28,21-30,Chandigarh,Chandigarh,North,Corporate,2024-05-02
C00116,Customer 00116,Female,49,41-50,Kochi,Kerala,South,Small Business,2023-09-01
C00117,Customer 00117,Female,57,51-60,Pune,Maharashtra,West,Corporate,2022-05-04
C00118,Customer 00118,Male,34,31-40,Lucknow,Uttar Pradesh,North,Small Business,2022-06-16
C00119,Customer 00119,Male,32,31-40,Chennai,Tamil Nadu,South,Corporate,2022-06-03
C00120,Customer 00120,Male,47,41-50,Chennai,Tamil Nadu,South,Small Business,2025-05-01
C00121,Customer 00121,Female,23,21-30,Surat,Gujarat,West,Consumer,2023-08-14
C00122,Customer 00122,Female,25,21-30,Bhubaneswar,Odisha,East,Corporate,2023-04-24
C00123,Customer 00123,Male,48,41-50,Kolkata,West Bengal,East,Consumer,2025-01-20
C00124,Customer 00124,Male,38,31-40,Kochi,Kerala,South,Consumer,2022-05-27
C00125,Customer 00125,Male,40,31-40,Jaipur,Rajasthan,North,Corporate,2025-03-11
C00126,Customer 00126,Female,28,21-30,Bhubaneswar,Odisha,East,Small Business,2023-09-15
C00127,Customer 00127,Female,53,51-60,Mumbai,Maharashtra,West,Corporate,2024-10-08
C00128,Customer 00128,Male,59,51-60,Ahmedabad,Gujarat,West,Consumer,2024-06-03
C00129,Customer 00129,Female,22,21-30,Patna,Bihar,East,Consumer,2023-04-14
C00130,Customer 00130,Female,57,51-60,Delhi,Delhi,North,Consumer,2022-12-25
C00131,Customer 00131,Female,38,31-40,Surat,Gujarat,West,Consumer,2025-04-13
C00132,Customer 00132,Female,26,21-30,Pune,Maharashtra,West,Small Business,2023-12-14
C00133,Customer 00133,Female,41,41-50,Pune,Maharashtra,West,Corporate,2022-08-03
C00134,Customer 00134,Female,47,41-50,Chennai,Tamil Nadu,South,Corporate,2024-10-11
C00135,Customer 00135,Female,56,51-60,Bhubaneswar,Odisha,East,Consumer,2024-07-20
C00136,Customer 00136,Female,37,31-40,Chandigarh,Chandigarh,North,Small Business,2022-08-26
C00137,Customer 00137,Male,55,51-60,Mumbai,Maharashtra,West,Small Business,2024-04-26
C00138,Customer 00138,Male,54,51-60,Jaipur,Rajasthan,North,Small Business,2025-06-29
C00139,Customer 00139,Female,24,21-30,Surat,Gujarat,West,Consumer,2023-07-01
C00140,Customer 00140,Female,49,41-50,Bengaluru,Karnataka,South,Corporate,2024-09-19
C00141,Customer 00141,Male,59,51-60,Lucknow,Uttar Pradesh,North,Consumer,2022-11-21
C00142,Customer 00142,Male,56,51-60,Bhubaneswar,Odisha,East,Small Business,2022-07-10
C00143,Customer 00143,Male,50,41-50,Kochi,Kerala,South,Consumer,2022-11-12
C00144,Customer 00144,Female,53,51-60,Surat,Gujarat,West,Corporate,2023-07-14
C00145,Customer 00145,Female,51,51-60,Pune,Maharashtra,West,Consumer,2024-07-24
C00146,Customer 00146,Female,33,31-40,Bengaluru,Karnataka,South,Corporate,2024-11-06
C00147,Customer 00147,Male,38,31-40,Bengaluru,Karnataka,South,Small Business,2023-11-28
C00148,Customer 00148,Male,39,31-40,Kolkata,West Bengal,East,Corporate,2023-09-04
C00149,Customer 00149,Male,49,41-50,Surat,Gujarat,West,Corporate,2024-09-18
C00150,Customer 00150,Female,56,51-60,Ranchi,Jharkhand,East,Corporate,2024-02-12
C00151,Customer 00151,Female,33,31-40,Ahmedabad,Gujarat,West,Corporate,2023-05-05
C00152,Customer 00152,Male,47,41-50,Mumbai,Maharashtra,West,Consumer,2023-10-14
C00153,Customer 00153,Female,45,41-50,Surat,Gujarat,West,Corporate,2022-11-08
C00154,Customer 00154,Male,29,21-30,Surat,Gujarat,West,Corporate,2025-04-23
C00155,Customer 00155,Male,49,41-50,Patna,Bihar,East,Consumer,2024-12-13
C00156,Customer 00156,Male,30,21-30,Ahmedabad,Gujarat,West,Small Business,2022-11-13
C00157,Customer 00157,Female,37,31-40,Chandigarh,Chandigarh,North,Small Business,2025-06-30
C00158,Customer 00158,Male,42,41-50,Mumbai,Maharashtra,West,Corporate,2024-12-28
C00159,Customer 00159,Female,52,51-60,Mumbai,Maharashtra,West,Corporate,2022-03-15
C00160,Customer 00160,Male,39,31-40,Chandigarh,Chandigarh,North,Consumer,2022-07-05
C00161,Customer 00161,Male,27,21-30,Pune,Maharashtra,West,Small Business,2022-12-07
C00162,Customer 00162,Male,23,21-30,Bhubaneswar,Odisha,East,Small Business,2022-04-25
C00163,Customer 00163,Female,44,41-50,Bhubaneswar,Odisha,East,Small Business,2022-10-26
C00164,Customer 00164,Female,57,51-60,Kochi,Kerala,South,Corporate,2023-01-04
C00165,Customer 00165,Male,26,21-30,Chennai,Tamil Nadu,South,Corporate,2024-02-23
C00166,Customer 00166,Female,58,51-60,Kochi,Kerala,South,Consumer,2023-04-21
C00167,Customer 00167,Female,50,41-50,Ahmedabad,Gujarat,West,Small Business,2022-01-20
C00168,Customer 00168,Female,55,51-60,Ahmedabad,Gujarat,West,Consumer,2022-06-01
C00169,Customer 00169,Female,58,51-60,Ahmedabad,Gujarat,West,Small Business,2024-05-18
C00170,Customer 00170,Female,40,31-40,Kolkata,West Bengal,East,Consumer,2024-02-27
C00171,Customer 00171,Male,36,31-40,Surat,Gujarat,West,Small Business,2025-03-17
C00172,Customer 00172,Female,39,31-40,Ranchi,Jharkhand,East,Consumer,2024-03-21
C00173,Customer 00173,Male,57,51-60,Kolkata,West Bengal,East,Corporate,2022-04-11
C00174,Customer 00174,Female,35,31-40,Surat,Gujarat,West,Corporate,2023-12-23
C00175,Customer 00175,Male,60,51-60,Kochi,Kerala,South,Small Business,2022-10-08
C00176,Customer 00176,Male,40,31-40,Lucknow,Uttar Pradesh,North,Small Business,2022-03-10
C00177,Customer 00177,Male,26,21-30,Ranchi,Jharkhand,East,Small Business,2023-11-01
C00178,Customer 00178,Male,33,31-40,Pune,Maharashtra,West,Consumer,2025-01-09
C00179,Customer 00179,Female,31,31-40,Ranchi,Jharkhand,East,Small Business,2024-09-13
C00180,Customer 00180,Female,28,21-30,Bhubaneswar,Odisha,East,Small Business,2022-06-04
C00181,Customer 00181,Male,46,41-50,Bengaluru,Karnataka,South,Corporate,2024-01-20
C00182,Customer 00182,Female,21,21-30,Chandigarh,Chandigarh,North,Small Business,2025-01-03
C00183,Customer 00183,Female,44,41-50,Lucknow,Uttar Pradesh,North,Corporate,2023-06-21
C00184,Customer 00184,Female,27,21-30,Mumbai,Maharashtra,West,Corporate,2023-04-24
C00185,Customer 00185,Male,60,51-60,Surat,Gujarat,West,Corporate,2023-11-03
C00186,Customer 00186,Male,50,41-50,Kochi,Kerala,South,Corporate,2023-09-11
C00187,Customer 00187,Male,29,21-30,Pune,Maharashtra,West,Consumer,2022-03-18
C00188,Customer 00188,Female,28,21-30,Bhubaneswar,Odisha,East,Consumer,2023-04-26
C00189,Customer 00189,Female,50,41-50,Bengaluru,Karnataka,South,Small Business,2025-01-11
C00190,Customer 00190,Male,47,41-50,Pune,Maharashtra,West,Corporate,2022-07-22
C00191,Customer 00191,Female,38,31-40,Surat,Gujarat,West,Consumer,2024-01-29
C00192,Customer 00192,Female,49,41-50,Hyderabad,Telangana,South,Consumer,2024-01-13
C00193,Customer 00193,Female,55,51-60,Lucknow,Uttar Pradesh,North,Corporate,2024-01-05
C00194,Customer 00194,Female,38,31-40,Jaipur,Rajasthan,North,Consumer,2022-09-08
C00195,Customer 00195,Male,34,31-40,Ahmedabad,Gujarat,West,Corporate,2025-05-07
C00196,Customer 00196,Male,42,41-50,Delhi,Delhi,North,Consumer,2022-09-15
C00197,Customer 00197,Male,56,51-60,Hyderabad,Telangana,South,Consumer,2025-04-15
C00198,Customer 00198,Male,42,41-50,Hyderabad,Telangana,South,Consumer,2025-05-05
C00199,Customer 00199,Female,30,21-30,Delhi,Delhi,North,Consumer,2025-01-11
C00200,Customer 00200,Male,28,21-30,Kolkata,West Bengal,East,Corporate,2022-02-22
C00201,Customer 00201,Male,43,41-50,Bengaluru,Karnataka,South,Consumer,2025-04-20
C00202,Customer 00202,Male,32,31-40,Patna,Bihar,East,Small Business,2022-04-18
C00203,Customer 00203,Female,54,51-60,Bengaluru,Karnataka,South,Consumer,2022-05-11
C00204,Customer 00204,Female,44,41-50,Surat,Gujarat,West,Corporate,2025-04-30
C00205,Customer 00205,Female,53,51-60,Lucknow,Uttar Pradesh,North,Consumer,2025-06-13
C00206,Customer 00206,Female,50,41-50,Jaipur,Rajasthan,North,Corporate,2022-03-05
C00207,Customer 00207,Female,46,41-50,Jaipur,Rajasthan,North,Small Business,2022-08-10
C00208,Customer 00208,Female,25,21-30,Surat,Gujarat,West,Consumer,2023-10-22
C00209,Customer 00209,Male,29,21-30,Bengaluru,Karnataka,South,Small Business,2025-07-02
C00210,Customer 00210,Female,59,51-60,Patna,Bihar,East,Corporate,2023-08-27
C00211,Customer 00211,Female,27,21-30,Ahmedabad,Gujarat,West,Corporate,2022-08-23
C00212,Customer 00212,Female,49,41-50,Hyderabad,Telangana,South,Consumer,2024-04-27
C00213,Customer 00213,Female,46,41-50,Patna,Bihar,East,Small Business,2022-07-14
C00214,Customer 00214,Female,41,41-50,Patna,Bihar,East,Corporate,2023-06-07
C00215,Customer 00215,Male,51,51-60,Ranchi,Jharkhand,East,Consumer,2022-07-06
C00216,Customer 00216,Male,48,41-50,Chandigarh,Chandigarh,North,Consumer,2024-02-03
C00217,Customer 00217,Male,58,51-60,Bengaluru,Karnataka,South,Corporate,2025-02-24
C00218,Customer 00218,Male,47,41-50,Patna,Bihar,East,Small Business,2024-05-16
C00219,Customer 00219,Female,59,51-60,Jaipur,Rajasthan,North,Small Business,2023-12-22
C00220,Customer 00220,Male,30,21-30,Lucknow,Uttar Pradesh,North,Corporate,2024-09-14
C00221,Customer 00221,Male,43,41-50,Kochi,Kerala,South,Corporate,2024-01-23
C00222,Customer 00222,Female,57,51-60,Lucknow,Uttar Pradesh,North,Consumer,2024-05-28
C00223,Customer 00223,Female,22,21-30,Delhi,Delhi,North,Consumer,2023-07-14
C00224,Customer 00224,Female,43,41-50,Bhubaneswar,Odisha,East,Consumer,2023-01-07
C00225,Customer 00225,Female,25,21-30,Bengaluru,Karnataka,South,Consumer,2025-07-20
C00226,Customer 00226,Male,54,51-60,Delhi,Delhi,North,Consumer,2024-02-10
C00227,Customer 00227,Female,42,41-50,Pune,Maharashtra,West,Consumer,2024-01-28
C00228,Customer 00228,Female,57,51-60,Bhubaneswar,Odisha,East,Corporate,2022-06-23
C00229,Customer 00229,Male,31,31-40,Jaipur,Rajasthan,North,Corporate,2022-04-12
C00230,Customer 00230,Female,49,41-50,Chandigarh,Chandigarh,North,Corporate,2024-05-18
C00231,Customer 00231,Female,47,41-50,Surat,Gujarat,West,Small Business,2023-03-18
C00232,Customer 00232,Female,48,41-50,Lucknow,Uttar Pradesh,North,Consumer,2023-08-04
C00233,Customer 00233,Female,23,21-30,Surat,Gujarat,West,Consumer,2024-03-20
C00234,Customer 00234,Male,34,31-40,Jaipur,Rajasthan,North,Small Business,2023-03-09
C00235,Customer 00235,Female,39,31-40,Bengaluru,Karnataka,South,Small Business,2022-09-03
C00236,Customer 00236,Female,48,41-50,Delhi,Delhi,North,Consumer,2022-09-22
C00237,Customer 00237,Male,53,51-60,Mumbai,Maharashtra,West,Corporate,2023-12-27
C00238,Customer 00238,Female,23,21-30,Chandigarh,Chandigarh,North,Small Business,2022-02-08
C00239,Customer 00239,Male,41,41-50,Ahmedabad,Gujarat,West,Corporate,2024-05-29
C00240,Customer 00240,Female,39,31-40,Mumbai,Maharashtra,West,Consumer,2024-04-09
C00241,Customer 00241,Female,31,31-40,Delhi,Delhi,North,Corporate,2024-07-31
C00242,Customer 00242,Male,48,41-50,Ranchi,Jharkhand,East,Consumer,2023-05-14
C00243,Customer 00243,Female,54,51-60,Pune,Maharashtra,West,Consumer,2024-03-21
C00244,Customer 00244,Female,35,31-40,Bhubaneswar,Odisha,East,Small Business,2022-12-11
C00245,Customer 00245,Male,54,51-60,Chandigarh,Chandigarh,North,Corporate,2023-02-02
C00246,Customer 00246,Female,30,21-30,Ranchi,Jharkhand,East,Consumer,2022-07-30
C00247,Customer 00247,Female,33,31-40,Bengaluru,Karnataka,South,Consumer,2025-05-18
C00248,Customer 00248,Male,32,31-40,Bengaluru,Karnataka,South,Corporate,2024-10-08
C00249,Customer 00249,Female,57,51-60,Ahmedabad,Gujarat,West,Corporate,2025-07-03
C00250,Customer 00250,Female,30,21-30,Patna,Bihar,East,Small Business,2022-05-20
C00251,Customer 00251,Female,40,31-40,Surat,Gujarat,West,Small Business,2025-04-26
C00252,Customer 00252,Female,53,51-60,Jaipur,Rajasthan,North,Consumer,2023-09-28
C00253,Customer 00253,Female,23,21-30,Ahmedabad,Gujarat,West,Consumer,2024-01-26
C00254,Customer 00254,Male,26,21-30,Bhubaneswar,Odisha,East,Corporate,2025-05-01
C00255,Customer 00255,Female,58,51-60,Mumbai,Maharashtra,West,Corporate,2022-03-26
C00256,Customer 00256,Male,41,41-50,Ahmedabad,Gujarat,West,Corporate,2024-09-01
C00257,Customer 00257,Male,49,41-50,Bengaluru,Karnataka,South,Consumer,2023-12-05
C00258,Customer 00258,Male,23,21-30,Chandigarh,Chandigarh,North,Consumer,2024-06-15
C00259,Customer 00259,Male,44,41-50,Ahmedabad,Gujarat,West,Small Business,2023-08-03
C00260,Customer 00260,Female,42,41-50,Mumbai,Maharashtra,West,Corporate,2025-05-09
C00261,Customer 00261,Female,25,21-30,Jaipur,Rajasthan,North,Small Business,2022-07-13
C00262,Customer 00262,Female,37,31-40,Mumbai,Maharashtra,West,Corporate,2025-05-19
C00263,Customer 00263,Female,26,21-30,Bengaluru,Karnataka,South,Corporate,2022-10-17
C00264,Customer 00264,Female,46,41-50,Ranchi,Jharkhand,East,Consumer,2025-05-03
C00265,Customer 00265,Female,56,51-60,Chandigarh,Chandigarh,North,Small Business,2023-11-04
C00266,Customer 00266,Male,48,41-50,Bengaluru,Karnataka,South,Corporate,2024-01-12
C00267,Customer 00267,Female,40,31-40,Delhi,Delhi,North,Consumer,2023-03-15
C00268,Customer 00268,Female,33,31-40,Patna,Bihar,East,Consumer,2022-10-09
C00269,Customer 00269,Male,39,31-40,Bengaluru,Karnataka,South,Consumer,2024-11-05
C00270,Customer 00270,Female,60,51-60,Jaipur,Rajasthan,North,Consumer,2025-05-08
C00271,Customer 00271,Male,31,31-40,Mumbai,Maharashtra,West,Consumer,2025-07-03
C00272,Customer 00272,Female,23,21-30,Chennai,Tamil Nadu,South,Small Business,2024-01-17
C00273,Customer 00273,Female,60,51-60,Kochi,Kerala,South,Small Business,2024-07-08
C00274,Customer 00274,Male,40,31-40,Kochi,Kerala,South,Small Business,2023-02-02
C00275,Customer 00275,Female,50,41-50,Ranchi,Jharkhand,East,Small Business,2024-02-22
C00276,Customer 00276,Male,33,31-40,Pune,Maharashtra,West,Corporate,2022-10-11
C00277,Customer 00277,Male,51,51-60,Kolkata,West Bengal,East,Small Business,2025-02-09
C00278,Customer 00278,Male,39,31-40,Lucknow,Uttar Pradesh,North,Consumer,2022-11-25
C00279,Customer 00279,Female,53,51-60,Kolkata,West Bengal,East,Consumer,2024-06-14
C00280,Customer 00280,Male,49,41-50,Chandigarh,Chandigarh,North,Small Business,2022-02-24
C00281,Customer 00281,Male,46,41-50,Pune,Maharashtra,West,Corporate,2024-02-05
C00282,Customer 00282,Female,26,21-30,Kochi,Kerala,South,Small Business,2023-04-05
C00283,Customer 00283,Female,27,21-30,Delhi,Delhi,North,Corporate,2023-11-18
C00284,Customer 00284,Male,23,21-30,Bengaluru,Karnataka,South,Small Business,2024-08-25
C00285,Customer 00285,Female,49,41-50,Bengaluru,Karnataka,South,Corporate,2022-01-11
C00286,Customer 00286,Male,37,31-40,Chandigarh,Chandigarh,North,Consumer,2022-11-03
C00287,Customer 00287,Male,39,31-40,Pune,Maharashtra,West,Consumer,2023-09-09
C00288,Customer 00288,Male,36,31-40,Lucknow,Uttar Pradesh,North,Small Business,2025-06-29
C00289,Customer 00289,Male,28,21-30,Ahmedabad,Gujarat,West,Small Business,2025-05-07
C00290,Customer 00290,Male,30,21-30,Delhi,Delhi,North,Small Business,2024-05-29
C00291,Customer 00291,Female,36,31-40,Delhi,Delhi,North,Corporate,2024-05-03
C00292,Customer 00292,Male,54,51-60,Chennai,Tamil Nadu,South,Small Business,2022-05-19
C00293,Customer 00293,Female,51,51-60,Delhi,Delhi,North,Consumer,2024-03-03
C00294,Customer 00294,Female,22,21-30,Ranchi,Jharkhand,East,Small Business,2022-05-19
C00295,Customer 00295,Male,27,21-30,Ranchi,Jharkhand,East,Corporate,2023-11-12
C00296,Customer 00296,Male,43,41-50,Bengaluru,Karnataka,South,Corporate,2023-11-25
C00297,Customer 00297,Female,51,51-60,Chennai,Tamil Nadu,South,Corporate,2023-01-09
C00298,Customer 00298,Male,50,41-50,Bengaluru,Karnataka,South,Consumer,2023-08-24
C00299,Customer 00299,Male,33,31-40,Hyderabad,Telangana,South,Consumer,2023-10-09
C00300,Customer 00300,Female,55,51-60,Bhubaneswar,Odisha,East,Small Business,2023-06-03
C00301,Customer 00301,Male,39,31-40,Jaipur,Rajasthan,North,Small Business,2022-04-08
C00302,Customer 00302,Female,28,21-30,Patna,Bihar,East,Small Business,2024-06-13
C00303,Customer 00303,Female,45,41-50,Mumbai,Maharashtra,West,Small Business,2023-01-18
C00304,Customer 00304,Female,44,41-50,Surat,Gujarat,West,Corporate,2023-07-01
C00305,Customer 00305,Female,26,21-30,Chandigarh,Chandigarh,North,Small Business,2025-05-18
C00306,Customer 00306,Female,41,41-50,Chennai,Tamil Nadu,South,Consumer,2022-06-13
C00307,Customer 00307,Female,40,31-40,Patna,Bihar,East,Small Business,2025-05-19
C00308,Customer 00308,Male,49,41-50,Pune,Maharashtra,West,Small Business,2024-07-04
C00309,Customer 00309,Female,60,51-60,Jaipur,Rajasthan,North,Small Business,2023-07-17
C00310,Customer 00310,Male,46,41-50,Jaipur,Rajasthan,North,Small Business,2024-11-16
C00311,Customer 00311,Male,30,21-30,Chennai,Tamil Nadu,South,Corporate,2024-06-16
C00312,Customer 00312,Male,25,21-30,Jaipur,Rajasthan,North,Consumer,2024-01-21
C00313,Customer 00313,Female,57,51-60,Ranchi,Jharkhand,East,Consumer,2025-05-24
C00314,Customer 00314,Female,44,41-50,Bengaluru,Karnataka,South,Small Business,2024-06-28
C00315,Customer 00315,Male,54,51-60,Chandigarh,Chandigarh,North,Small Business,2024-03-26
C00316,Customer 00316,Female,36,31-40,Patna,Bihar,East,Consumer,2022-02-23
C00317,Customer 00317,Female,54,51-60,Chennai,Tamil Nadu,South,Small Business,2025-02-24
C00318,Customer 00318,Female,37,31-40,Lucknow,Uttar Pradesh,North,Corporate,2024-07-02
C00319,Customer 00319,Female,52,51-60,Hyderabad,Telangana,South,Consumer,2022-09-09
C00320,Customer 00320,Male,49,41-50,Bengaluru,Karnataka,South,Consumer,2024-06-30
C00321,Customer 00321,Female,43,41-50,Chandigarh,Chandigarh,North,Corporate,2022-05-13
C00322,Customer 00322,Female,31,31-40,Bhubaneswar,Odisha,East,Corporate,2022-12-23
C00323,Customer 00323,Male,28,21-30,Ranchi,Jharkhand,East,Consumer,2022-10-12
C00324,Customer 00324,Female,22,21-30,Kochi,Kerala,South,Small Business,2025-02-08
C00325,Customer 00325,Female,56,51-60,Ranchi,Jharkhand,East,Consumer,2025-06-07
C00326,Customer 00326,Male,40,31-40,Chandigarh,Chandigarh,North,Small Business,2024-09-07
C00327,Customer 00327,Female,57,51-60,Pune,Maharashtra,West,Consumer,2022-09-14
C00328,Customer 00328,Male,49,41-50,Patna,Bihar,East,Small Business,2024-11-25
C00329,Customer 00329,Male,56,51-60,Ranchi,Jharkhand,East,Corporate,2025-04-18
C00330,Customer 00330,Male,48,41-50,Chennai,Tamil Nadu,South,Corporate,2022-04-24
C00331,Customer 00331,Male,40,31-40,Lucknow,Uttar Pradesh,North,Consumer,2022-11-28
C00332,Customer 00332,Male,43,41-50,Patna,Bihar,East,Corporate,2023-08-05
C00333,Customer 00333,Female,33,31-40,Chandigarh,Chandigarh,North,Corporate,2025-02-02
C00334,Customer 00334,Male,40,31-40,Kolkata,West Bengal,East,Corporate,2024-12-28
C00335,Customer 00335,Male,58,51-60,Chandigarh,Chandigarh,North,Corporate,2022-11-12
C00336,Customer 00336,Female,57,51-60,Chennai,Tamil Nadu,South,Consumer,2022-02-28
C00337,Customer 00337,Male,57,51-60,Chandigarh,Chandigarh,North,Small Business,2023-03-08
C00338,Customer 00338,Male,52,51-60,Pune,Maharashtra,West,Corporate,2025-01-22
C00339,Customer 00339,Female,51,51-60,Bhubaneswar,Odisha,East,Consumer,2024-04-11
C00340,Customer 00340,Female,25,21-30,Bhubaneswar,Odisha,East,Corporate,2022-05-03
C00341,Customer 00341,Female,47,41-50,Chennai,Tamil Nadu,South,Small Business,2024-08-09
C00342,Customer 00342,Female,59,51-60,Hyderabad,Telangana,South,Consumer,2023-10-03
C00343,Customer 00343,Female,46,41-50,Patna,Bihar,East,Consumer,2024-01-29
C00344,Customer 00344,Female,36,31-40,Lucknow,Uttar Pradesh,North,Small Business,2022-09-08
C00345,Customer 00345,Female,36,31-40,Kolkata,West Bengal,East,Consumer,2022-07-18
C00346,Customer 00346,Female,45,41-50,Jaipur,Rajasthan,North,Corporate,2024-05-06
C00347,Customer 00347,Male,41,41-50,Kochi,Kerala,South,Corporate,2023-10-03
C00348,Customer 00348,Male,52,51-60,Hyderabad,Telangana,South,Corporate,2024-08-14
C00349,Customer 00349,Female,52,51-60,Surat,Gujarat,West,Consumer,2022-07-04
C00350,Customer 00350,Female,36,31-40,Mumbai,Maharashtra,West,Consumer,2025-04-09
C00351,Customer 00351,Male,24,21-30,Ranchi,Jharkhand,East,Small Business,2024-10-10
C00352,Customer 00352,Female,55,51-60,Surat,Gujarat,West,Consumer,2022-08-09
C00353,Customer 00353,Male,37,31-40,Pune,Maharashtra,West,Corporate,2024-01-20
C00354,Customer 00354,Female,23,21-30,Mumbai,Maharashtra,West,Small Business,2022-04-15
C00355,Customer 00355,Female,56,51-60,Hyderabad,Telangana,South,Small Business,2022-05-31
C00356,Customer 00356,Female,56,51-60,Mumbai,Maharashtra,West,Small Business,2025-06-30
C00357,Customer 00357,Male,27,21-30,Lucknow,Uttar Pradesh,North,Small Business,2024-02-04
C00358,Customer 00358,Female,30,21-30,Patna,Bihar,East,Consumer,2025-05-18
C00359,Customer 00359,Male,23,21-30,Mumbai,Maharashtra,West,Consumer,2022-10-08
C00360,Customer 00360,Female,54,51-60,Patna,Bihar,East,Small Business,2022-11-02
C00361,Customer 00361,Female,60,51-60,Bengaluru,Karnataka,South,Small Business,2022-11-29
C00362,Customer 00362,Female,58,51-60,Mumbai,Maharashtra,West,Small Business,2024-11-04
C00363,Customer 00363,Female,51,51-60,Surat,Gujarat,West,Consumer,2024-01-25
C00364,Customer 00364,Male,47,41-50,Patna,Bihar,East,Corporate,2023-09-23
C00365,Customer 00365,Female,37,31-40,Delhi,Delhi,North,Corporate,2025-03-30
C00366,Customer 00366,Male,58,51-60,Kochi,Kerala,South,Small Business,2022-12-16
C00367,Customer 00367,Male,36,31-40,Mumbai,Maharashtra,West,Consumer,2025-03-18
C00368,Customer 00368,Male,22,21-30,Lucknow,Uttar Pradesh,North,Small Business,2023-10-05
C00369,Customer 00369,Male,47,41-50,Pune,Maharashtra,West,Corporate,2023-02-22
C00370,Customer 00370,Female,24,21-30,Pune,Maharashtra,West,Corporate,2022-10-10
C00371,Customer 00371,Female,51,51-60,Hyderabad,Telangana,South,Corporate,2024-02-11
C00372,Customer 00372,Male,50,41-50,Patna,Bihar,East,Corporate,2023-12-03
C00373,Customer 00373,Female,60,51-60,Ranchi,Jharkhand,East,Small Business,2023-01-29
C00374,Customer 00374,Female,56,51-60,Kochi,Kerala,South,Small Business,2023-04-06
C00375,Customer 00375,Female,34,31-40,Bhubaneswar,Odisha,East,Corporate,2024-09-28
C00376,Customer 00376,Female,43,41-50,Patna,Bihar,East,Corporate,2023-07-15
C00377,Customer 00377,Male,57,51-60,Bhubaneswar,Odisha,East,Corporate,2025-01-17
C00378,Customer 00378,Female,43,41-50,Mumbai,Maharashtra,West,Consumer,2023-08-18
C00379,Customer 00379,Female,26,21-30,Jaipur,Rajasthan,North,Small Business,2024-06-24
C00380,Customer 00380,Female,34,31-40,Kolkata,West Bengal,East,Consumer,2025-01-08
C00381,Customer 00381,Female,29,21-30,Kolkata,West Bengal,East,Consumer,2025-06-14
C00382,Customer 00382,Male,24,21-30,Kochi,Kerala,South,Corporate,2024-12-23
C00383,Customer 00383,Male,24,21-30,Kochi,Kerala,South,Consumer,2024-04-26
C00384,Customer 00384,Female,27,21-30,Patna,Bihar,East,Corporate,2022-10-09
C00385,Customer 00385,Male,47,41-50,Delhi,Delhi,North,Corporate,2024-09-01
C00386,Customer 00386,Male,39,31-40,Surat,Gujarat,West,Small Business,2023-08-08
C00387,Customer 00387,Male,57,51-60,Jaipur,Rajasthan,North,Consumer,2024-12-31
C00388,Customer 00388,Male,47,41-50,Jaipur,Rajasthan,North,Consumer,2022-03-16
C00389,Customer 00389,Female,32,31-40,Mumbai,Maharashtra,West,Corporate,2023-08-16
C00390,Customer 00390,Male,40,31-40,Jaipur,Rajasthan,North,Corporate,2025-05-19
C00391,Customer 00391,Female,39,31-40,Lucknow,Uttar Pradesh,North,Small Business,2025-01-17
C00392,Customer 00392,Male,53,51-60,Surat,Gujarat,West,Small Business,2023-07-13
C00393,Customer 00393,Male,42,41-50,Hyderabad,Telangana,South,Consumer,2024-07-28
C00394,Customer 00394,Male,21,21-30,Kolkata,West Bengal,East,Corporate,2023-11-22
C00395,Customer 00395,Male,32,31-40,Bhubaneswar,Odisha,East,Corporate,2024-04-10
C00396,Customer 00396,Female,26,21-30,Pune,Maharashtra,West,Small Business,2022-07-15
C00397,Customer 00397,Male,51,51-60,Chennai,Tamil Nadu,South,Small Business,2023-05-24
C00398,Customer 00398,Female,45,41-50,Delhi,Delhi,North,Consumer,2024-07-03
C00399,Customer 00399,Female,40,31-40,Kolkata,West Bengal,East,Corporate,2025-03-19
C00400,Customer 00400,Female,44,41-50,Delhi,Delhi,North,Corporate,2023-04-29
C00401,Customer 00401,Male,50,41-50,Jaipur,Rajasthan,North,Small Business,2022-11-24
C00402,Customer 00402,Female,28,21-30,Mumbai,Maharashtra,West,Corporate,2023-08-28
C00403,Customer 00403,Male,35,31-40,Ranchi,Jharkhand,East,Consumer,2024-09-06
C00404,Customer 00404,Female,59,51-60,Bengaluru,Karnataka,South,Small Business,2024-05-01
C00405,Customer 00405,Male,36,31-40,Surat,Gujarat,West,Corporate,2025-05-05
C00406,Customer 00406,Female,54,51-60,Chandigarh,Chandigarh,North,Corporate,2024-01-11
C00407,Customer 00407,Male,24,21-30,Chandigarh,Chandigarh,North,Corporate,2024-11-01
C00408,Customer 00408,Male,31,31-40,Hyderabad,Telangana,South,Small Business,2024-12-01
C00409,Customer 00409,Male,34,31-40,Ahmedabad,Gujarat,West,Corporate,2025-04-09
C00410,Customer 00410,Male,53,51-60,Surat,Gujarat,West,Small Business,2022-04-24
C00411,Customer 00411,Male,53,51-60,Ahmedabad,Gujarat,West,Small Business,2024-07-24
C00412,Customer 00412,Female,40,31-40,Jaipur,Rajasthan,North,Corporate,2022-02-14
C00413,Customer 00413,Female,21,21-30,Mumbai,Maharashtra,West,Corporate,2023-03-23
C00414,Customer 00414,Male,48,41-50,Chandigarh,Chandigarh,North,Small Business,2022-05-11
C00415,Customer 00415,Male,51,51-60,Jaipur,Rajasthan,North,Consumer,2023-08-11
C00416,Customer 00416,Male,29,21-30,Pune,Maharashtra,West,Corporate,2024-05-10
C00417,Customer 00417,Female,49,41-50,Ranchi,Jharkhand,East,Small Business,2024-02-09
C00418,Customer 00418,Male,43,41-50,Chandigarh,Chandigarh,North,Consumer,2023-01-01
C00419,Customer 00419,Male,35,31-40,Mumbai,Maharashtra,West,Consumer,2022-02-16
C00420,Customer 00420,Female,55,51-60,Bhubaneswar,Odisha,East,Small Business,2024-12-25
C00421,Customer 00421,Male,36,31-40,Mumbai,Maharashtra,West,Small Business,2023-12-10
C00422,Customer 00422,Female,33,31-40,Bengaluru,Karnataka,South,Corporate,2022-08-20
C00423,Customer 00423,Female,60,51-60,Jaipur,Rajasthan,North,Consumer,2023-05-08
C00424,Customer 00424,Male,27,21-30,Hyderabad,Telangana,South,Corporate,2022-03-10
C00425,Customer 00425,Male,36,31-40,Ahmedabad,Gujarat,West,Corporate,2022-04-01
C00426,Customer 00426,Female,35,31-40,Mumbai,Maharashtra,West,Corporate,2023-03-21
C00427,Customer 00427,Male,53,51-60,Jaipur,Rajasthan,North,Small Business,2023-04-25
C00428,Customer 00428,Female,36,31-40,Patna,Bihar,East,Small Business,2022-10-21
C00429,Customer 00429,Female,40,31-40,Kochi,Kerala,South,Small Business,2022-05-05
C00430,Customer 00430,Female,56,51-60,Chennai,Tamil Nadu,South,Small Business,2022-04-07
C00431,Customer 00431,Female,54,51-60,Ranchi,Jharkhand,East,Small Business,2024-05-02
C00432,Customer 00432,Male,40,31-40,Pune,Maharashtra,West,Small Business,2023-01-12
C00433,Customer 00433,Male,35,31-40,Surat,Gujarat,West,Small Business,2022-10-23
C00434,Customer 00434,Male,56,51-60,Ahmedabad,Gujarat,West,Small Business,2024-05-03
C00435,Customer 00435,Female,36,31-40,Bengaluru,Karnataka,South,Small Business,2023-02-21
C00436,Customer 00436,Male,49,41-50,Patna,Bihar,East,Small Business,2022-07-09
C00437,Customer 00437,Male,38,31-40,Hyderabad,Telangana,South,Small Business,2025-05-23
C00438,Customer 00438,Male,33,31-40,Jaipur,Rajasthan,North,Corporate,2025-02-18
C00439,Customer 00439,Female,34,31-40,Hyderabad,Telangana,South,Small Business,2023-09-13
C00440,Customer 00440,Male,33,31-40,Delhi,Delhi,North,Corporate,2022-08-29
C00441,Customer 00441,Male,59,51-60,Surat,Gujarat,West,Corporate,2023-02-23
C00442,Customer 00442,Male,56,51-60,Mumbai,Maharashtra,West,Small Business,2023-08-03
C00443,Customer 00443,Female,55,51-60,Mumbai,Maharashtra,West,Corporate,2024-01-06
C00444,Customer 00444,Female,44,41-50,Bhubaneswar,Odisha,East,Corporate,2024-10-15
C00445,Customer 00445,Male,51,51-60,Ahmedabad,Gujarat,West,Small Business,2023-02-21
C00446,Customer 00446,Female,47,41-50,Ranchi,Jharkhand,East,Consumer,2025-02-26
C00447,Customer 00447,Male,22,21-30,Kochi,Kerala,South,Small Business,2025-02-07
C00448,Customer 00448,Female,30,21-30,Pune,Maharashtra,West,Consumer,2023-11-07
C00449,Customer 00449,Female,57,51-60,Kochi,Kerala,South,Consumer,2024-10-19
C00450,Customer 00450,Female,52,51-60,Patna,Bihar,East,Corporate,2024-10-01
C00451,Customer 00451,Male,43,41-50,Ahmedabad,Gujarat,West,Consumer,2022-10-14
C00452,Customer 00452,Male,55,51-60,Surat,Gujarat,West,Corporate,2022-05-01
C00453,Customer 00453,Male,24,21-30,Jaipur,Rajasthan,North,Consumer,2024-04-24
C00454,Customer 00454,Male,25,21-30,Bengaluru,Karnataka,South,Corporate,2022-11-06
C00455,Customer 00455,Male,53,51-60,Delhi,Delhi,North,Small Business,2024-02-04
C00456,Customer 00456,Female,52,51-60,Jaipur,Rajasthan,North,Consumer,2022-01-14
C00457,Customer 00457,Male,22,21-30,Pune,Maharashtra,West,Corporate,2023-07-17
C00458,Customer 00458,Male,53,51-60,Bhubaneswar,Odisha,East,Corporate,2024-05-31
C00459,Customer 00459,Male,27,21-30,Chennai,Tamil Nadu,South,Corporate,2022-11-01
C00460,Customer 00460,Male,60,51-60,Kochi,Kerala,South,Corporate,2023-06-01
C00461,Customer 00461,Female,46,41-50,Ranchi,Jharkhand,East,Consumer,2024-02-04
C00462,Customer 00462,Female,57,51-60,Mumbai,Maharashtra,West,Consumer,2023-04-08
C00463,Customer 00463,Male,23,21-30,Bhubaneswar,Odisha,East,Consumer,2024-04-10
C00464,Customer 00464,Female,56,51-60,Mumbai,Maharashtra,West,Small Business,2022-04-25
C00465,Customer 00465,Male,26,21-30,Delhi,Delhi,North,Small Business,2024-06-07
C00466,Customer 00466,Male,54,51-60,Patna,Bihar,East,Consumer,2023-04-16
C00467,Customer 00467,Female,38,31-40,Hyderabad,Telangana,South,Consumer,2022-06-02
C00468,Customer 00468,Male,32,31-40,Kolkata,West Bengal,East,Small Business,2022-02-02
C00469,Customer 00469,Male,46,41-50,Hyderabad,Telangana,South,Consumer,2023-09-05
C00470,Customer 00470,Male,57,51-60,Chennai,Tamil Nadu,South,Small Business,2025-01-12
C00471,Customer 00471,Female,29,21-30,Patna,Bihar,East,Corporate,2022-06-10
C00472,Customer 00472,Male,27,21-30,Ranchi,Jharkhand,East,Small Business,2023-04-21
C00473,Customer 00473,Female,59,51-60,Chandigarh,Chandigarh,North,Corporate,2025-05-04
C00474,Customer 00474,Female,22,21-30,Mumbai,Maharashtra,West,Corporate,2023-07-14
C00475,Customer 00475,Female,35,31-40,Ahmedabad,Gujarat,West,Small Business,2025-02-06
C00476,Customer 00476,Female,32,31-40,Mumbai,Maharashtra,West,Corporate,2025-04-14
C00477,Customer 00477,Male,60,51-60,Mumbai,Maharashtra,West,Small Business,2023-05-20
C00478,Customer 00478,Male,38,31-40,Chandigarh,Chandigarh,North,Consumer,2024-02-18
C00479,Customer 00479,Female,41,41-50,Bengaluru,Karnataka,South,Small Business,2022-08-07
C00480,Customer 00480,Male,40,31-40,Chandigarh,Chandigarh,North,Small Business,2024-01-08
C00481,Customer 00481,Male,29,21-30,Kolkata,West Bengal,East,Consumer,2023-01-19
C00482,Customer 00482,Female,56,51-60,Pune,Maharashtra,West,Corporate,2024-11-15
C00483,Customer 00483,Male,22,21-30,Pune,Maharashtra,West,Consumer,2023-12-26
C00484,Customer 00484,Female,45,41-50,Chandigarh,Chandigarh,North,Consumer,2023-08-21
C00485,Customer 00485,Female,26,21-30,Pune,Maharashtra,West,Corporate,2025-02-19
C00486,Customer 00486,Male,45,41-50,Kochi,Kerala,South,Consumer,2022-10-12
C00487,Customer 00487,Female,38,31-40,Kolkata,West Bengal,East,Small Business,2022-10-26
C00488,Customer 00488,Male,48,41-50,Chandigarh,Chandigarh,North,Small Business,2024-05-12
C00489,Customer 00489,Female,25,21-30,Bhubaneswar,Odisha,East,Small Business,2023-05-31
C00490,Customer 00490,Female,59,51-60,Kochi,Kerala,South,Corporate,2023-02-05
C00491,Customer 00491,Male,29,21-30,Ahmedabad,Gujarat,West,Small Business,2022-01-14
C00492,Customer 00492,Female,60,51-60,Mumbai,Maharashtra,West,Small Business,2023-11-06
C00493,Customer 00493,Female,48,41-50,Ahmedabad,Gujarat,West,Corporate,2025-05-02
C00494,Customer 00494,Female,41,41-50,Bengaluru,Karnataka,South,Corporate,2023-02-16
C00495,Customer 00495,Female,32,31-40,Surat,Gujarat,West,Small Business,2023-10-16
C00496,Customer 00496,Female,57,51-60,Bhubaneswar,Odisha,East,Consumer,2023-10-30
C00497,Customer 00497,Female,46,41-50,Mumbai,Maharashtra,West,Small Business,2022-08-22
C00498,Customer 00498,Male,56,51-60,Hyderabad,Telangana,South,Consumer,2024-08-03
C00499,Customer 00499,Female,39,31-40,Hyderabad,Telangana,South,Corporate,2022-05-22
C00500,Customer 00500,Female,29,21-30,Pune,Maharashtra,West,Corporate,2023-09-13
C00501,Customer 00501,Female,30,21-30,Kochi,Kerala,South,Corporate,2024-05-16
C00502,Customer 00502,Male,49,41-50,Mumbai,Maharashtra,West,Corporate,2024-09-08
C00503,Customer 00503,Female,55,51-60,Mumbai,Maharashtra,West,Consumer,2024-01-07
C00504,Customer 00504,Male,36,31-40,Chandigarh,Chandigarh,North,Corporate,2023-12-29
C00505,Customer 00505,Male,57,51-60,Chennai,Tamil Nadu,South,Corporate,2024-03-29
C00506,Customer 00506,Female,27,21-30,Patna,Bihar,East,Consumer,2022-07-21
C00507,Customer 00507,Male,53,51-60,Kolkata,West Bengal,East,Corporate,2024-11-28
C00508,Customer 00508,Female,44,41-50,Kochi,Kerala,South,Small Business,2024-08-06
C00509,Customer 00509,Female,22,21-30,Bengaluru,Karnataka,South,Small Business,2022-08-03
C00510,Customer 00510,Female,26,21-30,Bhubaneswar,Odisha,East,Consumer,2022-10-18
C00511,Customer 00511,Female,42,41-50,Ranchi,Jharkhand,East,Small Business,2023-02-28
C00512,Customer 00512,Female,51,51-60,Surat,Gujarat,West,Consumer,2024-06-16
C00513,Customer 00513,Female,25,21-30,Ahmedabad,Gujarat,West,Small Business,2022-04-02
C00514,Customer 00514,Male,42,41-50,Lucknow,Uttar Pradesh,North,Corporate,2022-08-12
C00515,Customer 00515,Male,54,51-60,Chennai,Tamil Nadu,South,Consumer,2025-02-04
C00516,Customer 00516,Female,56,51-60,Chennai,Tamil Nadu,South,Small Business,2024-08-04
C00517,Customer 00517,Female,32,31-40,Kochi,Kerala,South,Consumer,2024-06-04
C00518,Customer 00518,Male,60,51-60,Mumbai,Maharashtra,West,Consumer,2024-07-09
C00519,Customer 00519,Female,21,21-30,Pune,Maharashtra,West,Corporate,2023-03-16
C00520,Customer 00520,Female,25,21-30,Hyderabad,Telangana,South,Corporate,2022-07-28
C00521,Customer 00521,Female,41,41-50,Chennai,Tamil Nadu,South,Consumer,2024-07-26
C00522,Customer 00522,Female,52,51-60,Lucknow,Uttar Pradesh,North,Corporate,2023-10-04
C00523,Customer 00523,Female,58,51-60,Mumbai,Maharashtra,West,Consumer,2023-12-14
C00524,Customer 00524,Female,60,51-60,Ranchi,Jharkhand,East,Consumer,2023-09-02
C00525,Customer 00525,Male,41,41-50,Chandigarh,Chandigarh,North,Consumer,2023-05-04
C00526,Customer 00526,Male,32,31-40,Bhubaneswar,Odisha,East,Small Business,2022-10-17
C00527,Customer 00527,Female,59,51-60,Mumbai,Maharashtra,West,Consumer,2025-03-23
C00528,Customer 00528,Female,32,31-40,Mumbai,Maharashtra,West,Small Business,2025-01-05
C00529,Customer 00529,Male,52,51-60,Chennai,Tamil Nadu,South,Small Business,2022-10-15
C00530,Customer 00530,Female,49,41-50,Chennai,Tamil Nadu,South,Corporate,2022-04-20
C00531,Customer 00531,Male,52,51-60,Ranchi,Jharkhand,East,Consumer,2023-02-04
C00532,Customer 00532,Female,47,41-50,Mumbai,Maharashtra,West,Corporate,2024-10-04
C00533,Customer 00533,Female,52,51-60,Pune,Maharashtra,West,Consumer,2022-06-19
C00534,Customer 00534,Male,39,31-40,Delhi,Delhi,North,Consumer,2023-07-17
C00535,Customer 00535,Female,31,31-40,Kochi,Kerala,South,Small Business,2025-03-04
C00536,Customer 00536,Male,57,51-60,Surat,Gujarat,West,Consumer,2023-07-03
C00537,Customer 00537,Male,49,41-50,Ranchi,Jharkhand,East,Corporate,2023-03-24
C00538,Customer 00538,Male,36,31-40,Pune,Maharashtra,West,Small Business,2022-03-08
C00539,Customer 00539,Female,43,41-50,Ahmedabad,Gujarat,West,Consumer,2024-06-18
C00540,Customer 00540,Male,34,31-40,Lucknow,Uttar Pradesh,North,Corporate,2025-04-19
C00541,Customer 00541,Female,31,31-40,Ranchi,Jharkhand,East,Corporate,2022-10-13
C00542,Customer 00542,Male,24,21-30,Hyderabad,Telangana,South,Corporate,2023-12-20
C00543,Customer 00543,Male,41,41-50,Kolkata,West Bengal,East,Corporate,2023-08-23
C00544,Customer 00544,Female,53,51-60,Bhubaneswar,Odisha,East,Corporate,2022-07-15
C00545,Customer 00545,Female,24,21-30,Bengaluru,Karnataka,South,Small Business,2022-09-17
C00546,Customer 00546,Male,30,21-30,Bengaluru,Karnataka,South,Corporate,2023-10-22
C00547,Customer 00547,Female,52,51-60,Kochi,Kerala,South,Consumer,2025-03-28
C00548,Customer 00548,Female,45,41-50,Kolkata,West Bengal,East,Small Business,2022-06-04
C00549,Customer 00549,Female,53,51-60,Chandigarh,Chandigarh,North,Corporate,2023-07-24
C00550,Customer 00550,Female,52,51-60,Ranchi,Jharkhand,East,Small Business,2025-04-06
C00551,Customer 00551,Male,50,41-50,Delhi,Delhi,North,Corporate,2024-01-04
C00552,Customer 00552,Female,34,31-40,Chandigarh,Chandigarh,North,Small Business,2023-03-10
C00553,Customer 00553,Female,41,41-50,Surat,Gujarat,West,Small Business,2023-11-23
C00554,Customer 00554,Female,42,41-50,Bengaluru,Karnataka,South,Corporate,2022-04-10
C00555,Customer 00555,Male,50,41-50,Jaipur,Rajasthan,North,Consumer,2022-09-12
C00556,Customer 00556,Female,50,41-50,Chennai,Tamil Nadu,South,Consumer,2024-05-26
C00557,Customer 00557,Male,40,31-40,Hyderabad,Telangana,South,Consumer,2023-07-16
C00558,Customer 00558,Female,37,31-40,Chandigarh,Chandigarh,North,Consumer,2024-02-01
C00559,Customer 00559,Male,46,41-50,Chennai,Tamil Nadu,South,Corporate,2023-09-18
C00560,Customer 00560,Female,26,21-30,Kochi,Kerala,South,Corporate,2022-07-14
C00561,Customer 00561,Male,51,51-60,Delhi,Delhi,North,Consumer,2022-09-29
C00562,Customer 00562,Female,21,21-30,Kochi,Kerala,South,Consumer,2023-12-05
C00563,Customer 00563,Female,29,21-30,Lucknow,Uttar Pradesh,North,Small Business,2022-05-26
C00564,Customer 00564,Female,26,21-30,Kochi,Kerala,South,Corporate,2022-07-29
C00565,Customer 00565,Female,44,41-50,Lucknow,Uttar Pradesh,North,Small Business,2022-10-08
C00566,Customer 00566,Male,30,21-30,Mumbai,Maharashtra,West,Consumer,2024-12-22
C00567,Customer 00567,Male,49,41-50,Delhi,Delhi,North,Small Business,2023-03-13
C00568,Customer 00568,Female,60,51-60,Bengaluru,Karnataka,South,Corporate,2024-06-25
C00569,Customer 00569,Male,27,21-30,Hyderabad,Telangana,South,Consumer,2022-09-10
C00570,Customer 00570,Female,48,41-50,Mumbai,Maharashtra,West,Small Business,2022-10-14
C00571,Customer 00571,Female,26,21-30,Kochi,Kerala,South,Consumer,2025-02-07
C00572,Customer 00572,Male,40,31-40,Bhubaneswar,Odisha,East,Consumer,2024-11-26
C00573,Customer 00573,Female,39,31-40,Hyderabad,Telangana,South,Corporate,2022-04-22
C00574,Customer 00574,Female,45,41-50,Kochi,Kerala,South,Consumer,2023-05-09
C00575,Customer 00575,Male,54,51-60,Surat,Gujarat,West,Consumer,2024-01-10
C00576,Customer 00576,Male,45,41-50,Patna,Bihar,East,Corporate,2024-05-11
C00577,Customer 00577,Male,51,51-60,Ranchi,Jharkhand,East,Consumer,2022-02-04
C00578,Customer 00578,Male,37,31-40,Chandigarh,Chandigarh,North,Consumer,2022-03-23
C00579,Customer 00579,Female,53,51-60,Jaipur,Rajasthan,North,Small Business,2025-07-11
C00580,Customer 00580,Female,46,41-50,Pune,Maharashtra,West,Consumer,2025-01-03
C00581,Customer 00581,Female,26,21-30,Bengaluru,Karnataka,South,Small Business,2022-06-11
C00582,Customer 00582,Male,55,51-60,Hyderabad,Telangana,South,Small Business,2024-03-11
C00583,Customer 00583,Female,48,41-50,Chandigarh,Chandigarh,North,Corporate,2023-05-04
C00584,Customer 00584,Male,26,21-30,Jaipur,Rajasthan,North,Small Business,2022-08-26
C00585,Customer 00585,Male,40,31-40,Ahmedabad,Gujarat,West,Corporate,2022-12-26
C00586,Customer 00586,Male,29,21-30,Lucknow,Uttar Pradesh,North,Corporate,2022-01-24
C00587,Customer 00587,Female,43,41-50,Chennai,Tamil Nadu,South,Corporate,2024-11-25
C00588,Customer 00588,Male,44,41-50,Kolkata,West Bengal,East,Consumer,2023-07-05
C00589,Customer 00589,Male,42,41-50,Lucknow,Uttar Pradesh,North,Small Business,2023-07-12
C00590,Customer 00590,Female,57,51-60,Chandigarh,Chandigarh,North,Corporate,2022-06-07
C00591,Customer 00591,Female,53,51-60,Surat,Gujarat,West,Small Business,2022-04-24
C00592,Customer 00592,Male,44,41-50,Surat,Gujarat,West,Consumer,2023-06-07
C00593,Customer 00593,Male,35,31-40,Lucknow,Uttar Pradesh,North,Corporate,2024-11-08
C00594,Customer 00594,Male,21,21-30,Delhi,Delhi,North,Consumer,2022-04-05
C00595,Customer 00595,Female,45,41-50,Surat,Gujarat,West,Consumer,2023-01-02
C00596,Customer 00596,Female,35,31-40,Jaipur,Rajasthan,North,Small Business,2023-05-24
C00597,Customer 00597,Female,38,31-40,Pune,Maharashtra,West,Consumer,2025-03-16
C00598,Customer 00598,Male,53,51-60,Ranchi,Jharkhand,East,Corporate,2022-04-18
C00599,Customer 00599,Male,54,51-60,Chennai,Tamil Nadu,South,Consumer,2024-04-01
C00600,Customer 00600,Female,39,31-40,Chandigarh,Chandigarh,North,Small Business,2023-11-02
C00601,Customer 00601,Female,21,21-30,Chandigarh,Chandigarh,North,Small Business,2023-02-15
C00602,Customer 00602,Female,60,51-60,Bhubaneswar,Odisha,East,Consumer,2024-08-08
C00603,Customer 00603,Female,33,31-40,Ranchi,Jharkhand,East,Corporate,2025-01-24
C00604,Customer 00604,Male,21,21-30,Kochi,Kerala,South,Small Business,2022-02-18
C00605,Customer 00605,Female,21,21-30,Kochi,Kerala,South,Small Business,2022-01-03
C00606,Customer 00606,Female,27,21-30,Mumbai,Maharashtra,West,Consumer,2024-12-21
C00607,Customer 00607,Female,52,51-60,Kochi,Kerala,South,Consumer,2022-10-19
C00608,Customer 00608,Male,23,21-30,Kolkata,West Bengal,East,Consumer,2024-11-30
C00609,Customer 00609,Female,50,41-50,Pune,Maharashtra,West,Corporate,2022-06-23
C00610,Customer 00610,Male,46,41-50,Lucknow,Uttar Pradesh,North,Consumer,2025-04-27
C00611,Customer 00611,Female,29,21-30,Jaipur,Rajasthan,North,Consumer,2023-08-21
C00612,Customer 00612,Female,46,41-50,Kolkata,West Bengal,East,Corporate,2023-10-31
C00613,Customer 00613,Female,38,31-40,Patna,Bihar,East,Consumer,2022-06-02
C00614,Customer 00614,Male,58,51-60,Hyderabad,Telangana,South,Consumer,2022-11-15
C00615,Customer 00615,Male,49,41-50,Lucknow,Uttar Pradesh,North,Small Business,2023-10-06
C00616,Customer 00616,Male,55,51-60,Pune,Maharashtra,West,Small Business,2023-03-02
C00617,Customer 00617,Female,50,41-50,Ahmedabad,Gujarat,West,Small Business,2022-09-03
C00618,Customer 00618,Male,40,31-40,Chandigarh,Chandigarh,North,Corporate,2025-05-20
C00619,Customer 00619,Male,41,41-50,Jaipur,Rajasthan,North,Consumer,2022-07-06
C00620,Customer 00620,Female,46,41-50,Kochi,Kerala,South,Corporate,2022-04-11
C00621,Customer 00621,Female,32,31-40,Bhubaneswar,Odisha,East,Consumer,2024-04-08
C00622,Customer 00622,Male,27,21-30,Ahmedabad,Gujarat,West,Small Business,2022-07-28
C00623,Customer 00623,Male,21,21-30,Bengaluru,Karnataka,South,Consumer,2023-04-01
C00624,Customer 00624,Male,46,41-50,Bengaluru,Karnataka,South,Small Business,2025-07-14
C00625,Customer 00625,Female,25,21-30,Chandigarh,Chandigarh,North,Consumer,2022-05-13
C00626,Customer 00626,Female,29,21-30,Hyderabad,Telangana,South,Consumer,2023-11-11
C00627,Customer 00627,Male,50,41-50,Lucknow,Uttar Pradesh,North,Consumer,2022-12-11
C00628,Customer 00628,Female,52,51-60,Pune,Maharashtra,West,Consumer,2024-02-23
C00629,Customer 00629,Male,43,41-50,Pune,Maharashtra,West,Consumer,2023-01-19
C00630,Customer 00630,Female,49,41-50,Kolkata,West Bengal,East,Consumer,2022-03-12
C00631,Customer 00631,Female,52,51-60,Kochi,Kerala,South,Small Business,2025-02-01
C00632,Customer 00632,Male,26,21-30,Surat,Gujarat,West,Small Business,2024-02-24
C00633,Customer 00633,Female,33,31-40,Bengaluru,Karnataka,South,Corporate,2024-12-12
C00634,Customer 00634,Male,45,41-50,Kochi,Kerala,South,Corporate,2024-01-06
C00635,Customer 00635,Female,43,41-50,Surat,Gujarat,West,Corporate,2024-10-25
C00636,Customer 00636,Female,38,31-40,Patna,Bihar,East,Consumer,2022-02-23
C00637,Customer 00637,Male,22,21-30,Patna,Bihar,East,Small Business,2022-04-30
C00638,Customer 00638,Female,58,51-60,Surat,Gujarat,West,Consumer,2022-11-23
C00639,Customer 00639,Male,36,31-40,Lucknow,Uttar Pradesh,North,Small Business,2024-12-28
C00640,Customer 00640,Male,57,51-60,Jaipur,Rajasthan,North,Small Business,2023-12-28
C00641,Customer 00641,Male,36,31-40,Chennai,Tamil Nadu,South,Corporate,2023-10-14
C00642,Customer 00642,Male,43,41-50,Ranchi,Jharkhand,East,Corporate,2025-02-28
C00643,Customer 00643,Male,52,51-60,Bengaluru,Karnataka,South,Corporate,2023-09-25
C00644,Customer 00644,Female,23,21-30,Chennai,Tamil Nadu,South,Consumer,2022-04-26
C00645,Customer 00645,Male,22,21-30,Kochi,Kerala,South,Corporate,2024-09-05
C00646,Customer 00646,Female,60,51-60,Delhi,Delhi,North,Consumer,2022-09-25
C00647,Customer 00647,Male,41,41-50,Patna,Bihar,East,Consumer,2022-02-14
C00648,Customer 00648,Male,28,21-30,Bengaluru,Karnataka,South,Corporate,2024-01-18
C00649,Customer 00649,Female,46,41-50,Chandigarh,Chandigarh,North,Corporate,2022-07-26
C00650,Customer 00650,Female,41,41-50,Patna,Bihar,East,Consumer,2022-11-19
C00651,Customer 00651,Female,41,41-50,Pune,Maharashtra,West,Consumer,2025-02-24
C00652,Customer 00652,Male,58,51-60,Ranchi,Jharkhand,East,Consumer,2024-02-14
C00653,Customer 00653,Female,29,21-30,Bhubaneswar,Odisha,East,Consumer,2022-01-04
C00654,Customer 00654,Male,32,31-40,Mumbai,Maharashtra,West,Corporate,2023-10-14
C00655,Customer 00655,Male,52,51-60,Kochi,Kerala,South,Consumer,2023-11-10
C00656,Customer 00656,Male,43,41-50,Chandigarh,Chandigarh,North,Small Business,2022-12-10
C00657,Customer 00657,Female,49,41-50,Chandigarh,Chandigarh,North,Consumer,2023-06-28
C00658,Customer 00658,Male,25,21-30,Hyderabad,Telangana,South,Small Business,2023-06-10
C00659,Customer 00659,Male,24,21-30,Lucknow,Uttar Pradesh,North,Small Business,2024-06-16
C00660,Customer 00660,Male,47,41-50,Pune,Maharashtra,West,Small Business,2024-02-15
C00661,Customer 00661,Female,27,21-30,Ranchi,Jharkhand,East,Small Business,2025-03-29
C00662,Customer 00662,Male,49,41-50,Kochi,Kerala,South,Consumer,2022-03-10
C00663,Customer 00663,Male,41,41-50,Bhubaneswar,Odisha,East,Small Business,2022-08-03
C00664,Customer 00664,Female,31,31-40,Chandigarh,Chandigarh,North,Small Business,2022-11-26
C00665,Customer 00665,Male,42,41-50,Chandigarh,Chandigarh,North,Corporate,2025-06-10
C00666,Customer 00666,Male,48,41-50,Surat,Gujarat,West,Corporate,2022-12-04
C00667,Customer 00667,Male,24,21-30,Pune,Maharashtra,West,Consumer,2023-11-10
C00668,Customer 00668,Male,47,41-50,Hyderabad,Telangana,South,Corporate,2025-02-08
C00669,Customer 00669,Female,40,31-40,Kolkata,West Bengal,East,Consumer,2022-07-16
C00670,Customer 00670,Female,57,51-60,Jaipur,Rajasthan,North,Corporate,2024-10-02
C00671,Customer 00671,Male,44,41-50,Bengaluru,Karnataka,South,Consumer,2024-05-25
C00672,Customer 00672,Female,59,51-60,Chandigarh,Chandigarh,North,Small Business,2023-02-13
C00673,Customer 00673,Male,34,31-40,Lucknow,Uttar Pradesh,North,Consumer,2023-08-21
C00674,Customer 00674,Female,28,21-30,Chandigarh,Chandigarh,North,Small Business,2024-03-25
C00675,Customer 00675,Female,37,31-40,Surat,Gujarat,West,Consumer,2025-01-19
C00676,Customer 00676,Male,44,41-50,Mumbai,Maharashtra,West,Small Business,2024-01-27
C00677,Customer 00677,Female,23,21-30,Chennai,Tamil Nadu,South,Small Business,2024-06-19
C00678,Customer 00678,Female,35,31-40,Ahmedabad,Gujarat,West,Small Business,2025-03-01
C00679,Customer 00679,Male,27,21-30,Jaipur,Rajasthan,North,Consumer,2023-12-06
C00680,Customer 00680,Male,56,51-60,Pune,Maharashtra,West,Consumer,2024-03-03
C00681,Customer 00681,Female,57,51-60,Pune,Maharashtra,West,Consumer,2024-09-02
C00682,Customer 00682,Male,46,41-50,Bhubaneswar,Odisha,East,Corporate,2022-03-13
C00683,Customer 00683,Male,49,41-50,Bengaluru,Karnataka,South,Consumer,2022-12-09
C00684,Customer 00684,Male,29,21-30,Hyderabad,Telangana,South,Consumer,2024-05-17
C00685,Customer 00685,Female,33,31-40,Chandigarh,Chandigarh,North,Corporate,2022-10-30
C00686,Customer 00686,Female,25,21-30,Kolkata,West Bengal,East,Consumer,2024-03-05
C00687,Customer 00687,Female,38,31-40,Mumbai,Maharashtra,West,Corporate,2024-07-27
C00688,Customer 00688,Female,28,21-30,Delhi,Delhi,North,Small Business,2022-11-03
C00689,Customer 00689,Male,27,21-30,Bengaluru,Karnataka,South,Corporate,2022-07-26
C00690,Customer 00690,Female,47,41-50,Bhubaneswar,Odisha,East,Small Business,2024-02-24
C00691,Customer 00691,Female,23,21-30,Surat,Gujarat,West,Consumer,2023-07-19
C00692,Customer 00692,Male,60,51-60,Mumbai,Maharashtra,West,Corporate,2024-04-02
C00693,Customer 00693,Female,42,41-50,Jaipur,Rajasthan,North,Corporate,2023-05-02
C00694,Customer 00694,Female,38,31-40,Jaipur,Rajasthan,North,Small Business,2022-02-11
C00695,Customer 00695,Female,40,31-40,Patna,Bihar,East,Small Business,2024-10-03
C00696,Customer 00696,Male,29,21-30,Lucknow,Uttar Pradesh,North,Small Business,2024-06-26
C00697,Customer 00697,Female,47,41-50,Patna,Bihar,East,Corporate,2022-07-02
C00698,Customer 00698,Female,34,31-40,Hyderabad,Telangana,South,Small Business,2024-09-19
C00699,Customer 00699,Male,53,51-60,Ranchi,Jharkhand,East,Consumer,2022-05-15
C00700,Customer 00700,Female,29,21-30,Bhubaneswar,Odisha,East,Corporate,2025-03-10
C00701,Customer 00701,Male,33,31-40,Delhi,Delhi,North,Consumer,2022-04-29
C00702,Customer 00702,Male,50,41-50,Kochi,Kerala,South,Consumer,2024-01-09
C00703,Customer 00703,Female,44,41-50,Hyderabad,Telangana,South,Small Business,2024-10-31
C00704,Customer 00704,Male,22,21-30,Mumbai,Maharashtra,West,Consumer,2024-02-02
C00705,Customer 00705,Female,32,31-40,Surat,Gujarat,West,Small Business,2025-04-16
C00706,Customer 00706,Female,31,31-40,Ranchi,Jharkhand,East,Small Business,2022-07-05
C00707,Customer 00707,Male,45,41-50,Bhubaneswar,Odisha,East,Consumer,2022-11-30
C00708,Customer 00708,Male,35,31-40,Hyderabad,Telangana,South,Corporate,2023-02-28
C00709,Customer 00709,Female,53,51-60,Kolkata,West Bengal,East,Consumer,2022-01-19
C00710,Customer 00710,Male,32,31-40,Surat,Gujarat,West,Corporate,2022-01-18
C00711,Customer 00711,Female,59,51-60,Kochi,Kerala,South,Small Business,2023-07-18
C00712,Customer 00712,Female,43,41-50,Pune,Maharashtra,West,Small Business,2023-06-01
C00713,Customer 00713,Female,40,31-40,Hyderabad,Telangana,South,Corporate,2024-12-02
C00714,Customer 00714,Male,21,21-30,Mumbai,Maharashtra,West,Corporate,2024-02-06
C00715,Customer 00715,Female,27,21-30,Bhubaneswar,Odisha,East,Small Business,2022-05-11
C00716,Customer 00716,Female,41,41-50,Patna,Bihar,East,Small Business,2023-06-19
C00717,Customer 00717,Male,30,21-30,Bhubaneswar,Odisha,East,Corporate,2023-05-08
C00718,Customer 00718,Female,41,41-50,Jaipur,Rajasthan,North,Corporate,2022-10-14
C00719,Customer 00719,Female,39,31-40,Delhi,Delhi,North,Small Business,2024-05-07
C00720,Customer 00720,Female,23,21-30,Mumbai,Maharashtra,West,Corporate,2025-03-17
C00721,Customer 00721,Female,35,31-40,Hyderabad,Telangana,South,Corporate,2024-12-30
C00722,Customer 00722,Female,53,51-60,Surat,Gujarat,West,Small Business,2022-12-15
C00723,Customer 00723,Female,27,21-30,Chennai,Tamil Nadu,South,Small Business,2022-09-20
C00724,Customer 00724,Male,42,41-50,Kolkata,West Bengal,East,Corporate,2022-07-02
C00725,Customer 00725,Female,35,31-40,Kochi,Kerala,South,Corporate,2023-09-21
C00726,Customer 00726,Female,44,41-50,Pune,Maharashtra,West,Small Business,2025-04-14
C00727,Customer 00727,Female,28,21-30,Bhubaneswar,Odisha,East,Small Business,2022-04-20
C00728,Customer 00728,Female,33,31-40,Chandigarh,Chandigarh,North,Corporate,2022-09-03
C00729,Customer 00729,Female,47,41-50,Mumbai,Maharashtra,West,Consumer,2022-11-05
C00730,Customer 00730,Male,42,41-50,Bengaluru,Karnataka,South,Small Business,2025-03-12
C00731,Customer 00731,Male,41,41-50,Ahmedabad,Gujarat,West,Corporate,2023-01-05
C00732,Customer 00732,Female,42,41-50,Chandigarh,Chandigarh,North,Corporate,2022-12-29
C00733,Customer 00733,Male,21,21-30,Patna,Bihar,East,Small Business,2023-07-15
C00734,Customer 00734,Male,57,51-60,Hyderabad,Telangana,South,Consumer,2024-09-29
C00735,Customer 00735,Male,60,51-60,Chandigarh,Chandigarh,North,Small Business,2025-07-21
C00736,Customer 00736,Female,48,41-50,Pune,Maharashtra,West,Small Business,2024-02-25
C00737,Customer 00737,Male,55,51-60,Delhi,Delhi,North,Consumer,2024-02-04
C00738,Customer 00738,Female,54,51-60,Delhi,Delhi,North,Consumer,2022-02-06
C00739,Customer 00739,Male,35,31-40,Delhi,Delhi,North,Corporate,2023-12-07
C00740,Customer 00740,Male,27,21-30,Bhubaneswar,Odisha,East,Small Business,2024-10-27
C00741,Customer 00741,Male,25,21-30,Bhubaneswar,Odisha,East,Consumer,2023-09-03
C00742,Customer 00742,Female,54,51-60,Bhubaneswar,Odisha,East,Corporate,2024-12-09
C00743,Customer 00743,Female,29,21-30,Patna,Bihar,East,Small Business,2024-09-30
C00744,Customer 00744,Male,31,31-40,Ranchi,Jharkhand,East,Small Business,2022-02-09
C00745,Customer 00745,Male,29,21-30,Kochi,Kerala,South,Consumer,2022-02-14
C00746,Customer 00746,Male,44,41-50,Chennai,Tamil Nadu,South,Corporate,2022-03-18
C00747,Customer 00747,Female,55,51-60,Mumbai,Maharashtra,West,Corporate,2022-04-10
C00748,Customer 00748,Male,22,21-30,Jaipur,Rajasthan,North,Consumer,2022-08-26
C00749,Customer 00749,Female,45,41-50,Pune,Maharashtra,West,Consumer,2025-01-25
C00750,Customer 00750,Female,30,21-30,Kolkata,West Bengal,East,Consumer,2025-07-14
C00751,Customer 00751,Female,47,41-50,Delhi,Delhi,North,Corporate,2022-07-26
C00752,Customer 00752,Male,47,41-50,Kolkata,West Bengal,East,Consumer,2024-11-13
C00753,Customer 00753,Female,28,21-30,Lucknow,Uttar Pradesh,North,Consumer,2024-10-16
C00754,Customer 00754,Male,37,31-40,Hyderabad,Telangana,South,Corporate,2023-02-18
C00755,Customer 00755,Female,39,31-40,Ranchi,Jharkhand,East,Consumer,2022-03-22
C00756,Customer 00756,Male,51,51-60,Surat,Gujarat,West,Small Business,2023-04-26
C00757,Customer 00757,Male,26,21-30,Delhi,Delhi,North,Consumer,2025-03-21
C00758,Customer 00758,Male,26,21-30,Surat,Gujarat,West,Corporate,2022-06-03
C00759,Customer 00759,Female,35,31-40,Lucknow,Uttar Pradesh,North,Small Business,2023-08-30
C00760,Customer 00760,Female,24,21-30,Kolkata,West Bengal,East,Consumer,2022-12-24
C00761,Customer 00761,Female,44,41-50,Jaipur,Rajasthan,North,Corporate,2023-10-03
C00762,Customer 00762,Male,27,21-30,Pune,Maharashtra,West,Consumer,2022-01-20
C00763,Customer 00763,Male,42,41-50,Bengaluru,Karnataka,South,Small Business,2024-06-15
C00764,Customer 00764,Male,44,41-50,Kolkata,West Bengal,East,Small Business,2023-01-10
C00765,Customer 00765,Female,46,41-50,Lucknow,Uttar Pradesh,North,Small Business,2023-07-11
C00766,Customer 00766,Female,47,41-50,Mumbai,Maharashtra,West,Corporate,2022-12-08
C00767,Customer 00767,Male,24,21-30,Lucknow,Uttar Pradesh,North,Consumer,2022-08-01
C00768,Customer 00768,Female,57,51-60,Pune,Maharashtra,West,Corporate,2024-06-16
C00769,Customer 00769,Female,43,41-50,Chennai,Tamil Nadu,South,Corporate,2022-03-01
C00770,Customer 00770,Female,52,51-60,Bengaluru,Karnataka,South,Consumer,2024-04-22
C00771,Customer 00771,Male,25,21-30,Ahmedabad,Gujarat,West,Small Business,2023-10-06
C00772,Customer 00772,Male,42,41-50,Delhi,Delhi,North,Corporate,2024-12-07
C00773,Customer 00773,Female,36,31-40,Lucknow,Uttar Pradesh,North,Small Business,2023-12-10
C00774,Customer 00774,Male,56,51-60,Mumbai,Maharashtra,West,Corporate,2022-04-22
C00775,Customer 00775,Male,53,51-60,Delhi,Delhi,North,Small Business,2024-10-12
C00776,Customer 00776,Male,52,51-60,Chennai,Tamil Nadu,South,Small Business,2023-05-09
C00777,Customer 00777,Female,24,21-30,Patna,Bihar,East,Corporate,2023-04-02
C00778,Customer 00778,Female,36,31-40,Mumbai,Maharashtra,West,Consumer,2024-07-29
C00779,Customer 00779,Female,26,21-30,Ahmedabad,Gujarat,West,Small Business,2024-07-04
C00780,Customer 00780,Male,52,51-60,Patna,Bihar,East,Corporate,2022-02-06
C00781,Customer 00781,Female,47,41-50,Lucknow,Uttar Pradesh,North,Consumer,2025-02-15
C00782,Customer 00782,Male,59,51-60,Delhi,Delhi,North,Corporate,2023-09-16
C00783,Customer 00783,Female,42,41-50,Hyderabad,Telangana,South,Small Business,2022-04-22
C00784,Customer 00784,Female,42,41-50,Kochi,Kerala,South,Corporate,2025-06-23
C00785,Customer 00785,Female,49,41-50,Surat,Gujarat,West,Consumer,2022-07-19
C00786,Customer 00786,Male,42,41-50,Kochi,Kerala,South,Small Business,2025-07-21
C00787,Customer 00787,Female,27,21-30,Bhubaneswar,Odisha,East,Consumer,2022-12-03
C00788,Customer 00788,Male,47,41-50,Surat,Gujarat,West,Consumer,2023-06-05
C00789,Customer 00789,Male,28,21-30,Hyderabad,Telangana,South,Small Business,2023-03-18
C00790,Customer 00790,Male,42,41-50,Ahmedabad,Gujarat,West,Consumer,2024-04-28
C00791,Customer 00791,Male,49,41-50,Jaipur,Rajasthan,North,Small Business,2025-04-21
C00792,Customer 00792,Female,21,21-30,Bengaluru,Karnataka,South,Corporate,2022-04-10
C00793,Customer 00793,Female,53,51-60,Pune,Maharashtra,West,Consumer,2025-03-30
C00794,Customer 00794,Male,27,21-30,Chennai,Tamil Nadu,South,Small Business,2025-05-14
C00795,Customer 00795,Female,47,41-50,Patna,Bihar,East,Corporate,2023-05-24
C00796,Customer 00796,Female,42,41-50,Kolkata,West Bengal,East,Small Business,2024-07-16
C00797,Customer 00797,Male,47,41-50,Bengaluru,Karnataka,South,Corporate,2024-11-15
C00798,Customer 00798,Female,56,51-60,Bhubaneswar,Odisha,East,Corporate,2023-03-22
C00799,Customer 00799,Male,60,51-60,Hyderabad,Telangana,South,Corporate,2023-08-19
C00800,Customer 00800,Male,32,31-40,Ranchi,Jharkhand,East,Corporate,2025-01-16
C00801,Customer 00801,Male,43,41-50,Patna,Bihar,East,Corporate,2024-09-10
C00802,Customer 00802,Female,48,41-50,Pune,Maharashtra,West,Consumer,2024-12-06
C00803,Customer 00803,Male,45,41-50,Lucknow,Uttar Pradesh,North,Consumer,2022-04-19
C00804,Customer 00804,Male,38,31-40,Jaipur,Rajasthan,North,Consumer,2023-08-10
C00805,Customer 00805,Male,24,21-30,Kolkata,West Bengal,East,Corporate,2023-08-28
C00806,Customer 00806,Male,43,41-50,Hyderabad,Telangana,South,Small Business,2022-07-29
C00807,Customer 00807,Female,36,31-40,Kochi,Kerala,South,Corporate,2023-08-13
C00808,Customer 00808,Female,45,41-50,Jaipur,Rajasthan,North,Small Business,2023-10-03
C00809,Customer 00809,Male,37,31-40,Jaipur,Rajasthan,North,Consumer,2025-06-24
C00810,Customer 00810,Male,44,41-50,Ahmedabad,Gujarat,West,Corporate,2025-01-24
C00811,Customer 00811,Male,39,31-40,Hyderabad,Telangana,South,Small Business,2022-12-30
C00812,Customer 00812,Male,32,31-40,Chandigarh,Chandigarh,North,Corporate,2024-11-18
C00813,Customer 00813,Female,23,21-30,Lucknow,Uttar Pradesh,North,Small Business,2023-07-26
C00814,Customer 00814,Male,31,31-40,Kolkata,West Bengal,East,Corporate,2023-06-07
C00815,Customer 00815,Female,50,41-50,Delhi,Delhi,North,Corporate,2022-11-14
C00816,Customer 00816,Male,41,41-50,Jaipur,Rajasthan,North,Corporate,2022-04-15
C00817,Customer 00817,Female,57,51-60,Bhubaneswar,Odisha,East,Corporate,2024-01-04
C00818,Customer 00818,Female,54,51-60,Chandigarh,Chandigarh,North,Consumer,2023-01-12
C00819,Customer 00819,Male,47,41-50,Chandigarh,Chandigarh,North,Corporate,2025-01-04
C00820,Customer 00820,Male,43,41-50,Mumbai,Maharashtra,West,Consumer,2023-03-13
C00821,Customer 00821,Female,44,41-50,Patna,Bihar,East,Small Business,2023-03-24
C00822,Customer 00822,Male,28,21-30,Surat,Gujarat,West,Corporate,2023-12-10
C00823,Customer 00823,Male,60,51-60,Ahmedabad,Gujarat,West,Corporate,2023-05-15
C00824,Customer 00824,Female,45,41-50,Jaipur,Rajasthan,North,Consumer,2024-03-01
C00825,Customer 00825,Female,22,21-30,Kolkata,West Bengal,East,Corporate,2024-02-07
C00826,Customer 00826,Female,23,21-30,Ahmedabad,Gujarat,West,Small Business,2023-01-30
C00827,Customer 00827,Male,27,21-30,Patna,Bihar,East,Consumer,2025-01-06
C00828,Customer 00828,Male,34,31-40,Delhi,Delhi,North,Corporate,2025-07-13
C00829,Customer 00829,Female,27,21-30,Hyderabad,Telangana,South,Consumer,2025-01-06
C00830,Customer 00830,Male,30,21-30,Pune,Maharashtra,West,Consumer,2024-07-29
C00831,Customer 00831,Male,26,21-30,Patna,Bihar,East,Consumer,2022-04-22
C00832,Customer 00832,Female,56,51-60,Chennai,Tamil Nadu,South,Consumer,2025-03-23
C00833,Customer 00833,Female,47,41-50,Kochi,Kerala,South,Small Business,2024-07-12
C00834,Customer 00834,Female,41,41-50,Mumbai,Maharashtra,West,Consumer,2024-03-08
C00835,Customer 00835,Male,60,51-60,Lucknow,Uttar Pradesh,North,Consumer,2025-04-14
C00836,Customer 00836,Male,43,41-50,Jaipur,Rajasthan,North,Corporate,2022-08-06
C00837,Customer 00837,Female,59,51-60,Bhubaneswar,Odisha,East,Consumer,2023-07-31
C00838,Customer 00838,Female,46,41-50,Ahmedabad,Gujarat,West,Corporate,2022-03-05
C00839,Customer 00839,Male,55,51-60,Surat,Gujarat,West,Consumer,2022-10-07
C00840,Customer 00840,Female,30,21-30,Mumbai,Maharashtra,West,Small Business,2024-02-04
C00841,Customer 00841,Male,28,21-30,Delhi,Delhi,North,Consumer,2022-01-11
C00842,Customer 00842,Male,40,31-40,Mumbai,Maharashtra,West,Consumer,2023-12-06
C00843,Customer 00843,Female,53,51-60,Hyderabad,Telangana,South,Consumer,2022-11-26
C00844,Customer 00844,Male,60,51-60,Chennai,Tamil Nadu,South,Small Business,2023-02-02
C00845,Customer 00845,Male,57,51-60,Lucknow,Uttar Pradesh,North,Consumer,2025-01-29
C00846,Customer 00846,Male,39,31-40,Ahmedabad,Gujarat,West,Corporate,2022-05-18
C00847,Customer 00847,Male,33,31-40,Kolkata,West Bengal,East,Corporate,2025-04-04
C00848,Customer 00848,Female,43,41-50,Surat,Gujarat,West,Consumer,2023-04-26
C00849,Customer 00849,Female,60,51-60,Lucknow,Uttar Pradesh,North,Consumer,2023-02-01
C00850,Customer 00850,Female,49,41-50,Patna,Bihar,East,Small Business,2025-06-16
C00851,Customer 00851,Male,57,51-60,Bhubaneswar,Odisha,East,Corporate,2024-01-17
C00852,Customer 00852,Female,31,31-40,Patna,Bihar,East,Consumer,2023-10-04
C00853,Customer 00853,Male,48,41-50,Kochi,Kerala,South,Small Business,2024-01-07
C00854,Customer 00854,Female,51,51-60,Bengaluru,Karnataka,South,Small Business,2024-07-01
C00855,Customer 00855,Female,52,51-60,Ranchi,Jharkhand,East,Corporate,2022-08-11
C00856,Customer 00856,Male,38,31-40,Chennai,Tamil Nadu,South,Consumer,2025-01-08
C00857,Customer 00857,Female,25,21-30,Hyderabad,Telangana,South,Corporate,2022-06-04
C00858,Customer 00858,Male,58,51-60,Delhi,Delhi,North,Corporate,2024-04-09
C00859,Customer 00859,Male,56,51-60,Hyderabad,Telangana,South,Small Business,2025-01-18
C00860,Customer 00860,Male,44,41-50,Surat,Gujarat,West,Small Business,2023-04-03
C00861,Customer 00861,Male,50,41-50,Bhubaneswar,Odisha,East,Corporate,2024-11-11
C00862,Customer 00862,Female,44,41-50,Chandigarh,Chandigarh,North,Corporate,2022-01-22
C00863,Customer 00863,Male,53,51-60,Kochi,Kerala,South,Consumer,2024-07-02
C00864,Customer 00864,Male,57,51-60,Chennai,Tamil Nadu,South,Corporate,2022-10-27
C00865,Customer 00865,Female,23,21-30,Surat,Gujarat,West,Consumer,2024-09-25
C00866,Customer 00866,Male,37,31-40,Kochi,Kerala,South,Small Business,2023-04-25
C00867,Customer 00867,Male,54,51-60,Jaipur,Rajasthan,North,Small Business,2024-03-05
C00868,Customer 00868,Female,23,21-30,Surat,Gujarat,West,Consumer,2023-10-26
C00869,Customer 00869,Female,37,31-40,Lucknow,Uttar Pradesh,North,Corporate,2025-01-19
C00870,Customer 00870,Female,45,41-50,Chennai,Tamil Nadu,South,Small Business,2025-04-18
C00871,Customer 00871,Female,45,41-50,Chandigarh,Chandigarh,North,Consumer,2024-11-23
C00872,Customer 00872,Female,43,41-50,Mumbai,Maharashtra,West,Small Business,2024-09-14
C00873,Customer 00873,Male,49,41-50,Delhi,Delhi,North,Consumer,2023-04-17
C00874,Customer 00874,Female,34,31-40,Chandigarh,Chandigarh,North,Consumer,2023-01-18
C00875,Customer 00875,Female,59,51-60,Chennai,Tamil Nadu,South,Corporate,2022-08-31
C00876,Customer 00876,Female,42,41-50,Kochi,Kerala,South,Corporate,2022-08-21
C00877,Customer 00877,Female,51,51-60,Surat,Gujarat,West,Consumer,2025-04-24
C00878,Customer 00878,Female,22,21-30,Chennai,Tamil Nadu,South,Consumer,2022-03-30
C00879,Customer 00879,Male,29,21-30,Bengaluru,Karnataka,South,Corporate,2024-11-15
C00880,Customer 00880,Male,24,21-30,Jaipur,Rajasthan,North,Consumer,2023-06-13
C00881,Customer 00881,Female,59,51-60,Chennai,Tamil Nadu,South,Corporate,2022-02-08
C00882,Customer 00882,Male,34,31-40,Bhubaneswar,Odisha,East,Small Business,2025-05-27
C00883,Customer 00883,Female,31,31-40,Surat,Gujarat,West,Consumer,2024-04-21
C00884,Customer 00884,Male,60,51-60,Bengaluru,Karnataka,South,Corporate,2024-11-12
C00885,Customer 00885,Male,42,41-50,Kolkata,West Bengal,East,Small Business,2025-05-06
C00886,Customer 00886,Male,45,41-50,Chandigarh,Chandigarh,North,Small Business,2022-09-28
C00887,Customer 00887,Male,33,31-40,Lucknow,Uttar Pradesh,North,Corporate,2024-10-29
C00888,Customer 00888,Male,59,51-60,Pune,Maharashtra,West,Consumer,2022-12-30
C00889,Customer 00889,Male,55,51-60,Surat,Gujarat,West,Corporate,2022-08-29
C00890,Customer 00890,Female,29,21-30,Chandigarh,Chandigarh,North,Corporate,2025-01-09
C00891,Customer 00891,Female,54,51-60,Delhi,Delhi,North,Small Business,2024-01-29
C00892,Customer 00892,Female,35,31-40,Jaipur,Rajasthan,North,Small Business,2024-02-20
C00893,Customer 00893,Male,48,41-50,Ranchi,Jharkhand,East,Consumer,2023-06-06
C00894,Customer 00894,Male,26,21-30,Surat,Gujarat,West,Small Business,2025-05-10
C00895,Customer 00895,Female,33,31-40,Pune,Maharashtra,West,Consumer,2022-01-15
C00896,Customer 00896,Male,45,41-50,Lucknow,Uttar Pradesh,North,Corporate,2023-02-25
C00897,Customer 00897,Female,44,41-50,Patna,Bihar,East,Consumer,2022-11-13
C00898,Customer 00898,Female,37,31-40,Pune,Maharashtra,West,Corporate,2024-05-17
C00899,Customer 00899,Female,46,41-50,Ranchi,Jharkhand,East,Consumer,2024-04-26
C00900,Customer 00900,Male,44,41-50,Surat,Gujarat,West,Corporate,2025-02-10
C00901,Customer 00901,Female,40,31-40,Surat,Gujarat,West,Corporate,2023-12-07
C00902,Customer 00902,Male,28,21-30,Mumbai,Maharashtra,West,Corporate,2023-04-16
C00903,Customer 00903,Male,27,21-30,Ahmedabad,Gujarat,West,Consumer,2024-11-07
C00904,Customer 00904,Female,56,51-60,Mumbai,Maharashtra,West,Corporate,2022-04-17
C00905,Customer 00905,Female,21,21-30,Chennai,Tamil Nadu,South,Consumer,2022-10-25
C00906,Customer 00906,Female,26,21-30,Surat,Gujarat,West,Consumer,2023-06-23
C00907,Customer 00907,Female,26,21-30,Kochi,Kerala,South,Corporate,2022-03-19
C00908,Customer 00908,Female,60,51-60,Mumbai,Maharashtra,West,Corporate,2024-12-03
C00909,Customer 00909,Male,32,31-40,Bhubaneswar,Odisha,East,Corporate,2024-10-09
C00910,Customer 00910,Male,33,31-40,Ahmedabad,Gujarat,West,Corporate,2024-11-27
C00911,Customer 00911,Male,23,21-30,Bhubaneswar,Odisha,East,Corporate,2024-11-11
C00912,Customer 00912,Male,23,21-30,Kochi,Kerala,South,Small Business,2023-05-05
C00913,Customer 00913,Male,26,21-30,Delhi,Delhi,North,Small Business,2024-03-29
C00914,Customer 00914,Female,46,41-50,Ranchi,Jharkhand,East,Corporate,2023-02-15
C00915,Customer 00915,Male,26,21-30,Delhi,Delhi,North,Corporate,2023-08-06
C00916,Customer 00916,Female,38,31-40,Ranchi,Jharkhand,East,Consumer,2025-05-26
C00917,Customer 00917,Female,46,41-50,Hyderabad,Telangana,South,Corporate,2022-01-10
C00918,Customer 00918,Male,47,41-50,Kolkata,West Bengal,East,Corporate,2022-08-07
C00919,Customer 00919,Female,42,41-50,Chandigarh,Chandigarh,North,Consumer,2024-11-17
C00920,Customer 00920,Female,49,41-50,Kolkata,West Bengal,East,Small Business,2025-02-27
C00921,Customer 00921,Male,42,41-50,Surat,Gujarat,West,Small Business,2024-08-01
C00922,Customer 00922,Female,28,21-30,Delhi,Delhi,North,Small Business,2022-05-19
C00923,Customer 00923,Male,35,31-40,Mumbai,Maharashtra,West,Small Business,2024-04-24
C00924,Customer 00924,Male,37,31-40,Ranchi,Jharkhand,East,Consumer,2023-08-12
C00925,Customer 00925,Female,42,41-50,Chandigarh,Chandigarh,North,Consumer,2025-02-09
C00926,Customer 00926,Female,41,41-50,Chennai,Tamil Nadu,South,Small Business,2023-03-24
C00927,Customer 00927,Male,33,31-40,Kolkata,West Bengal,East,Small Business,2023-02-13
C00928,Customer 00928,Male,37,31-40,Kochi,Kerala,South,Consumer,2023-04-15
C00929,Customer 00929,Male,60,51-60,Hyderabad,Telangana,South,Small Business,2022-11-16
C00930,Customer 00930,Male,26,21-30,Lucknow,Uttar Pradesh,North,Corporate,2024-10-05
C00931,Customer 00931,Male,51,51-60,Delhi,Delhi,North,Small Business,2025-06-25
C00932,Customer 00932,Female,57,51-60,Patna,Bihar,East,Small Business,2024-10-02
C00933,Customer 00933,Female,46,41-50,Chennai,Tamil Nadu,South,Consumer,2025-03-27
C00934,Customer 00934,Male,54,51-60,Bengaluru,Karnataka,South,Small Business,2024-09-06
C00935,Customer 00935,Female,46,41-50,Jaipur,Rajasthan,North,Corporate,2022-12-24
C00936,Customer 00936,Male,54,51-60,Ahmedabad,Gujarat,West,Small Business,2023-10-09
C00937,Customer 00937,Male,34,31-40,Delhi,Delhi,North,Small Business,2025-04-04
C00938,Customer 00938,Female,44,41-50,Lucknow,Uttar Pradesh,North,Corporate,2023-06-16
C00939,Customer 00939,Female,36,31-40,Chennai,Tamil Nadu,South,Small Business,2024-08-23
C00940,Customer 00940,Female,32,31-40,Patna,Bihar,East,Small Business,2024-05-18
C00941,Customer 00941,Female,44,41-50,Hyderabad,Telangana,South,Small Business,2024-03-31
C00942,Customer 00942,Female,32,31-40,Kolkata,West Bengal,East,Corporate,2022-09-26
C00943,Customer 00943,Male,38,31-40,Kochi,Kerala,South,Consumer,2025-02-11
C00944,Customer 00944,Female,33,31-40,Pune,Maharashtra,West,Consumer,2022-11-03
C00945,Customer 00945,Male,32,31-40,Surat,Gujarat,West,Small Business,2024-10-20
C00946,Customer 00946,Female,52,51-60,Bengaluru,Karnataka,South,Small Business,2023-05-29
C00947,Customer 00947,Female,27,21-30,Jaipur,Rajasthan,North,Corporate,2022-12-01
C00948,Customer 00948,Male,37,31-40,Jaipur,Rajasthan,North,Small Business,2025-07-13
C00949,Customer 00949,Female,42,41-50,Lucknow,Uttar Pradesh,North,Small Business,2024-01-10
C00950,Customer 00950,Female,43,41-50,Ranchi,Jharkhand,East,Consumer,2024-04-23
C00951,Customer 00951,Female,59,51-60,Lucknow,Uttar Pradesh,North,Consumer,2025-03-27
C00952,Customer 00952,Female,43,41-50,Chennai,Tamil Nadu,South,Small Business,2024-11-11
C00953,Customer 00953,Female,26,21-30,Surat,Gujarat,West,Small Business,2025-06-10
C00954,Customer 00954,Female,30,21-30,Bhubaneswar,Odisha,East,Consumer,2023-11-22
C00955,Customer 00955,Female,25,21-30,Pune,Maharashtra,West,Consumer,2022-11-28
C00956,Customer 00956,Male,41,41-50,Patna,Bihar,East,Small Business,2023-08-20
C00957,Customer 00957,Female,38,31-40,Kolkata,West Bengal,East,Small Business,2024-01-14
C00958,Customer 00958,Female,31,31-40,Ahmedabad,Gujarat,West,Consumer,2022-02-17
C00959,Customer 00959,Male,37,31-40,Bengaluru,Karnataka,South,Corporate,2022-06-13
C00960,Customer 00960,Male,46,41-50,Hyderabad,Telangana,South,Consumer,2022-07-15
C00961,Customer 00961,Female,56,51-60,Chandigarh,Chandigarh,North,Consumer,2022-02-23
C00962,Customer 00962,Male,27,21-30,Mumbai,Maharashtra,West,Small Business,2025-06-19
C00963,Customer 00963,Male,45,41-50,Bengaluru,Karnataka,South,Small Business,2023-04-15
C00964,Customer 00964,Female,49,41-50,Kochi,Kerala,South,Corporate,2022-09-16
C00965,Customer 00965,Male,22,21-30,Bengaluru,Karnataka,South,Consumer,2024-01-01
C00966,Customer 00966,Female,50,41-50,Patna,Bihar,East,Corporate,2023-07-12
C00967,Customer 00967,Male,55,51-60,Ahmedabad,Gujarat,West,Consumer,2025-04-25
C00968,Customer 00968,Female,54,51-60,Ahmedabad,Gujarat,West,Corporate,2024-12-29
C00969,Customer 00969,Female,51,51-60,Bhubaneswar,Odisha,East,Corporate,2023-04-11
C00970,Customer 00970,Female,40,31-40,Chandigarh,Chandigarh,North,Small Business,2024-04-24
C00971,Customer 00971,Male,40,31-40,Kolkata,West Bengal,East,Consumer,2022-01-01
C00972,Customer 00972,Female,39,31-40,Bengaluru,Karnataka,South,Small Business,2024-12-31
C00973,Customer 00973,Female,51,51-60,Delhi,Delhi,North,Small Business,2022-01-19
C00974,Customer 00974,Female,59,51-60,Pune,Maharashtra,West,Consumer,2022-01-15
C00975,Customer 00975,Male,47,41-50,Ranchi,Jharkhand,East,Corporate,2024-06-14
C00976,Customer 00976,Male,31,31-40,Mumbai,Maharashtra,West,Corporate,2024-03-09
C00977,Customer 00977,Male,37,31-40,Mumbai,Maharashtra,West,Consumer,2024-05-14
C00978,Customer 00978,Female,39,31-40,Kochi,Kerala,South,Corporate,2024-12-25
C00979,Customer 00979,Female,33,31-40,Kolkata,West Bengal,East,Consumer,2023-01-09
C00980,Customer 00980,Female,28,21-30,Bengaluru,Karnataka,South,Corporate,2024-07-21
C00981,Customer 00981,Female,60,51-60,Ahmedabad,Gujarat,West,Small Business,2023-01-20
C00982,Customer 00982,Male,30,21-30,Patna,Bihar,East,Consumer,2024-12-31
C00983,Customer 00983,Male,27,21-30,Delhi,Delhi,North,Small Business,2023-07-06
C00984,Customer 00984,Female,21,21-30,Bengaluru,Karnataka,South,Consumer,2022-07-04
C00985,Customer 00985,Male,52,51-60,Bengaluru,Karnataka,South,Consumer,2023-12-02
C00986,Customer 00986,Female,52,51-60,Pune,Maharashtra,West,Small Business,2024-08-07
C00987,Customer 00987,Female,26,21-30,Jaipur,Rajasthan,North,Consumer,2022-04-25
C00988,Customer 00988,Female,25,21-30,Kolkata,West Bengal,East,Corporate,2024-08-20
C00989,Customer 00989,Male,37,31-40,Chennai,Tamil Nadu,South,Small Business,2022-01-26
C00990,Customer 00990,Male,45,41-50,Lucknow,Uttar Pradesh,North,Small Business,2023-05-22
C00991,Customer 00991,Male,50,41-50,Jaipur,Rajasthan,North,Corporate,2022-07-12
C00992,Customer 00992,Female,45,41-50,Hyderabad,Telangana,South,Corporate,2023-10-02
C00993,Customer 00993,Male,23,21-30,Patna,Bihar,East,Corporate,2025-01-30
C00994,Customer 00994,Female,51,51-60,Lucknow,Uttar Pradesh,North,Corporate,2023-09-04
C00995,Customer 00995,Female,24,21-30,Hyderabad,Telangana,South,Corporate,2023-03-23
C00996,Customer 00996,Male,48,41-50,Lucknow,Uttar Pradesh,North,Small Business,2022-01-31
C00997,Customer 00997,Female,58,51-60,Chennai,Tamil Nadu,South,Consumer,2024-03-21
C00998,Customer 00998,Male,23,21-30,Kochi,Kerala,South,Corporate,2024-08-31
C00999,Customer 00999,Female,26,21-30,Bengaluru,Karnataka,South,Consumer,2022-11-19
C01000,Customer 01000,Male,60,51-60,Surat,Gujarat,West,Small Business,2025-07-04
C01001,Customer 01001,Male,43,41-50,Jaipur,Rajasthan,North,Corporate,2022-11-12
C01002,Customer 01002,Male,52,51-60,Lucknow,Uttar Pradesh,North,Consumer,2023-10-11
C01003,Customer 01003,Female,33,31-40,Ranchi,Jharkhand,East,Consumer,2024-02-13
C01004,Customer 01004,Male,37,31-40,Ranchi,Jharkhand,East,Consumer,2024-09-20
C01005,Customer 01005,Female,55,51-60,Ahmedabad,Gujarat,West,Corporate,2024-09-30
C01006,Customer 01006,Male,55,51-60,Hyderabad,Telangana,South,Small Business,2023-10-25
C01007,Customer 01007,Female,59,51-60,Ahmedabad,Gujarat,West,Corporate,2022-11-25
C01008,Customer 01008,Male,49,41-50,Chandigarh,Chandigarh,North,Small Business,2023-06-24
C01009,Customer 01009,Female,21,21-30,Ranchi,Jharkhand,East,Corporate,2024-11-02
C01010,Customer 01010,Male,22,21-30,Mumbai,Maharashtra,West,Corporate,2024-01-16
C01011,Customer 01011,Female,25,21-30,Kochi,Kerala,South,Corporate,2025-01-08
C01012,Customer 01012,Male,54,51-60,Mumbai,Maharashtra,West,Corporate,2024-10-15
C01013,Customer 01013,Female,41,41-50,Bengaluru,Karnataka,South,Small Business,2023-10-22
C01014,Customer 01014,Male,54,51-60,Lucknow,Uttar Pradesh,North,Corporate,2022-05-17
C01015,Customer 01015,Male,32,31-40,Jaipur,Rajasthan,North,Consumer,2023-02-18
C01016,Customer 01016,Female,33,31-40,Lucknow,Uttar Pradesh,North,Consumer,2022-03-07
C01017,Customer 01017,Female,54,51-60,Mumbai,Maharashtra,West,Corporate,2025-04-23
C01018,Customer 01018,Male,44,41-50,Kolkata,West Bengal,East,Consumer,2025-05-25
C01019,Customer 01019,Male,34,31-40,Chandigarh,Chandigarh,North,Corporate,2024-10-03
C01020,Customer 01020,Female,24,21-30,Chandigarh,Chandigarh,North,Small Business,2025-02-16
C01021,Customer 01021,Female,24,21-30,Pune,Maharashtra,West,Corporate,2023-06-29
C01022,Customer 01022,Male,40,31-40,Jaipur,Rajasthan,North,Consumer,2023-03-19
C01023,Customer 01023,Male,35,31-40,Lucknow,Uttar Pradesh,North,Corporate,2024-02-29
C01024,Customer 01024,Male,54,51-60,Hyderabad,Telangana,South,Corporate,2023-05-25
C01025,Customer 01025,Female,27,21-30,Chennai,Tamil Nadu,South,Corporate,2025-03-26
C01026,Customer 01026,Female,48,41-50,Ranchi,Jharkhand,East,Consumer,2022-12-08
C01027,Customer 01027,Female,53,51-60,Chennai,Tamil Nadu,South,Small Business,2022-11-20
C01028,Customer 01028,Female,41,41-50,Ahmedabad,Gujarat,West,Corporate,2023-10-27
C01029,Customer 01029,Female,48,41-50,Ranchi,Jharkhand,East,Corporate,2023-10-25
C01030,Customer 01030,Male,45,41-50,Kochi,Kerala,South,Corporate,2023-06-05
C01031,Customer 01031,Female,49,41-50,Ranchi,Jharkhand,East,Small Business,2022-01-01
C01032,Customer 01032,Female,59,51-60,Jaipur,Rajasthan,North,Consumer,2024-11-26
C01033,Customer 01033,Female,21,21-30,Bengaluru,Karnataka,South,Small Business,2023-03-31
C01034,Customer 01034,Female,22,21-30,Hyderabad,Telangana,South,Corporate,2023-07-20
C01035,Customer 01035,Male,23,21-30,Bengaluru,Karnataka,South,Small Business,2023-12-30
C01036,Customer 01036,Male,37,31-40,Bengaluru,Karnataka,South,Small Business,2025-04-07
C01037,Customer 01037,Male,37,31-40,Kochi,Kerala,South,Small Business,2022-07-08
C01038,Customer 01038,Male,25,21-30,Mumbai,Maharashtra,West,Corporate,2023-10-27
C01039,Customer 01039,Male,52,51-60,Surat,Gujarat,West,Corporate,2025-03-26
C01040,Customer 01040,Female,23,21-30,Lucknow,Uttar Pradesh,North,Corporate,2025-03-26
C01041,Customer 01041,Male,24,21-30,Mumbai,Maharashtra,West,Small Business,2023-12-14
C01042,Customer 01042,Female,28,21-30,Pune,Maharashtra,West,Consumer,2025-05-18
C01043,Customer 01043,Female,24,21-30,Delhi,Delhi,North,Small Business,2024-12-09
C01044,Customer 01044,Female,55,51-60,Jaipur,Rajasthan,North,Corporate,2022-11-03
C01045,Customer 01045,Male,30,21-30,Patna,Bihar,East,Consumer,2024-03-15
C01046,Customer 01046,Male,35,31-40,Ahmedabad,Gujarat,West,Small Business,2023-08-17
C01047,Customer 01047,Male,29,21-30,Mumbai,Maharashtra,West,Small Business,2022-06-19
C01048,Customer 01048,Male,56,51-60,Surat,Gujarat,West,Small Business,2023-06-22
C01049,Customer 01049,Female,53,51-60,Chandigarh,Chandigarh,North,Small Business,2022-09-25
C01050,Customer 01050,Female,56,51-60,Bengaluru,Karnataka,South,Consumer,2024-09-26
C01051,Customer 01051,Male,56,51-60,Mumbai,Maharashtra,West,Corporate,2024-12-09
C01052,Customer 01052,Male,25,21-30,Kochi,Kerala,South,Small Business,2024-05-30
C01053,Customer 01053,Male,28,21-30,Patna,Bihar,East,Corporate,2024-04-27
C01054,Customer 01054,Female,43,41-50,Pune,Maharashtra,West,Consumer,2023-10-19
C01055,Customer 01055,Male,40,31-40,Ranchi,Jharkhand,East,Consumer,2023-12-18
C01056,Customer 01056,Male,49,41-50,Ahmedabad,Gujarat,West,Consumer,2023-04-24
C01057,Customer 01057,Female,30,21-30,Hyderabad,Telangana,South,Corporate,2022-06-25
C01058,Customer 01058,Male,36,31-40,Lucknow,Uttar Pradesh,North,Corporate,2022-10-30
C01059,Customer 01059,Male,42,41-50,Bhubaneswar,Odisha,East,Corporate,2022-08-16
C01060,Customer 01060,Female,51,51-60,Bhubaneswar,Odisha,East,Consumer,2023-11-11
C01061,Customer 01061,Male,34,31-40,Hyderabad,Telangana,South,Corporate,2024-12-07
C01062,Customer 01062,Female,60,51-60,Kolkata,West Bengal,East,Corporate,2022-10-17
C01063,Customer 01063,Female,58,51-60,Delhi,Delhi,North,Corporate,2024-12-14
C01064,Customer 01064,Female,31,31-40,Jaipur,Rajasthan,North,Consumer,2023-08-05
C01065,Customer 01065,Female,24,21-30,Hyderabad,Telangana,South,Small Business,2022-01-18
C01066,Customer 01066,Female,38,31-40,Chandigarh,Chandigarh,North,Corporate,2024-01-08
C01067,Customer 01067,Male,39,31-40,Lucknow,Uttar Pradesh,North,Corporate,2024-03-02
C01068,Customer 01068,Female,53,51-60,Kochi,Kerala,South,Corporate,2022-07-23
C01069,Customer 01069,Female,59,51-60,Patna,Bihar,East,Corporate,2022-06-30
C01070,Customer 01070,Male,53,51-60,Chennai,Tamil Nadu,South,Small Business,2025-02-22
C01071,Customer 01071,Male,36,31-40,Delhi,Delhi,North,Corporate,2023-09-17
C01072,Customer 01072,Female,46,41-50,Patna,Bihar,East,Corporate,2022-11-18
C01073,Customer 01073,Female,43,41-50,Delhi,Delhi,North,Small Business,2025-07-04
C01074,Customer 01074,Male,53,51-60,Bhubaneswar,Odisha,East,Small Business,2022-05-07
C01075,Customer 01075,Female,22,21-30,Kolkata,West Bengal,East,Corporate,2023-07-28
C01076,Customer 01076,Male,42,41-50,Kochi,Kerala,South,Small Business,2022-10-09
C01077,Customer 01077,Female,54,51-60,Chandigarh,Chandigarh,North,Corporate,2025-06-08
C01078,Customer 01078,Female,36,31-40,Kochi,Kerala,South,Corporate,2022-11-09
C01079,Customer 01079,Female,59,51-60,Pune,Maharashtra,West,Small Business,2024-07-08
C01080,Customer 01080,Male,29,21-30,Bengaluru,Karnataka,South,Corporate,2025-01-13
C01081,Customer 01081,Male,40,31-40,Hyderabad,Telangana,South,Corporate,2024-12-08
C01082,Customer 01082,Female,30,21-30,Bengaluru,Karnataka,South,Corporate,2025-03-02
C01083,Customer 01083,Female,25,21-30,Chennai,Tamil Nadu,South,Corporate,2024-12-27
C01084,Customer 01084,Male,41,41-50,Lucknow,Uttar Pradesh,North,Consumer,2022-03-02
C01085,Customer 01085,Female,47,41-50,Patna,Bihar,East,Small Business,2024-06-26
C01086,Customer 01086,Male,33,31-40,Kolkata,West Bengal,East,Consumer,2022-09-27
C01087,Customer 01087,Male,60,51-60,Chennai,Tamil Nadu,South,Corporate,2023-07-01
C01088,Customer 01088,Male,35,31-40,Kochi,Kerala,South,Corporate,2022-02-23
C01089,Customer 01089,Male,51,51-60,Ranchi,Jharkhand,East,Consumer,2024-10-25
C01090,Customer 01090,Female,32,31-40,Surat,Gujarat,West,Small Business,2024-10-03
C01091,Customer 01091,Male,31,31-40,Surat,Gujarat,West,Consumer,2023-04-09
C01092,Customer 01092,Female,21,21-30,Jaipur,Rajasthan,North,Small Business,2024-04-25
C01093,Customer 01093,Male,34,31-40,Kochi,Kerala,South,Consumer,2022-12-29
C01094,Customer 01094,Female,41,41-50,Ahmedabad,Gujarat,West,Small Business,2023-05-21
C01095,Customer 01095,Female,23,21-30,Pune,Maharashtra,West,Corporate,2024-02-19
C01096,Customer 01096,Female,60,51-60,Patna,Bihar,East,Corporate,2025-03-17
C01097,Customer 01097,Male,49,41-50,Jaipur,Rajasthan,North,Small Business,2022-03-28
C01098,Customer 01098,Female,23,21-30,Kochi,Kerala,South,Corporate,2024-03-04
C01099,Customer 01099,Male,39,31-40,Jaipur,Rajasthan,North,Small Business,2024-03-26
C01100,Customer 01100,Female,50,41-50,Bhubaneswar,Odisha,East,Consumer,2024-05-15
C01101,Customer 01101,Male,54,51-60,Bhubaneswar,Odisha,East,Consumer,2024-08-07
C01102,Customer 01102,Male,53,51-60,Ahmedabad,Gujarat,West,Consumer,2023-01-04
C01103,Customer 01103,Female,47,41-50,Bengaluru,Karnataka,South,Small Business,2024-07-12
C01104,Customer 01104,Male,50,41-50,Delhi,Delhi,North,Corporate,2023-02-18
C01105,Customer 01105,Male,37,31-40,Ahmedabad,Gujarat,West,Small Business,2022-12-02
C01106,Customer 01106,Male,28,21-30,Lucknow,Uttar Pradesh,North,Corporate,2024-07-09
C01107,Customer 01107,Male,54,51-60,Ranchi,Jharkhand,East,Corporate,2024-02-26
C01108,Customer 01108,Female,56,51-60,Chennai,Tamil Nadu,South,Small Business,2022-03-31
C01109,Customer 01109,Female,57,51-60,Chennai,Tamil Nadu,South,Corporate,2022-11-04
C01110,Customer 01110,Male,32,31-40,Chennai,Tamil Nadu,South,Corporate,2022-04-16
C01111,Customer 01111,Female,40,31-40,Pune,Maharashtra,West,Corporate,2024-07-02
C01112,Customer 01112,Male,28,21-30,Bhubaneswar,Odisha,East,Consumer,2023-02-20
C01113,Customer 01113,Female,21,21-30,Delhi,Delhi,North,Small Business,2024-10-16
C01114,Customer 01114,Male,59,51-60,Surat,Gujarat,West,Small Business,2023-05-03
C01115,Customer 01115,Female,50,41-50,Hyderabad,Telangana,South,Small Business,2024-06-23
C01116,Customer 01116,Male,36,31-40,Chandigarh,Chandigarh,North,Corporate,2023-07-24
C01117,Customer 01117,Male,32,31-40,Hyderabad,Telangana,South,Consumer,2022-04-23
C01118,Customer 01118,Male,30,21-30,Ranchi,Jharkhand,East,Consumer,2025-03-29
C01119,Customer 01119,Female,26,21-30,Bhubaneswar,Odisha,East,Consumer,2022-08-12
C01120,Customer 01120,Male,31,31-40,Pune,Maharashtra,West,Corporate,2023-08-06
C01121,Customer 01121,Female,58,51-60,Chennai,Tamil Nadu,South,Small Business,2022-03-15
C01122,Customer 01122,Female,41,41-50,Chandigarh,Chandigarh,North,Small Business,2024-02-16
C01123,Customer 01123,Female,56,51-60,Chandigarh,Chandigarh,North,Consumer,2023-08-23
C01124,Customer 01124,Male,28,21-30,Surat,Gujarat,West,Corporate,2023-07-17
C01125,Customer 01125,Female,54,51-60,Patna,Bihar,East,Consumer,2023-03-05
C01126,Customer 01126,Male,57,51-60,Jaipur,Rajasthan,North,Corporate,2025-07-12
C01127,Customer 01127,Female,59,51-60,Chandigarh,Chandigarh,North,Corporate,2023-08-12
C01128,Customer 01128,Female,37,31-40,Pune,Maharashtra,West,Corporate,2025-03-23
C01129,Customer 01129,Male,60,51-60,Ranchi,Jharkhand,East,Corporate,2024-10-13
C01130,Customer 01130,Female,32,31-40,Surat,Gujarat,West,Corporate,2023-04-22
C01131,Customer 01131,Male,21,21-30,Bhubaneswar,Odisha,East,Consumer,2022-02-19
C01132,Customer 01132,Male,34,31-40,Ahmedabad,Gujarat,West,Corporate,2024-04-29
C01133,Customer 01133,Male,42,41-50,Pune,Maharashtra,West,Small Business,2025-02-21
C01134,Customer 01134,Male,33,31-40,Hyderabad,Telangana,South,Corporate,2023-07-31
C01135,Customer 01135,Male,40,31-40,Kolkata,West Bengal,East,Small Business,2024-11-03
C01136,Customer 01136,Male,28,21-30,Patna,Bihar,East,Corporate,2023-11-14
C01137,Customer 01137,Female,57,51-60,Patna,Bihar,East,Corporate,2022-03-01
C01138,Customer 01138,Male,42,41-50,Chennai,Tamil Nadu,South,Small Business,2024-09-08
C01139,Customer 01139,Male,29,21-30,Surat,Gujarat,West,Small Business,2022-11-15
C01140,Customer 01140,Female,50,41-50,Ahmedabad,Gujarat,West,Small Business,2022-04-25
C01141,Customer 01141,Female,56,51-60,Bhubaneswar,Odisha,East,Corporate,2022-02-08
C01142,Customer 01142,Female,43,41-50,Hyderabad,Telangana,South,Consumer,2022-11-02
C01143,Customer 01143,Male,42,41-50,Kolkata,West Bengal,East,Small Business,2025-07-07
C01144,Customer 01144,Female,32,31-40,Chennai,Tamil Nadu,South,Corporate,2022-08-28
C01145,Customer 01145,Female,23,21-30,Bhubaneswar,Odisha,East,Small Business,2024-04-27
C01146,Customer 01146,Female,36,31-40,Chandigarh,Chandigarh,North,Small Business,2024-07-14
C01147,Customer 01147,Male,54,51-60,Bhubaneswar,Odisha,East,Small Business,2022-12-25
C01148,Customer 01148,Female,23,21-30,Lucknow,Uttar Pradesh,North,Consumer,2022-07-09
C01149,Customer 01149,Male,51,51-60,Ahmedabad,Gujarat,West,Corporate,2022-11-12
C01150,Customer 01150,Female,51,51-60,Hyderabad,Telangana,South,Corporate,2024-12-08
C01151,Customer 01151,Female,30,21-30,Bhubaneswar,Odisha,East,Consumer,2024-11-23
C01152,Customer 01152,Male,23,21-30,Bengaluru,Karnataka,South,Small Business,2024-03-04
C01153,Customer 01153,Male,40,31-40,Lucknow,Uttar Pradesh,North,Consumer,2025-05-02
C01154,Customer 01154,Female,50,41-50,Chandigarh,Chandigarh,North,Consumer,2022-07-31
C01155,Customer 01155,Male,57,51-60,Bhubaneswar,Odisha,East,Small Business,2023-03-06
C01156,Customer 01156,Male,33,31-40,Patna,Bihar,East,Small Business,2023-07-21
C01157,Customer 01157,Female,28,21-30,Patna,Bihar,East,Small Business,2022-11-02
C01158,Customer 01158,Female,28,21-30,Chennai,Tamil Nadu,South,Consumer,2025-06-29
C01159,Customer 01159,Male,55,51-60,Lucknow,Uttar Pradesh,North,Small Business,2025-01-30
C01160,Customer 01160,Female,30,21-30,Patna,Bihar,East,Corporate,2023-08-04
C01161,Customer 01161,Male,25,21-30,Kochi,Kerala,South,Small Business,2025-06-09
C01162,Customer 01162,Female,24,21-30,Patna,Bihar,East,Consumer,2022-03-01
C01163,Customer 01163,Male,27,21-30,Surat,Gujarat,West,Small Business,2022-04-21
C01164,Customer 01164,Female,46,41-50,Chandigarh,Chandigarh,North,Consumer,2025-05-05
C01165,Customer 01165,Female,40,31-40,Ahmedabad,Gujarat,West,Small Business,2023-02-10
C01166,Customer 01166,Female,57,51-60,Chandigarh,Chandigarh,North,Consumer,2022-07-10
C01167,Customer 01167,Male,50,41-50,Ahmedabad,Gujarat,West,Small Business,2024-08-11
C01168,Customer 01168,Male,35,31-40,Surat,Gujarat,West,Consumer,2025-06-17
C01169,Customer 01169,Female,46,41-50,Kolkata,West Bengal,East,Consumer,2023-11-08
C01170,Customer 01170,Female,52,51-60,Patna,Bihar,East,Consumer,2022-05-14
C01171,Customer 01171,Male,43,41-50,Surat,Gujarat,West,Small Business,2024-08-02
C01172,Customer 01172,Female,43,41-50,Chennai,Tamil Nadu,South,Corporate,2025-03-22
C01173,Customer 01173,Male,46,41-50,Bengaluru,Karnataka,South,Corporate,2022-08-08
C01174,Customer 01174,Male,40,31-40,Patna,Bihar,East,Corporate,2024-08-02
C01175,Customer 01175,Female,36,31-40,Mumbai,Maharashtra,West,Corporate,2023-05-15
C01176,Customer 01176,Female,45,41-50,Chennai,Tamil Nadu,South,Consumer,2023-11-29
C01177,Customer 01177,Female,48,41-50,Hyderabad,Telangana,South,Corporate,2023-12-02
C01178,Customer 01178,Male,25,21-30,Kochi,Kerala,South,Corporate,2025-03-21
C01179,Customer 01179,Male,58,51-60,Surat,Gujarat,West,Corporate,2024-08-06
C01180,Customer 01180,Male,49,41-50,Patna,Bihar,East,Consumer,2023-09-23
C01181,Customer 01181,Male,59,51-60,Mumbai,Maharashtra,West,Consumer,2025-05-06
C01182,Customer 01182,Female,52,51-60,Mumbai,Maharashtra,West,Corporate,2022-05-06
C01183,Customer 01183,Male,29,21-30,Chandigarh,Chandigarh,North,Corporate,2022-01-01
C01184,Customer 01184,Male,49,41-50,Bengaluru,Karnataka,South,Corporate,2023-08-20
C01185,Customer 01185,Female,33,31-40,Mumbai,Maharashtra,West,Consumer,2023-10-11
C01186,Customer 01186,Female,48,41-50,Bhubaneswar,Odisha,East,Corporate,2023-12-07
C01187,Customer 01187,Male,60,51-60,Chandigarh,Chandigarh,North,Corporate,2024-04-07
C01188,Customer 01188,Female,24,21-30,Bengaluru,Karnataka,South,Small Business,2025-01-29
C01189,Customer 01189,Male,56,51-60,Jaipur,Rajasthan,North,Small Business,2022-08-13
C01190,Customer 01190,Male,36,31-40,Bhubaneswar,Odisha,East,Small Business,2025-04-23
C01191,Customer 01191,Female,45,41-50,Mumbai,Maharashtra,West,Small Business,2024-02-21
C01192,Customer 01192,Male,32,31-40,Pune,Maharashtra,West,Small Business,2022-10-12
C01193,Customer 01193,Female,44,41-50,Hyderabad,Telangana,South,Small Business,2022-11-12
C01194,Customer 01194,Male,29,21-30,Bhubaneswar,Odisha,East,Consumer,2022-05-27
C01195,Customer 01195,Male,52,51-60,Delhi,Delhi,North,Corporate,2024-06-13
C01196,Customer 01196,Male,29,21-30,Bengaluru,Karnataka,South,Corporate,2024-05-01
C01197,Customer 01197,Female,60,51-60,Ahmedabad,Gujarat,West,Consumer,2024-07-19
C01198,Customer 01198,Female,45,41-50,Pune,Maharashtra,West,Small Business,2023-04-08
C01199,Customer 01199,Female,59,51-60,Chennai,Tamil Nadu,South,Consumer,2025-03-29
C01200,Customer 01200,Male,53,51-60,Surat,Gujarat,West,Small Business,2024-04-21
C01201,Customer 01201,Male,23,21-30,Ranchi,Jharkhand,East,Corporate,2024-09-16
C01202,Customer 01202,Male,58,51-60,Ranchi,Jharkhand,East,Small Business,2022-06-13
C01203,Customer 01203,Female,50,41-50,Bengaluru,Karnataka,South,Corporate,2022-06-10
C01204,Customer 01204,Male,51,51-60,Chandigarh,Chandigarh,North,Corporate,2022-06-09
C01205,Customer 01205,Male,42,41-50,Bhubaneswar,Odisha,East,Corporate,2022-01-23
C01206,Customer 01206,Female,53,51-60,Surat,Gujarat,West,Small Business,2025-03-21
C01207,Customer 01207,Female,43,41-50,Patna,Bihar,East,Small Business,2023-08-16
C01208,Customer 01208,Male,59,51-60,Chennai,Tamil Nadu,South,Corporate,2023-09-15
C01209,Customer 01209,Male,51,51-60,Kolkata,West Bengal,East,Corporate,2022-12-13
C01210,Customer 01210,Female,60,51-60,Jaipur,Rajasthan,North,Consumer,2023-08-11
C01211,Customer 01211,Male,29,21-30,Surat,Gujarat,West,Corporate,2022-06-07
C01212,Customer 01212,Female,29,21-30,Kolkata,West Bengal,East,Corporate,2023-07-30
C01213,Customer 01213,Female,21,21-30,Kolkata,West Bengal,East,Corporate,2022-08-17
C01214,Customer 01214,Male,49,41-50,Chennai,Tamil Nadu,South,Small Business,2022-12-26
C01215,Customer 01215,Male,52,51-60,Kolkata,West Bengal,East,Consumer,2024-12-16
C01216,Customer 01216,Female,26,21-30,Jaipur,Rajasthan,North,Consumer,2025-05-04
C01217,Customer 01217,Female,47,41-50,Bengaluru,Karnataka,South,Small Business,2023-05-03
C01218,Customer 01218,Male,34,31-40,Ahmedabad,Gujarat,West,Corporate,2023-12-08
C01219,Customer 01219,Female,28,21-30,Jaipur,Rajasthan,North,Consumer,2022-12-10
C01220,Customer 01220,Female,51,51-60,Ahmedabad,Gujarat,West,Small Business,2024-09-02
C01221,Customer 01221,Female,45,41-50,Kochi,Kerala,South,Small Business,2023-06-22
C01222,Customer 01222,Female,21,21-30,Bengaluru,Karnataka,South,Small Business,2024-07-08
C01223,Customer 01223,Female,54,51-60,Mumbai,Maharashtra,West,Corporate,2022-03-26
C01224,Customer 01224,Female,48,41-50,Lucknow,Uttar Pradesh,North,Corporate,2023-07-13
C01225,Customer 01225,Female,38,31-40,Patna,Bihar,East,Consumer,2023-06-07
C01226,Customer 01226,Female,36,31-40,Mumbai,Maharashtra,West,Corporate,2025-04-20
C01227,Customer 01227,Female,32,31-40,Hyderabad,Telangana,South,Small Business,2025-01-26
C01228,Customer 01228,Male,25,21-30,Delhi,Delhi,North,Consumer,2024-04-22
C01229,Customer 01229,Male,49,41-50,Lucknow,Uttar Pradesh,North,Small Business,2023-03-26
C01230,Customer 01230,Female,33,31-40,Bhubaneswar,Odisha,East,Consumer,2022-02-18
C01231,Customer 01231,Male,59,51-60,Chandigarh,Chandigarh,North,Corporate,2023-03-21
C01232,Customer 01232,Male,26,21-30,Lucknow,Uttar Pradesh,North,Corporate,2022-09-24
C01233,Customer 01233,Male,28,21-30,Mumbai,Maharashtra,West,Corporate,2023-01-13
C01234,Customer 01234,Female,50,41-50,Kolkata,West Bengal,East,Corporate,2022-06-05
C01235,Customer 01235,Female,48,41-50,Ahmedabad,Gujarat,West,Corporate,2023-10-25
C01236,Customer 01236,Male,25,21-30,Kolkata,West Bengal,East,Small Business,2022-05-08
C01237,Customer 01237,Female,42,41-50,Mumbai,Maharashtra,West,Consumer,2023-06-13
C01238,Customer 01238,Male,49,41-50,Kolkata,West Bengal,East,Consumer,2024-10-04
C01239,Customer 01239,Female,32,31-40,Hyderabad,Telangana,South,Corporate,2024-10-04
C01240,Customer 01240,Male,55,51-60,Lucknow,Uttar Pradesh,North,Small Business,2023-03-24
C01241,Customer 01241,Female,37,31-40,Lucknow,Uttar Pradesh,North,Consumer,2022-03-13
C01242,Customer 01242,Male,57,51-60,Chandigarh,Chandigarh,North,Corporate,2023-05-29
C01243,Customer 01243,Male,52,51-60,Ahmedabad,Gujarat,West,Consumer,2022-01-02
C01244,Customer 01244,Female,38,31-40,Jaipur,Rajasthan,North,Consumer,2023-11-07
C01245,Customer 01245,Male,53,51-60,Mumbai,Maharashtra,West,Corporate,2024-10-01
C01246,Customer 01246,Female,46,41-50,Surat,Gujarat,West,Corporate,2022-05-24
C01247,Customer 01247,Male,45,41-50,Kochi,Kerala,South,Corporate,2024-09-14
C01248,Customer 01248,Female,42,41-50,Lucknow,Uttar Pradesh,North,Corporate,2023-09-13
C01249,Customer 01249,Male,26,21-30,Mumbai,Maharashtra,West,Small Business,2024-12-30
C01250,Customer 01250,Male,50,41-50,Patna,Bihar,East,Small Business,2023-02-20
C01251,Customer 01251,Male,45,41-50,Chennai,Tamil Nadu,South,Corporate,2023-01-27
C01252,Customer 01252,Female,27,21-30,Bhubaneswar,Odisha,East,Corporate,2024-01-06
C01253,Customer 01253,Male,49,41-50,Surat,Gujarat,West,Corporate,2023-01-24
C01254,Customer 01254,Male,33,31-40,Bengaluru,Karnataka,South,Consumer,2025-04-29
C01255,Customer 01255,Female,45,41-50,Kochi,Kerala,South,Consumer,2025-01-12
C01256,Customer 01256,Female,55,51-60,Bhubaneswar,Odisha,East,Small Business,2022-02-03
C01257,Customer 01257,Female,24,21-30,Jaipur,Rajasthan,North,Small Business,2022-03-29
C01258,Customer 01258,Male,34,31-40,Mumbai,Maharashtra,West,Corporate,2024-12-07
C01259,Customer 01259,Male,58,51-60,Ahmedabad,Gujarat,West,Consumer,2022-05-28
C01260,Customer 01260,Male,52,51-60,Jaipur,Rajasthan,North,Corporate,2022-02-09
C01261,Customer 01261,Male,36,31-40,Surat,Gujarat,West,Corporate,2022-09-25
C01262,Customer 01262,Male,24,21-30,Delhi,Delhi,North,Small Business,2022-07-19
C01263,Customer 01263,Male,58,51-60,Ahmedabad,Gujarat,West,Consumer,2022-08-06
C01264,Customer 01264,Female,59,51-60,Lucknow,Uttar Pradesh,North,Corporate,2023-03-28
C01265,Customer 01265,Male,48,41-50,Chandigarh,Chandigarh,North,Small Business,2024-04-03
C01266,Customer 01266,Male,57,51-60,Patna,Bihar,East,Corporate,2022-10-09
C01267,Customer 01267,Male,23,21-30,Patna,Bihar,East,Corporate,2022-12-22
C01268,Customer 01268,Male,28,21-30,Patna,Bihar,East,Small Business,2022-10-17
C01269,Customer 01269,Male,44,41-50,Pune,Maharashtra,West,Corporate,2022-12-04
C01270,Customer 01270,Male,58,51-60,Ahmedabad,Gujarat,West,Consumer,2022-10-01
C01271,Customer 01271,Female,31,31-40,Lucknow,Uttar Pradesh,North,Consumer,2024-09-24
C01272,Customer 01272,Male,21,21-30,Chandigarh,Chandigarh,North,Consumer,2022-07-02
C01273,Customer 01273,Female,51,51-60,Bhubaneswar,Odisha,East,Corporate,2022-09-17
C01274,Customer 01274,Male,38,31-40,Hyderabad,Telangana,South,Corporate,2024-07-11
C01275,Customer 01275,Male,32,31-40,Pune,Maharashtra,West,Corporate,2022-03-19
C01276,Customer 01276,Female,60,51-60,Chennai,Tamil Nadu,South,Consumer,2025-07-08
C01277,Customer 01277,Female,47,41-50,Bhubaneswar,Odisha,East,Consumer,2025-02-16
C01278,Customer 01278,Male,28,21-30,Kochi,Kerala,South,Corporate,2022-07-15
C01279,Customer 01279,Male,50,41-50,Ranchi,Jharkhand,East,Corporate,2023-03-03
C01280,Customer 01280,Male,33,31-40,Kolkata,West Bengal,East,Consumer,2022-11-02
C01281,Customer 01281,Female,32,31-40,Surat,Gujarat,West,Consumer,2022-03-30
C01282,Customer 01282,Female,39,31-40,Jaipur,Rajasthan,North,Consumer,2024-06-09
C01283,Customer 01283,Female,60,51-60,Kolkata,West Bengal,East,Small Business,2022-03-30
C01284,Customer 01284,Male,55,51-60,Lucknow,Uttar Pradesh,North,Consumer,2022-11-20
C01285,Customer 01285,Female,53,51-60,Delhi,Delhi,North,Consumer,2022-05-26
C01286,Customer 01286,Female,58,51-60,Kochi,Kerala,South,Corporate,2023-10-30
C01287,Customer 01287,Male,41,41-50,Pune,Maharashtra,West,Consumer,2022-08-14
C01288,Customer 01288,Male,27,21-30,Patna,Bihar,East,Consumer,2024-04-24
C01289,Customer 01289,Female,35,31-40,Hyderabad,Telangana,South,Consumer,2024-08-22
C01290,Customer 01290,Male,48,41-50,Surat,Gujarat,West,Consumer,2023-03-19
C01291,Customer 01291,Male,45,41-50,Ahmedabad,Gujarat,West,Small Business,2022-10-07
C01292,Customer 01292,Male,43,41-50,Ahmedabad,Gujarat,West,Small Business,2023-02-19
C01293,Customer 01293,Male,23,21-30,Patna,Bihar,East,Corporate,2025-03-10
C01294,Customer 01294,Female,29,21-30,Jaipur,Rajasthan,North,Consumer,2024-08-11
C01295,Customer 01295,Female,31,31-40,Ahmedabad,Gujarat,West,Small Business,2023-03-27
C01296,Customer 01296,Male,60,51-60,Bhubaneswar,Odisha,East,Consumer,2025-03-29
C01297,Customer 01297,Male,47,41-50,Kochi,Kerala,South,Corporate,2024-09-28
C01298,Customer 01298,Female,50,41-50,Hyderabad,Telangana,South,Small Business,2022-01-30
C01299,Customer 01299,Male,36,31-40,Pune,Maharashtra,West,Small Business,2024-06-08
C01300,Customer 01300,Male,57,51-60,Kochi,Kerala,South,Consumer,2024-05-05
C01301,Customer 01301,Male,51,51-60,Jaipur,Rajasthan,North,Corporate,2024-10-29
C01302,Customer 01302,Female,54,51-60,Jaipur,Rajasthan,North,Small Business,2024-09-08
C01303,Customer 01303,Female,52,51-60,Lucknow,Uttar Pradesh,North,Consumer,2022-06-20
C01304,Customer 01304,Female,34,31-40,Delhi,Delhi,North,Consumer,2024-01-05
C01305,Customer 01305,Male,26,21-30,Bhubaneswar,Odisha,East,Consumer,2024-09-09
C01306,Customer 01306,Male,50,41-50,Bhubaneswar,Odisha,East,Corporate,2025-04-10
C01307,Customer 01307,Female,50,41-50,Delhi,Delhi,North,Consumer,2024-04-10
C01308,Customer 01308,Female,50,41-50,Chennai,Tamil Nadu,South,Corporate,2025-07-21
C01309,Customer 01309,Male,45,41-50,Delhi,Delhi,North,Corporate,2023-11-13
C01310,Customer 01310,Female,48,41-50,Jaipur,Rajasthan,North,Small Business,2025-06-08
C01311,Customer 01311,Male,60,51-60,Hyderabad,Telangana,South,Small Business,2022-04-23
C01312,Customer 01312,Male,28,21-30,Ranchi,Jharkhand,East,Small Business,2024-01-19
C01313,Customer 01313,Male,44,41-50,Ahmedabad,Gujarat,West,Small Business,2022-12-25
C01314,Customer 01314,Male,29,21-30,Chandigarh,Chandigarh,North,Small Business,2023-05-04
C01315,Customer 01315,Female,58,51-60,Lucknow,Uttar Pradesh,North,Corporate,2023-03-06
C01316,Customer 01316,Female,43,41-50,Kochi,Kerala,South,Small Business,2024-10-28
C01317,Customer 01317,Female,24,21-30,Pune,Maharashtra,West,Consumer,2024-02-03
C01318,Customer 01318,Female,52,51-60,Ranchi,Jharkhand,East,Corporate,2024-12-14
C01319,Customer 01319,Female,55,51-60,Lucknow,Uttar Pradesh,North,Corporate,2024-12-27
C01320,Customer 01320,Female,60,51-60,Bhubaneswar,Odisha,East,Small Business,2022-05-15
C01321,Customer 01321,Female,26,21-30,Hyderabad,Telangana,South,Consumer,2024-03-11
C01322,Customer 01322,Female,25,21-30,Chennai,Tamil Nadu,South,Consumer,2022-12-04
C01323,Customer 01323,Male,30,21-30,Kolkata,West Bengal,East,Small Business,2022-11-05
C01324,Customer 01324,Male,39,31-40,Hyderabad,Telangana,South,Small Business,2025-01-13
C01325,Customer 01325,Female,43,41-50,Bengaluru,Karnataka,South,Small Business,2024-06-28
C01326,Customer 01326,Female,33,31-40,Delhi,Delhi,North,Consumer,2022-02-15
C01327,Customer 01327,Female,47,41-50,Kochi,Kerala,South,Corporate,2023-12-04
C01328,Customer 01328,Female,58,51-60,Patna,Bihar,East,Corporate,2024-12-21
C01329,Customer 01329,Female,40,31-40,Ahmedabad,Gujarat,West,Corporate,2022-09-28
C01330,Customer 01330,Male,37,31-40,Bhubaneswar,Odisha,East,Consumer,2024-09-18
C01331,Customer 01331,Female,24,21-30,Ranchi,Jharkhand,East,Consumer,2023-12-25
C01332,Customer 01332,Female,31,31-40,Bhubaneswar,Odisha,East,Corporate,2022-11-26
C01333,Customer 01333,Male,32,31-40,Bhubaneswar,Odisha,East,Corporate,2022-11-11
C01334,Customer 01334,Male,28,21-30,Chennai,Tamil Nadu,South,Consumer,2023-10-11
C01335,Customer 01335,Female,37,31-40,Bengaluru,Karnataka,South,Small Business,2023-01-13
C01336,Customer 01336,Male,41,41-50,Hyderabad,Telangana,South,Small Business,2022-10-30
C01337,Customer 01337,Female,55,51-60,Ranchi,Jharkhand,East,Consumer,2024-12-28
C01338,Customer 01338,Male,22,21-30,Bhubaneswar,Odisha,East,Small Business,2024-10-19
C01339,Customer 01339,Female,41,41-50,Bengaluru,Karnataka,South,Consumer,2022-01-09
C01340,Customer 01340,Female,51,51-60,Patna,Bihar,East,Small Business,2025-03-20
C01341,Customer 01341,Female,42,41-50,Bengaluru,Karnataka,South,Corporate,2022-08-19
C01342,Customer 01342,Male,29,21-30,Surat,Gujarat,West,Corporate,2025-02-02
C01343,Customer 01343,Female,22,21-30,Lucknow,Uttar Pradesh,North,Small Business,2025-06-18
C01344,Customer 01344,Female,43,41-50,Kochi,Kerala,South,Consumer,2023-10-31
C01345,Customer 01345,Male,58,51-60,Jaipur,Rajasthan,North,Corporate,2023-03-31
C01346,Customer 01346,Male,22,21-30,Kolkata,West Bengal,East,Consumer,2025-01-07
C01347,Customer 01347,Male,53,51-60,Ahmedabad,Gujarat,West,Small Business,2023-02-03
C01348,Customer 01348,Female,59,51-60,Surat,Gujarat,West,Corporate,2024-11-13
C01349,Customer 01349,Female,46,41-50,Jaipur,Rajasthan,North,Consumer,2024-05-25
C01350,Customer 01350,Female,44,41-50,Ranchi,Jharkhand,East,Consumer,2023-08-06
C01351,Customer 01351,Female,40,31-40,Ranchi,Jharkhand,East,Small Business,2025-02-22
C01352,Customer 01352,Male,49,41-50,Chandigarh,Chandigarh,North,Corporate,2024-05-01
C01353,Customer 01353,Female,31,31-40,Ahmedabad,Gujarat,West,Corporate,2024-05-18
C01354,Customer 01354,Male,58,51-60,Pune,Maharashtra,West,Corporate,2022-06-26
C01355,Customer 01355,Male,40,31-40,Bengaluru,Karnataka,South,Small Business,2024-12-11
C01356,Customer 01356,Male,58,51-60,Patna,Bihar,East,Small Business,2022-07-01
C01357,Customer 01357,Female,38,31-40,Delhi,Delhi,North,Small Business,2022-12-25
C01358,Customer 01358,Male,33,31-40,Ahmedabad,Gujarat,West,Consumer,2024-02-21
C01359,Customer 01359,Female,23,21-30,Bhubaneswar,Odisha,East,Small Business,2025-04-13
C01360,Customer 01360,Female,56,51-60,Bhubaneswar,Odisha,East,Corporate,2024-08-07
C01361,Customer 01361,Male,21,21-30,Kochi,Kerala,South,Consumer,2023-06-22
C01362,Customer 01362,Female,28,21-30,Bhubaneswar,Odisha,East,Corporate,2023-08-13
C01363,Customer 01363,Male,52,51-60,Pune,Maharashtra,West,Corporate,2023-05-17
C01364,Customer 01364,Male,38,31-40,Delhi,Delhi,North,Small Business,2022-05-17
C01365,Customer 01365,Female,57,51-60,Ranchi,Jharkhand,East,Small Business,2023-06-13
C01366,Customer 01366,Male,44,41-50,Surat,Gujarat,West,Corporate,2025-03-24
C01367,Customer 01367,Female,31,31-40,Delhi,Delhi,North,Corporate,2022-04-30
C01368,Customer 01368,Female,50,41-50,Bengaluru,Karnataka,South,Corporate,2022-10-05
C01369,Customer 01369,Male,24,21-30,Ranchi,Jharkhand,East,Small Business,2024-01-10
C01370,Customer 01370,Female,24,21-30,Pune,Maharashtra,West,Small Business,2023-08-21
C01371,Customer 01371,Male,32,31-40,Chandigarh,Chandigarh,North,Consumer,2025-05-11
C01372,Customer 01372,Female,41,41-50,Chennai,Tamil Nadu,South,Corporate,2023-09-09
C01373,Customer 01373,Female,27,21-30,Kolkata,West Bengal,East,Corporate,2025-04-02
C01374,Customer 01374,Male,21,21-30,Ranchi,Jharkhand,East,Consumer,2024-11-27
C01375,Customer 01375,Female,52,51-60,Bhubaneswar,Odisha,East,Small Business,2023-11-28
C01376,Customer 01376,Male,34,31-40,Chennai,Tamil Nadu,South,Consumer,2024-10-27
C01377,Customer 01377,Male,56,51-60,Kochi,Kerala,South,Corporate,2024-12-12
C01378,Customer 01378,Female,50,41-50,Lucknow,Uttar Pradesh,North,Consumer,2022-08-27
C01379,Customer 01379,Male,51,51-60,Bengaluru,Karnataka,South,Small Business,2023-10-01
C01380,Customer 01380,Male,49,41-50,Ranchi,Jharkhand,East,Corporate,2024-12-07
C01381,Customer 01381,Male,40,31-40,Patna,Bihar,East,Consumer,2022-08-31
C01382,Customer 01382,Male,30,21-30,Kochi,Kerala,South,Corporate,2023-04-10
C01383,Customer 01383,Male,34,31-40,Bhubaneswar,Odisha,East,Consumer,2022-06-10
C01384,Customer 01384,Male,25,21-30,Pune,Maharashtra,West,Consumer,2024-09-18
C01385,Customer 01385,Male,33,31-40,Pune,Maharashtra,West,Consumer,2022-03-09
C01386,Customer 01386,Female,28,21-30,Jaipur,Rajasthan,North,Small Business,2022-03-30
C01387,Customer 01387,Female,21,21-30,Chandigarh,Chandigarh,North,Consumer,2022-09-11
C01388,Customer 01388,Male,32,31-40,Hyderabad,Telangana,South,Corporate,2023-12-21
C01389,Customer 01389,Male,30,21-30,Delhi,Delhi,North,Corporate,2023-07-23
C01390,Customer 01390,Female,31,31-40,Ranchi,Jharkhand,East,Corporate,2025-06-09
C01391,Customer 01391,Male,27,21-30,Kochi,Kerala,South,Corporate,2022-01-29
C01392,Customer 01392,Male,39,31-40,Hyderabad,Telangana,South,Consumer,2025-01-05
C01393,Customer 01393,Male,34,31-40,Delhi,Delhi,North,Corporate,2024-08-30
C01394,Customer 01394,Male,49,41-50,Ranchi,Jharkhand,East,Corporate,2022-08-08
C01395,Customer 01395,Female,45,41-50,Chennai,Tamil Nadu,South,Small Business,2023-03-15
C01396,Customer 01396,Female,28,21-30,Kochi,Kerala,South,Small Business,2022-09-11
C01397,Customer 01397,Male,54,51-60,Ahmedabad,Gujarat,West,Consumer,2024-10-12
C01398,Customer 01398,Female,56,51-60,Ranchi,Jharkhand,East,Corporate,2022-03-25
C01399,Customer 01399,Female,52,51-60,Chandigarh,Chandigarh,North,Consumer,2024-02-28
C01400,Customer 01400,Female,59,51-60,Bhubaneswar,Odisha,East,Corporate,2023-10-01
C01401,Customer 01401,Male,56,51-60,Ahmedabad,Gujarat,West,Small Business,2023-08-19
C01402,Customer 01402,Male,25,21-30,Pune,Maharashtra,West,Small Business,2024-01-23
C01403,Customer 01403,Male,52,51-60,Chennai,Tamil Nadu,South,Corporate,2022-08-04
C01404,Customer 01404,Female,54,51-60,Mumbai,Maharashtra,West,Corporate,2022-06-24
C01405,Customer 01405,Male,46,41-50,Lucknow,Uttar Pradesh,North,Small Business,2025-04-24
C01406,Customer 01406,Male,25,21-30,Lucknow,Uttar Pradesh,North,Small Business,2023-02-12
C01407,Customer 01407,Male,59,51-60,Patna,Bihar,East,Small Business,2022-09-09
C01408,Customer 01408,Female,52,51-60,Kochi,Kerala,South,Small Business,2025-04-06
C01409,Customer 01409,Female,43,41-50,Kolkata,West Bengal,East,Small Business,2025-05-20
C01410,Customer 01410,Female,53,51-60,Mumbai,Maharashtra,West,Small Business,2022-10-29
C01411,Customer 01411,Male,28,21-30,Ahmedabad,Gujarat,West,Small Business,2024-09-29
C01412,Customer 01412,Male,29,21-30,Surat,Gujarat,West,Consumer,2022-07-23
C01413,Customer 01413,Male,52,51-60,Jaipur,Rajasthan,North,Corporate,2022-02-24
C01414,Customer 01414,Female,59,51-60,Chennai,Tamil Nadu,South,Corporate,2023-11-01
C01415,Customer 01415,Female,60,51-60,Bengaluru,Karnataka,South,Corporate,2022-07-17
C01416,Customer 01416,Female,50,41-50,Chandigarh,Chandigarh,North,Consumer,2023-08-25
C01417,Customer 01417,Female,53,51-60,Surat,Gujarat,West,Small Business,2025-01-15
C01418,Customer 01418,Male,23,21-30,Patna,Bihar,East,Small Business,2022-09-01
C01419,Customer 01419,Female,41,41-50,Mumbai,Maharashtra,West,Small Business,2024-06-25
C01420,Customer 01420,Male,23,21-30,Ahmedabad,Gujarat,West,Consumer,2025-02-14
C01421,Customer 01421,Male,52,51-60,Bhubaneswar,Odisha,East,Small Business,2022-10-03
C01422,Customer 01422,Female,52,51-60,Bhubaneswar,Odisha,East,Consumer,2025-03-11
C01423,Customer 01423,Female,51,51-60,Surat,Gujarat,West,Corporate,2022-11-17
C01424,Customer 01424,Female,37,31-40,Jaipur,Rajasthan,North,Small Business,2025-04-25
C01425,Customer 01425,Female,39,31-40,Mumbai,Maharashtra,West,Small Business,2022-05-06
C01426,Customer 01426,Male,29,21-30,Delhi,Delhi,North,Small Business,2023-12-16
C01427,Customer 01427,Female,45,41-50,Delhi,Delhi,North,Consumer,2024-05-26
C01428,Customer 01428,Female,47,41-50,Ranchi,Jharkhand,East,Small Business,2022-04-26
C01429,Customer 01429,Male,36,31-40,Kochi,Kerala,South,Corporate,2023-10-02
C01430,Customer 01430,Male,40,31-40,Chandigarh,Chandigarh,North,Consumer,2023-11-23
C01431,Customer 01431,Male,55,51-60,Chennai,Tamil Nadu,South,Small Business,2022-03-18
C01432,Customer 01432,Female,57,51-60,Ahmedabad,Gujarat,West,Corporate,2024-05-12
C01433,Customer 01433,Male,51,51-60,Kolkata,West Bengal,East,Corporate,2022-02-15
C01434,Customer 01434,Female,57,51-60,Patna,Bihar,East,Small Business,2023-10-23
C01435,Customer 01435,Female,27,21-30,Lucknow,Uttar Pradesh,North,Corporate,2023-02-26
C01436,Customer 01436,Female,53,51-60,Patna,Bihar,East,Corporate,2023-11-27
C01437,Customer 01437,Female,44,41-50,Chennai,Tamil Nadu,South,Small Business,2023-02-18
C01438,Customer 01438,Male,55,51-60,Surat,Gujarat,West,Consumer,2023-08-12
C01439,Customer 01439,Male,40,31-40,Kolkata,West Bengal,East,Corporate,2024-04-03
C01440,Customer 01440,Male,58,51-60,Kochi,Kerala,South,Consumer,2025-04-27
C01441,Customer 01441,Female,25,21-30,Patna,Bihar,East,Corporate,2024-12-23
C01442,Customer 01442,Female,34,31-40,Surat,Gujarat,West,Small Business,2022-06-07
C01443,Customer 01443,Female,48,41-50,Bhubaneswar,Odisha,East,Corporate,2025-01-10
C01444,Customer 01444,Male,47,41-50,Patna,Bihar,East,Small Business,2023-05-30
C01445,Customer 01445,Male,22,21-30,Ahmedabad,Gujarat,West,Corporate,2024-11-23
C01446,Customer 01446,Female,34,31-40,Chennai,Tamil Nadu,South,Corporate,2024-08-15
C01447,Customer 01447,Female,57,51-60,Kolkata,West Bengal,East,Corporate,2025-07-07
C01448,Customer 01448,Male,44,41-50,Jaipur,Rajasthan,North,Small Business,2022-10-30
C01449,Customer 01449,Male,40,31-40,Kochi,Kerala,South,Small Business,2024-04-20
C01450,Customer 01450,Male,34,31-40,Patna,Bihar,East,Small Business,2023-07-01
C01451,Customer 01451,Male,37,31-40,Bhubaneswar,Odisha,East,Corporate,2025-05-16
C01452,Customer 01452,Female,36,31-40,Kochi,Kerala,South,Consumer,2022-11-04
C01453,Customer 01453,Male,36,31-40,Hyderabad,Telangana,South,Small Business,2024-08-08
C01454,Customer 01454,Female,48,41-50,Surat,Gujarat,West,Corporate,2022-03-17
C01455,Customer 01455,Male,38,31-40,Hyderabad,Telangana,South,Consumer,2022-03-01
C01456,Customer 01456,Female,56,51-60,Kolkata,West Bengal,East,Consumer,2022-03-28
C01457,Customer 01457,Male,24,21-30,Surat,Gujarat,West,Consumer,2023-10-05
C01458,Customer 01458,Male,47,41-50,Bhubaneswar,Odisha,East,Small Business,2022-07-04
C01459,Customer 01459,Male,36,31-40,Mumbai,Maharashtra,West,Consumer,2025-03-15
C01460,Customer 01460,Female,52,51-60,Lucknow,Uttar Pradesh,North,Consumer,2023-05-03
C01461,Customer 01461,Female,42,41-50,Lucknow,Uttar Pradesh,North,Corporate,2024-03-09
C01462,Customer 01462,Female,34,31-40,Kochi,Kerala,South,Consumer,2022-08-07
C01463,Customer 01463,Male,38,31-40,Chennai,Tamil Nadu,South,Small Business,2024-04-16
C01464,Customer 01464,Male,52,51-60,Kolkata,West Bengal,East,Corporate,2024-02-07
C01465,Customer 01465,Female,55,51-60,Lucknow,Uttar Pradesh,North,Small Business,2024-08-30
C01466,Customer 01466,Female,30,21-30,Kochi,Kerala,South,Small Business,2024-08-31
C01467,Customer 01467,Female,22,21-30,Ranchi,Jharkhand,East,Corporate,2025-05-25
C01468,Customer 01468,Male,36,31-40,Jaipur,Rajasthan,North,Small Business,2025-02-05
C01469,Customer 01469,Female,44,41-50,Mumbai,Maharashtra,West,Corporate,2022-09-07
C01470,Customer 01470,Female,45,41-50,Kochi,Kerala,South,Consumer,2024-03-15
C01471,Customer 01471,Female,26,21-30,Kolkata,West Bengal,East,Consumer,2023-09-02
C01472,Customer 01472,Male,49,41-50,Hyderabad,Telangana,South,Corporate,2023-10-12
C01473,Customer 01473,Male,38,31-40,Pune,Maharashtra,West,Consumer,2024-10-03
C01474,Customer 01474,Female,42,41-50,Surat,Gujarat,West,Corporate,2024-05-15
C01475,Customer 01475,Male,37,31-40,Lucknow,Uttar Pradesh,North,Corporate,2022-05-16
C01476,Customer 01476,Female,59,51-60,Ranchi,Jharkhand,East,Corporate,2025-01-26
C01477,Customer 01477,Female,22,21-30,Patna,Bihar,East,Consumer,2023-01-12
C01478,Customer 01478,Male,21,21-30,Ahmedabad,Gujarat,West,Small Business,2023-02-14
C01479,Customer 01479,Female,57,51-60,Bhubaneswar,Odisha,East,Consumer,2022-08-15
C01480,Customer 01480,Male,54,51-60,Chennai,Tamil Nadu,South,Corporate,2022-09-24
C01481,Customer 01481,Female,49,41-50,Pune,Maharashtra,West,Small Business,2022-10-01
C01482,Customer 01482,Male,58,51-60,Kolkata,West Bengal,East,Small Business,2023-08-01
C01483,Customer 01483,Male,47,41-50,Hyderabad,Telangana,South,Small Business,2023-01-08
C01484,Customer 01484,Female,57,51-60,Mumbai,Maharashtra,West,Consumer,2022-02-12
C01485,Customer 01485,Male,26,21-30,Delhi,Delhi,North,Small Business,2023-02-11
C01486,Customer 01486,Male,24,21-30,Kolkata,West Bengal,East,Small Business,2025-06-19
C01487,Customer 01487,Female,30,21-30,Pune,Maharashtra,West,Consumer,2024-01-24
C01488,Customer 01488,Male,21,21-30,Chennai,Tamil Nadu,South,Corporate,2024-12-12
C01489,Customer 01489,Female,52,51-60,Pune,Maharashtra,West,Consumer,2023-04-05
C01490,Customer 01490,Male,38,31-40,Hyderabad,Telangana,South,Small Business,2024-10-09
C01491,Customer 01491,Male,48,41-50,Mumbai,Maharashtra,West,Consumer,2025-05-13
C01492,Customer 01492,Female,33,31-40,Hyderabad,Telangana,South,Small Business,2023-01-05
C01493,Customer 01493,Male,22,21-30,Pune,Maharashtra,West,Small Business,2023-06-21
C01494,Customer 01494,Female,36,31-40,Kochi,Kerala,South,Small Business,2025-04-08
C01495,Customer 01495,Male,21,21-30,Ahmedabad,Gujarat,West,Small Business,2022-09-30
C01496,Customer 01496,Female,34,31-40,Patna,Bihar,East,Corporate,2024-02-25
C01497,Customer 01497,Female,25,21-30,Pune,Maharashtra,West,Consumer,2025-02-14
C01498,Customer 01498,Male,42,41-50,Jaipur,Rajasthan,North,Consumer,2024-08-22
C01499,Customer 01499,Male,21,21-30,Ranchi,Jharkhand,East,Small Business,2024-10-30
C01500,Customer 01500,Female,46,41-50,Mumbai,Maharashtra,West,Corporate,2024-01-30
C01501,Customer 01501,Male,58,51-60,Bengaluru,Karnataka,South,Consumer,2023-06-18
C01502,Customer 01502,Female,42,41-50,Chennai,Tamil Nadu,South,Small Business,2022-09-28
C01503,Customer 01503,Female,54,51-60,Chandigarh,Chandigarh,North,Small Business,2022-10-18
C01504,Customer 01504,Male,41,41-50,Kolkata,West Bengal,East,Consumer,2022-09-19
C01505,Customer 01505,Female,44,41-50,Surat,Gujarat,West,Small Business,2023-08-03
C01506,Customer 01506,Female,54,51-60,Kolkata,West Bengal,East,Small Business,2024-06-11
C01507,Customer 01507,Female,52,51-60,Chennai,Tamil Nadu,South,Consumer,2025-02-12
C01508,Customer 01508,Male,33,31-40,Ahmedabad,Gujarat,West,Consumer,2022-04-22
C01509,Customer 01509,Male,23,21-30,Kochi,Kerala,South,Small Business,2023-06-17
C01510,Customer 01510,Female,48,41-50,Chennai,Tamil Nadu,South,Consumer,2024-10-10
C01511,Customer 01511,Female,43,41-50,Jaipur,Rajasthan,North,Corporate,2025-02-22
C01512,Customer 01512,Female,52,51-60,Surat,Gujarat,West,Consumer,2022-10-31
C01513,Customer 01513,Female,26,21-30,Lucknow,Uttar Pradesh,North,Consumer,2023-08-05
C01514,Customer 01514,Male,53,51-60,Chennai,Tamil Nadu,South,Small Business,2025-02-27
C01515,Customer 01515,Male,54,51-60,Hyderabad,Telangana,South,Corporate,2023-01-05
C01516,Customer 01516,Male,36,31-40,Pune,Maharashtra,West,Small Business,2022-07-13
C01517,Customer 01517,Male,39,31-40,Patna,Bihar,East,Corporate,2022-09-07
C01518,Customer 01518,Female,58,51-60,Mumbai,Maharashtra,West,Consumer,2023-10-25
C01519,Customer 01519,Male,26,21-30,Bengaluru,Karnataka,South,Small Business,2024-09-09
C01520,Customer 01520,Female,59,51-60,Ahmedabad,Gujarat,West,Corporate,2022-01-12
C01521,Customer 01521,Male,60,51-60,Patna,Bihar,East,Small Business,2023-10-28
C01522,Customer 01522,Male,24,21-30,Bengaluru,Karnataka,South,Corporate,2023-08-03
C01523,Customer 01523,Male,25,21-30,Patna,Bihar,East,Corporate,2025-05-18
C01524,Customer 01524,Male,46,41-50,Mumbai,Maharashtra,West,Small Business,2022-12-31
C01525,Customer 01525,Female,26,21-30,Kochi,Kerala,South,Consumer,2023-03-03
C01526,Customer 01526,Female,46,41-50,Chennai,Tamil Nadu,South,Small Business,2022-11-12
C01527,Customer 01527,Female,52,51-60,Lucknow,Uttar Pradesh,North,Small Business,2023-09-28
C01528,Customer 01528,Female,27,21-30,Bengaluru,Karnataka,South,Small Business,2024-11-15
C01529,Customer 01529,Female,49,41-50,Hyderabad,Telangana,South,Small Business,2024-09-02
C01530,Customer 01530,Female,26,21-30,Kolkata,West Bengal,East,Small Business,2024-01-25
C01531,Customer 01531,Female,48,41-50,Chennai,Tamil Nadu,South,Consumer,2022-03-24
C01532,Customer 01532,Female,35,31-40,Patna,Bihar,East,Corporate,2022-11-14
C01533,Customer 01533,Male,39,31-40,Surat,Gujarat,West,Small Business,2024-06-14
C01534,Customer 01534,Female,40,31-40,Chandigarh,Chandigarh,North,Consumer,2022-09-19
C01535,Customer 01535,Male,54,51-60,Bhubaneswar,Odisha,East,Small Business,2023-08-29
C01536,Customer 01536,Male,23,21-30,Jaipur,Rajasthan,North,Corporate,2022-08-09
C01537,Customer 01537,Female,27,21-30,Pune,Maharashtra,West,Small Business,2025-03-10
C01538,Customer 01538,Female,37,31-40,Kolkata,West Bengal,East,Corporate,2022-06-17
C01539,Customer 01539,Male,50,41-50,Delhi,Delhi,North,Consumer,2023-01-09
C01540,Customer 01540,Male,26,21-30,Mumbai,Maharashtra,West,Small Business,2023-09-02
C01541,Customer 01541,Female,49,41-50,Patna,Bihar,East,Corporate,2023-06-27
C01542,Customer 01542,Male,34,31-40,Patna,Bihar,East,Consumer,2022-06-10
C01543,Customer 01543,Male,48,41-50,Kolkata,West Bengal,East,Corporate,2022-02-06
C01544,Customer 01544,Female,28,21-30,Delhi,Delhi,North,Consumer,2022-12-18
C01545,Customer 01545,Female,46,41-50,Surat,Gujarat,West,Corporate,2025-05-17
C01546,Customer 01546,Female,60,51-60,Surat,Gujarat,West,Corporate,2024-01-09
C01547,Customer 01547,Female,26,21-30,Mumbai,Maharashtra,West,Consumer,2022-10-04
C01548,Customer 01548,Male,28,21-30,Delhi,Delhi,North,Consumer,2023-01-21
C01549,Customer 01549,Male,51,51-60,Delhi,Delhi,North,Corporate,2022-10-25
C01550,Customer 01550,Female,55,51-60,Kochi,Kerala,South,Consumer,2022-06-26
C01551,Customer 01551,Female,30,21-30,Bhubaneswar,Odisha,East,Small Business,2024-05-14
C01552,Customer 01552,Male,31,31-40,Delhi,Delhi,North,Consumer,2024-06-30
C01553,Customer 01553,Female,22,21-30,Surat,Gujarat,West,Small Business,2025-04-13
C01554,Customer 01554,Male,39,31-40,Kochi,Kerala,South,Corporate,2024-03-13
C01555,Customer 01555,Female,21,21-30,Jaipur,Rajasthan,North,Consumer,2025-07-15
C01556,Customer 01556,Female,52,51-60,Pune,Maharashtra,West,Corporate,2025-03-31
C01557,Customer 01557,Male,52,51-60,Bhubaneswar,Odisha,East,Small Business,2024-09-22
C01558,Customer 01558,Male,24,21-30,Surat,Gujarat,West,Corporate,2022-02-08
C01559,Customer 01559,Female,56,51-60,Pune,Maharashtra,West,Consumer,2023-07-03
C01560,Customer 01560,Female,28,21-30,Pune,Maharashtra,West,Small Business,2025-06-29
C01561,Customer 01561,Female,48,41-50,Ranchi,Jharkhand,East,Consumer,2022-11-27
C01562,Customer 01562,Male,51,51-60,Bhubaneswar,Odisha,East,Small Business,2024-06-16
C01563,Customer 01563,Male,58,51-60,Kochi,Kerala,South,Corporate,2023-11-26
C01564,Customer 01564,Male,39,31-40,Ahmedabad,Gujarat,West,Corporate,2024-03-10
C01565,Customer 01565,Female,51,51-60,Pune,Maharashtra,West,Consumer,2025-06-27
C01566,Customer 01566,Female,26,21-30,Hyderabad,Telangana,South,Corporate,2024-09-15
C01567,Customer 01567,Male,33,31-40,Bengaluru,Karnataka,South,Consumer,2025-05-25
C01568,Customer 01568,Male,47,41-50,Surat,Gujarat,West,Small Business,2023-09-14
C01569,Customer 01569,Male,56,51-60,Kochi,Kerala,South,Consumer,2022-02-07
C01570,Customer 01570,Female,43,41-50,Ranchi,Jharkhand,East,Corporate,2022-11-21
C01571,Customer 01571,Male,25,21-30,Chennai,Tamil Nadu,South,Small Business,2024-05-31
C01572,Customer 01572,Male,28,21-30,Lucknow,Uttar Pradesh,North,Corporate,2023-04-04
C01573,Customer 01573,Female,42,41-50,Surat,Gujarat,West,Small Business,2022-04-06
C01574,Customer 01574,Male,53,51-60,Kolkata,West Bengal,East,Corporate,2022-08-02
C01575,Customer 01575,Female,50,41-50,Jaipur,Rajasthan,North,Consumer,2022-08-05
C01576,Customer 01576,Male,53,51-60,Lucknow,Uttar Pradesh,North,Consumer,2022-12-09
C01577,Customer 01577,Male,44,41-50,Lucknow,Uttar Pradesh,North,Consumer,2023-08-22
C01578,Customer 01578,Female,27,21-30,Ahmedabad,Gujarat,West,Consumer,2024-01-15
C01579,Customer 01579,Male,28,21-30,Patna,Bihar,East,Consumer,2024-06-18
C01580,Customer 01580,Male,36,31-40,Pune,Maharashtra,West,Small Business,2023-12-01
C01581,Customer 01581,Male,26,21-30,Bhubaneswar,Odisha,East,Small Business,2024-02-02
C01582,Customer 01582,Female,36,31-40,Pune,Maharashtra,West,Consumer,2024-12-20
C01583,Customer 01583,Male,29,21-30,Pune,Maharashtra,West,Small Business,2024-04-26
C01584,Customer 01584,Female,54,51-60,Pune,Maharashtra,West,Corporate,2024-01-11
C01585,Customer 01585,Female,30,21-30,Delhi,Delhi,North,Consumer,2024-11-25
C01586,Customer 01586,Male,42,41-50,Chandigarh,Chandigarh,North,Small Business,2024-04-02
C01587,Customer 01587,Female,24,21-30,Chennai,Tamil Nadu,South,Small Business,2022-03-17
C01588,Customer 01588,Male,54,51-60,Bengaluru,Karnataka,South,Small Business,2024-05-08
C01589,Customer 01589,Female,41,41-50,Mumbai,Maharashtra,West,Small Business,2022-01-17
C01590,Customer 01590,Male,46,41-50,Kolkata,West Bengal,East,Small Business,2023-02-25
C01591,Customer 01591,Female,46,41-50,Ahmedabad,Gujarat,West,Consumer,2023-09-10
C01592,Customer 01592,Male,55,51-60,Chandigarh,Chandigarh,North,Small Business,2024-03-09
C01593,Customer 01593,Female,34,31-40,Bengaluru,Karnataka,South,Consumer,2024-11-13
C01594,Customer 01594,Female,31,31-40,Bhubaneswar,Odisha,East,Consumer,2022-02-27
C01595,Customer 01595,Male,40,31-40,Kolkata,West Bengal,East,Corporate,2024-05-15
C01596,Customer 01596,Male,44,41-50,Lucknow,Uttar Pradesh,North,Small Business,2025-07-08
C01597,Customer 01597,Male,24,21-30,Ranchi,Jharkhand,East,Corporate,2022-09-13
C01598,Customer 01598,Female,57,51-60,Ahmedabad,Gujarat,West,Corporate,2022-01-11
C01599,Customer 01599,Female,36,31-40,Ahmedabad,Gujarat,West,Corporate,2025-04-06
C01600,Customer 01600,Female,40,31-40,Kochi,Kerala,South,Small Business,2025-03-19
C01601,Customer 01601,Female,54,51-60,Bengaluru,Karnataka,South,Corporate,2023-05-23
C01602,Customer 01602,Female,54,51-60,Lucknow,Uttar Pradesh,North,Corporate,2023-01-30
C01603,Customer 01603,Female,27,21-30,Ranchi,Jharkhand,East,Consumer,2024-05-21
C01604,Customer 01604,Male,26,21-30,Pune,Maharashtra,West,Consumer,2024-05-20
C01605,Customer 01605,Female,34,31-40,Bengaluru,Karnataka,South,Small Business,2022-06-09
C01606,Customer 01606,Female,58,51-60,Ranchi,Jharkhand,East,Corporate,2024-11-28
C01607,Customer 01607,Female,58,51-60,Mumbai,Maharashtra,West,Small Business,2024-05-17
C01608,Customer 01608,Female,47,41-50,Ahmedabad,Gujarat,West,Consumer,2022-10-23
C01609,Customer 01609,Female,50,41-50,Bengaluru,Karnataka,South,Consumer,2024-11-17
C01610,Customer 01610,Male,50,41-50,Lucknow,Uttar Pradesh,North,Small Business,2022-03-08
C01611,Customer 01611,Female,28,21-30,Chennai,Tamil Nadu,South,Corporate,2024-04-16
C01612,Customer 01612,Male,44,41-50,Lucknow,Uttar Pradesh,North,Corporate,2023-08-17
C01613,Customer 01613,Male,28,21-30,Jaipur,Rajasthan,North,Small Business,2023-09-17
C01614,Customer 01614,Female,39,31-40,Ranchi,Jharkhand,East,Small Business,2022-02-27
C01615,Customer 01615,Male,58,51-60,Bengaluru,Karnataka,South,Small Business,2022-04-10
C01616,Customer 01616,Female,34,31-40,Bhubaneswar,Odisha,East,Consumer,2024-09-28
C01617,Customer 01617,Male,56,51-60,Delhi,Delhi,North,Small Business,2022-05-19
C01618,Customer 01618,Female,51,51-60,Jaipur,Rajasthan,North,Corporate,2023-09-27
C01619,Customer 01619,Female,45,41-50,Ahmedabad,Gujarat,West,Small Business,2025-05-25
C01620,Customer 01620,Male,53,51-60,Bengaluru,Karnataka,South,Corporate,2024-08-01
C01621,Customer 01621,Female,30,21-30,Ahmedabad,Gujarat,West,Corporate,2023-10-29
C01622,Customer 01622,Female,45,41-50,Chandigarh,Chandigarh,North,Consumer,2024-03-20
C01623,Customer 01623,Male,49,41-50,Patna,Bihar,East,Corporate,2023-07-23
C01624,Customer 01624,Male,22,21-30,Chandigarh,Chandigarh,North,Corporate,2025-07-14
C01625,Customer 01625,Male,56,51-60,Bhubaneswar,Odisha,East,Consumer,2023-01-30
C01626,Customer 01626,Male,51,51-60,Jaipur,Rajasthan,North,Corporate,2022-02-08
C01627,Customer 01627,Male,22,21-30,Lucknow,Uttar Pradesh,North,Small Business,2023-02-26
C01628,Customer 01628,Female,26,21-30,Kochi,Kerala,South,Corporate,2025-05-27
C01629,Customer 01629,Female,58,51-60,Patna,Bihar,East,Consumer,2024-10-03
C01630,Customer 01630,Female,48,41-50,Delhi,Delhi,North,Consumer,2024-04-29
C01631,Customer 01631,Female,45,41-50,Delhi,Delhi,North,Small Business,2022-07-06
C01632,Customer 01632,Male,55,51-60,Lucknow,Uttar Pradesh,North,Consumer,2023-08-08
C01633,Customer 01633,Male,37,31-40,Bengaluru,Karnataka,South,Consumer,2022-11-12
C01634,Customer 01634,Female,31,31-40,Bhubaneswar,Odisha,East,Consumer,2025-06-12
C01635,Customer 01635,Male,22,21-30,Patna,Bihar,East,Corporate,2022-04-30
C01636,Customer 01636,Female,27,21-30,Bhubaneswar,Odisha,East,Small Business,2022-10-19
C01637,Customer 01637,Female,37,31-40,Pune,Maharashtra,West,Small Business,2022-09-05
C01638,Customer 01638,Male,36,31-40,Jaipur,Rajasthan,North,Corporate,2025-04-15
C01639,Customer 01639,Female,53,51-60,Kochi,Kerala,South,Corporate,2024-02-28
C01640,Customer 01640,Female,24,21-30,Lucknow,Uttar Pradesh,North,Small Business,2024-08-09
C01641,Customer 01641,Male,51,51-60,Pune,Maharashtra,West,Consumer,2024-04-14
C01642,Customer 01642,Male,38,31-40,Kochi,Kerala,South,Corporate,2025-04-15
C01643,Customer 01643,Male,56,51-60,Lucknow,Uttar Pradesh,North,Corporate,2022-09-15
C01644,Customer 01644,Female,49,41-50,Bhubaneswar,Odisha,East,Consumer,2024-10-21
C01645,Customer 01645,Male,44,41-50,Hyderabad,Telangana,South,Corporate,2022-12-11
C01646,Customer 01646,Female,56,51-60,Kochi,Kerala,South,Small Business,2022-03-27
C01647,Customer 01647,Female,60,51-60,Delhi,Delhi,North,Small Business,2022-12-09
C01648,Customer 01648,Male,51,51-60,Delhi,Delhi,North,Small Business,2025-05-09
C01649,Customer 01649,Female,43,41-50,Kolkata,West Bengal,East,Corporate,2023-03-12
C01650,Customer 01650,Male,31,31-40,Bhubaneswar,Odisha,East,Corporate,2024-12-29
C01651,Customer 01651,Female,26,21-30,Chandigarh,Chandigarh,North,Small Business,2022-09-09
C01652,Customer 01652,Female,48,41-50,Bengaluru,Karnataka,South,Consumer,2025-06-04
C01653,Customer 01653,Female,37,31-40,Patna,Bihar,East,Corporate,2024-07-16
C01654,Customer 01654,Male,41,41-50,Kolkata,West Bengal,East,Small Business,2023-03-08
C01655,Customer 01655,Female,22,21-30,Ahmedabad,Gujarat,West,Corporate,2022-10-01
C01656,Customer 01656,Female,21,21-30,Delhi,Delhi,North,Consumer,2022-12-22
C01657,Customer 01657,Female,46,41-50,Pune,Maharashtra,West,Corporate,2022-06-16
C01658,Customer 01658,Male,49,41-50,Chandigarh,Chandigarh,North,Corporate,2022-09-10
C01659,Customer 01659,Female,59,51-60,Ranchi,Jharkhand,East,Small Business,2024-03-03
C01660,Customer 01660,Male,28,21-30,Chennai,Tamil Nadu,South,Small Business,2024-01-29
C01661,Customer 01661,Female,21,21-30,Hyderabad,Telangana,South,Consumer,2022-02-10
C01662,Customer 01662,Female,33,31-40,Kolkata,West Bengal,East,Consumer,2025-06-10
C01663,Customer 01663,Male,35,31-40,Bhubaneswar,Odisha,East,Small Business,2024-01-14
C01664,Customer 01664,Female,52,51-60,Jaipur,Rajasthan,North,Corporate,2025-05-26
C01665,Customer 01665,Male,33,31-40,Hyderabad,Telangana,South,Corporate,2024-03-22
C01666,Customer 01666,Female,57,51-60,Lucknow,Uttar Pradesh,North,Corporate,2024-10-08
C01667,Customer 01667,Male,57,51-60,Chennai,Tamil Nadu,South,Corporate,2025-05-19
C01668,Customer 01668,Male,58,51-60,Chennai,Tamil Nadu,South,Consumer,2022-05-14
C01669,Customer 01669,Female,57,51-60,Bengaluru,Karnataka,South,Consumer,2024-12-07
C01670,Customer 01670,Male,22,21-30,Kolkata,West Bengal,East,Corporate,2024-12-27
C01671,Customer 01671,Female,21,21-30,Kolkata,West Bengal,East,Small Business,2022-04-17
C01672,Customer 01672,Female,47,41-50,Patna,Bihar,East,Small Business,2022-09-07
C01673,Customer 01673,Female,44,41-50,Ahmedabad,Gujarat,West,Corporate,2022-03-31
C01674,Customer 01674,Male,38,31-40,Kochi,Kerala,South,Small Business,2024-12-26
C01675,Customer 01675,Female,21,21-30,Ahmedabad,Gujarat,West,Small Business,2023-02-03
C01676,Customer 01676,Male,57,51-60,Patna,Bihar,East,Consumer,2023-04-08
C01677,Customer 01677,Male,36,31-40,Pune,Maharashtra,West,Consumer,2022-12-03
C01678,Customer 01678,Female,25,21-30,Patna,Bihar,East,Corporate,2025-07-04
C01679,Customer 01679,Male,51,51-60,Lucknow,Uttar Pradesh,North,Small Business,2022-02-19
C01680,Customer 01680,Female,36,31-40,Patna,Bihar,East,Consumer,2024-08-27
C01681,Customer 01681,Female,24,21-30,Kochi,Kerala,South,Small Business,2024-11-30
C01682,Customer 01682,Male,59,51-60,Kochi,Kerala,South,Corporate,2024-06-17
C01683,Customer 01683,Female,58,51-60,Lucknow,Uttar Pradesh,North,Consumer,2022-06-25
C01684,Customer 01684,Male,45,41-50,Jaipur,Rajasthan,North,Small Business,2022-05-14
C01685,Customer 01685,Male,49,41-50,Bengaluru,Karnataka,South,Consumer,2023-09-10
C01686,Customer 01686,Male,27,21-30,Pune,Maharashtra,West,Corporate,2022-04-25
C01687,Customer 01687,Female,45,41-50,Jaipur,Rajasthan,North,Small Business,2022-07-16
C01688,Customer 01688,Male,59,51-60,Pune,Maharashtra,West,Corporate,2025-07-01
C01689,Customer 01689,Female,45,41-50,Delhi,Delhi,North,Small Business,2024-05-26
C01690,Customer 01690,Female,22,21-30,Lucknow,Uttar Pradesh,North,Small Business,2024-11-25
C01691,Customer 01691,Male,27,21-30,Patna,Bihar,East,Consumer,2022-01-26
C01692,Customer 01692,Male,57,51-60,Chandigarh,Chandigarh,North,Consumer,2024-11-08
C01693,Customer 01693,Female,47,41-50,Kolkata,West Bengal,East,Small Business,2025-06-25
C01694,Customer 01694,Male,36,31-40,Ahmedabad,Gujarat,West,Consumer,2022-04-01
C01695,Customer 01695,Male,40,31-40,Jaipur,Rajasthan,North,Corporate,2024-06-11
C01696,Customer 01696,Female,58,51-60,Ranchi,Jharkhand,East,Corporate,2022-10-26
C01697,Customer 01697,Female,40,31-40,Bengaluru,Karnataka,South,Corporate,2023-12-04
C01698,Customer 01698,Female,21,21-30,Bhubaneswar,Odisha,East,Corporate,2025-04-16
C01699,Customer 01699,Male,36,31-40,Bengaluru,Karnataka,South,Corporate,2025-02-19
C01700,Customer 01700,Female,43,41-50,Jaipur,Rajasthan,North,Consumer,2023-02-15
C01701,Customer 01701,Male,42,41-50,Hyderabad,Telangana,South,Consumer,2024-09-01
C01702,Customer 01702,Female,58,51-60,Ahmedabad,Gujarat,West,Corporate,2023-11-19
C01703,Customer 01703,Female,42,41-50,Bhubaneswar,Odisha,East,Consumer,2022-08-03
C01704,Customer 01704,Male,52,51-60,Ahmedabad,Gujarat,West,Consumer,2022-01-08
C01705,Customer 01705,Male,50,41-50,Kochi,Kerala,South,Corporate,2023-03-13
C01706,Customer 01706,Female,42,41-50,Kochi,Kerala,South,Corporate,2024-02-09
C01707,Customer 01707,Female,32,31-40,Hyderabad,Telangana,South,Consumer,2024-01-14
C01708,Customer 01708,Male,43,41-50,Delhi,Delhi,North,Consumer,2025-02-10
C01709,Customer 01709,Male,39,31-40,Lucknow,Uttar Pradesh,North,Small Business,2023-02-03
C01710,Customer 01710,Male,22,21-30,Ranchi,Jharkhand,East,Consumer,2023-02-10
C01711,Customer 01711,Male,35,31-40,Bhubaneswar,Odisha,East,Small Business,2022-12-23
C01712,Customer 01712,Male,32,31-40,Patna,Bihar,East,Consumer,2022-02-14
C01713,Customer 01713,Female,27,21-30,Chennai,Tamil Nadu,South,Consumer,2022-10-09
C01714,Customer 01714,Male,42,41-50,Mumbai,Maharashtra,West,Consumer,2023-09-17
C01715,Customer 01715,Male,44,41-50,Ahmedabad,Gujarat,West,Small Business,2022-12-17
C01716,Customer 01716,Male,28,21-30,Pune,Maharashtra,West,Consumer,2022-09-25
C01717,Customer 01717,Male,55,51-60,Hyderabad,Telangana,South,Small Business,2024-02-06
C01718,Customer 01718,Female,36,31-40,Patna,Bihar,East,Consumer,2025-06-15
C01719,Customer 01719,Female,30,21-30,Hyderabad,Telangana,South,Small Business,2023-05-22
C01720,Customer 01720,Female,29,21-30,Jaipur,Rajasthan,North,Corporate,2025-04-11
C01721,Customer 01721,Male,26,21-30,Surat,Gujarat,West,Small Business,2025-06-13
C01722,Customer 01722,Male,53,51-60,Chandigarh,Chandigarh,North,Small Business,2024-11-08
C01723,Customer 01723,Female,54,51-60,Ranchi,Jharkhand,East,Small Business,2023-01-02
C01724,Customer 01724,Female,54,51-60,Patna,Bihar,East,Corporate,2024-09-16
C01725,Customer 01725,Female,38,31-40,Surat,Gujarat,West,Corporate,2024-04-01
C01726,Customer 01726,Male,35,31-40,Jaipur,Rajasthan,North,Consumer,2024-07-14
C01727,Customer 01727,Female,34,31-40,Kochi,Kerala,South,Small Business,2024-05-20
C01728,Customer 01728,Male,44,41-50,Mumbai,Maharashtra,West,Small Business,2025-02-01
C01729,Customer 01729,Male,26,21-30,Chandigarh,Chandigarh,North,Small Business,2024-06-29
C01730,Customer 01730,Male,58,51-60,Ranchi,Jharkhand,East,Consumer,2024-08-10
C01731,Customer 01731,Female,49,41-50,Patna,Bihar,East,Small Business,2024-06-04
C01732,Customer 01732,Female,52,51-60,Pune,Maharashtra,West,Small Business,2023-07-14
C01733,Customer 01733,Male,32,31-40,Mumbai,Maharashtra,West,Small Business,2023-04-24
C01734,Customer 01734,Male,43,41-50,Kolkata,West Bengal,East,Consumer,2023-08-27
C01735,Customer 01735,Female,35,31-40,Chandigarh,Chandigarh,North,Consumer,2022-08-31
C01736,Customer 01736,Female,23,21-30,Chandigarh,Chandigarh,North,Corporate,2023-02-15
C01737,Customer 01737,Male,42,41-50,Patna,Bihar,East,Small Business,2023-09-12
C01738,Customer 01738,Male,59,51-60,Kolkata,West Bengal,East,Consumer,2025-01-17
C01739,Customer 01739,Male,40,31-40,Kolkata,West Bengal,East,Small Business,2023-12-11
C01740,Customer 01740,Female,58,51-60,Mumbai,Maharashtra,West,Corporate,2022-01-25
C01741,Customer 01741,Male,46,41-50,Surat,Gujarat,West,Consumer,2023-04-10
C01742,Customer 01742,Female,35,31-40,Hyderabad,Telangana,South,Corporate,2025-04-17
C01743,Customer 01743,Female,42,41-50,Ahmedabad,Gujarat,West,Consumer,2023-10-04
C01744,Customer 01744,Female,47,41-50,Hyderabad,Telangana,South,Consumer,2024-06-17
C01745,Customer 01745,Male,44,41-50,Ahmedabad,Gujarat,West,Consumer,2025-03-28
C01746,Customer 01746,Female,21,21-30,Bengaluru,Karnataka,South,Small Business,2023-12-28
C01747,Customer 01747,Male,47,41-50,Patna,Bihar,East,Small Business,2024-04-06
C01748,Customer 01748,Female,58,51-60,Bhubaneswar,Odisha,East,Consumer,2025-03-08
C01749,Customer 01749,Male,30,21-30,Jaipur,Rajasthan,North,Small Business,2025-03-09
C01750,Customer 01750,Female,34,31-40,Mumbai,Maharashtra,West,Small Business,2022-05-11
C01751,Customer 01751,Male,51,51-60,Mumbai,Maharashtra,West,Consumer,2023-11-05
C01752,Customer 01752,Female,26,21-30,Ahmedabad,Gujarat,West,Consumer,2022-08-02
C01753,Customer 01753,Male,59,51-60,Chennai,Tamil Nadu,South,Small Business,2022-02-24
C01754,Customer 01754,Male,25,21-30,Chennai,Tamil Nadu,South,Small Business,2023-08-05
C01755,Customer 01755,Male,39,31-40,Hyderabad,Telangana,South,Corporate,2024-12-09
C01756,Customer 01756,Female,24,21-30,Chandigarh,Chandigarh,North,Small Business,2024-11-27
C01757,Customer 01757,Male,41,41-50,Delhi,Delhi,North,Small Business,2024-03-11
C01758,Customer 01758,Male,29,21-30,Chennai,Tamil Nadu,South,Corporate,2024-05-06
C01759,Customer 01759,Male,45,41-50,Surat,Gujarat,West,Consumer,2022-09-24
C01760,Customer 01760,Female,48,41-50,Hyderabad,Telangana,South,Corporate,2024-08-30
C01761,Customer 01761,Female,58,51-60,Chennai,Tamil Nadu,South,Consumer,2024-10-26
C01762,Customer 01762,Female,33,31-40,Ahmedabad,Gujarat,West,Consumer,2022-10-20
C01763,Customer 01763,Male,46,41-50,Ahmedabad,Gujarat,West,Corporate,2023-05-21
C01764,Customer 01764,Female,50,41-50,Patna,Bihar,East,Small Business,2025-03-25
C01765,Customer 01765,Male,39,31-40,Jaipur,Rajasthan,North,Corporate,2024-07-23
C01766,Customer 01766,Female,46,41-50,Ranchi,Jharkhand,East,Corporate,2022-12-25
C01767,Customer 01767,Male,32,31-40,Pune,Maharashtra,West,Corporate,2024-06-03
C01768,Customer 01768,Female,32,31-40,Ahmedabad,Gujarat,West,Corporate,2025-03-10
C01769,Customer 01769,Female,23,21-30,Lucknow,Uttar Pradesh,North,Consumer,2022-11-20
C01770,Customer 01770,Female,25,21-30,Kolkata,West Bengal,East,Corporate,2023-03-21
C01771,Customer 01771,Female,56,51-60,Surat,Gujarat,West,Consumer,2024-01-26
C01772,Customer 01772,Male,53,51-60,Chandigarh,Chandigarh,North,Small Business,2024-04-19
C01773,Customer 01773,Male,37,31-40,Ahmedabad,Gujarat,West,Consumer,2024-11-02
C01774,Customer 01774,Female,22,21-30,Jaipur,Rajasthan,North,Consumer,2024-08-03
C01775,Customer 01775,Female,46,41-50,Mumbai,Maharashtra,West,Consumer,2024-03-23
C01776,Customer 01776,Male,37,31-40,Jaipur,Rajasthan,North,Consumer,2022-10-07
C01777,Customer 01777,Female,52,51-60,Patna,Bihar,East,Small Business,2022-05-20
C01778,Customer 01778,Male,49,41-50,Chandigarh,Chandigarh,North,Consumer,2024-08-22
C01779,Customer 01779,Male,31,31-40,Kolkata,West Bengal,East,Consumer,2025-05-28
C01780,Customer 01780,Male,39,31-40,Lucknow,Uttar Pradesh,North,Consumer,2024-12-30
C01781,Customer 01781,Male,25,21-30,Mumbai,Maharashtra,West,Corporate,2022-01-23
C01782,Customer 01782,Male,49,41-50,Kolkata,West Bengal,East,Small Business,2022-12-31
C01783,Customer 01783,Male,55,51-60,Hyderabad,Telangana,South,Consumer,2024-06-24
C01784,Customer 01784,Male,45,41-50,Jaipur,Rajasthan,North,Corporate,2023-09-24
C01785,Customer 01785,Male,59,51-60,Ahmedabad,Gujarat,West,Consumer,2022-04-10
C01786,Customer 01786,Male,36,31-40,Mumbai,Maharashtra,West,Small Business,2023-05-04
C01787,Customer 01787,Male,22,21-30,Hyderabad,Telangana,South,Small Business,2022-02-27
C01788,Customer 01788,Female,33,31-40,Delhi,Delhi,North,Corporate,2022-05-10
C01789,Customer 01789,Male,31,31-40,Kochi,Kerala,South,Corporate,2022-12-09
C01790,Customer 01790,Female,53,51-60,Jaipur,Rajasthan,North,Consumer,2023-11-01
C01791,Customer 01791,Male,60,51-60,Patna,Bihar,East,Consumer,2025-01-14
C01792,Customer 01792,Female,28,21-30,Mumbai,Maharashtra,West,Consumer,2023-03-14
C01793,Customer 01793,Female,41,41-50,Lucknow,Uttar Pradesh,North,Consumer,2022-01-31
C01794,Customer 01794,Female,21,21-30,Mumbai,Maharashtra,West,Small Business,2023-03-12
C01795,Customer 01795,Male,25,21-30,Ahmedabad,Gujarat,West,Corporate,2023-07-25
C01796,Customer 01796,Male,25,21-30,Ranchi,Jharkhand,East,Consumer,2024-04-21
C01797,Customer 01797,Female,27,21-30,Bhubaneswar,Odisha,East,Corporate,2025-01-03
C01798,Customer 01798,Female,27,21-30,Chennai,Tamil Nadu,South,Corporate,2023-10-27
C01799,Customer 01799,Male,42,41-50,Mumbai,Maharashtra,West,Consumer,2023-10-14
C01800,Customer 01800,Male,42,41-50,Surat,Gujarat,West,Consumer,2025-05-31
C01801,Customer 01801,Female,53,51-60,Ahmedabad,Gujarat,West,Corporate,2023-04-22
C01802,Customer 01802,Male,22,21-30,Delhi,Delhi,North,Corporate,2022-09-12
C01803,Customer 01803,Male,48,41-50,Bhubaneswar,Odisha,East,Consumer,2025-06-23
C01804,Customer 01804,Male,29,21-30,Chandigarh,Chandigarh,North,Small Business,2024-10-18
C01805,Customer 01805,Male,30,21-30,Bhubaneswar,Odisha,East,Small Business,2023-02-23
C01806,Customer 01806,Male,59,51-60,Jaipur,Rajasthan,North,Small Business,2023-11-05
C01807,Customer 01807,Female,41,41-50,Bengaluru,Karnataka,South,Corporate,2022-03-23
C01808,Customer 01808,Female,22,21-30,Pune,Maharashtra,West,Consumer,2023-11-10
C01809,Customer 01809,Male,34,31-40,Patna,Bihar,East,Corporate,2022-04-21
C01810,Customer 01810,Male,59,51-60,Kochi,Kerala,South,Small Business,2024-12-03
C01811,Customer 01811,Male,49,41-50,Patna,Bihar,East,Corporate,2022-01-13
C01812,Customer 01812,Female,25,21-30,Chandigarh,Chandigarh,North,Consumer,2022-04-17
C01813,Customer 01813,Male,29,21-30,Bengaluru,Karnataka,South,Consumer,2022-12-22
C01814,Customer 01814,Male,53,51-60,Hyderabad,Telangana,South,Consumer,2024-05-22
C01815,Customer 01815,Female,31,31-40,Ahmedabad,Gujarat,West,Corporate,2023-02-09
C01816,Customer 01816,Female,32,31-40,Kochi,Kerala,South,Corporate,2023-05-25
C01817,Customer 01817,Female,57,51-60,Bhubaneswar,Odisha,East,Small Business,2023-02-17
C01818,Customer 01818,Female,26,21-30,Kolkata,West Bengal,East,Small Business,2024-03-26
C01819,Customer 01819,Male,51,51-60,Mumbai,Maharashtra,West,Small Business,2024-05-15
C01820,Customer 01820,Male,51,51-60,Pune,Maharashtra,West,Consumer,2024-02-21
C01821,Customer 01821,Male,40,31-40,Pune,Maharashtra,West,Corporate,2025-01-05
C01822,Customer 01822,Male,37,31-40,Bengaluru,Karnataka,South,Small Business,2024-08-07
C01823,Customer 01823,Female,39,31-40,Bhubaneswar,Odisha,East,Small Business,2025-02-25
C01824,Customer 01824,Male,42,41-50,Surat,Gujarat,West,Consumer,2024-08-19
C01825,Customer 01825,Male,33,31-40,Hyderabad,Telangana,South,Consumer,2022-01-27
C01826,Customer 01826,Female,46,41-50,Ranchi,Jharkhand,East,Small Business,2024-03-19
C01827,Customer 01827,Female,52,51-60,Ranchi,Jharkhand,East,Small Business,2025-04-19
C01828,Customer 01828,Female,23,21-30,Chandigarh,Chandigarh,North,Consumer,2024-02-28
C01829,Customer 01829,Male,48,41-50,Chennai,Tamil Nadu,South,Small Business,2023-12-15
C01830,Customer 01830,Female,24,21-30,Surat,Gujarat,West,Corporate,2024-02-29
C01831,Customer 01831,Male,36,31-40,Pune,Maharashtra,West,Small Business,2022-03-12
C01832,Customer 01832,Male,30,21-30,Ranchi,Jharkhand,East,Small Business,2025-05-24
C01833,Customer 01833,Male,37,31-40,Ahmedabad,Gujarat,West,Consumer,2025-05-18
C01834,Customer 01834,Male,28,21-30,Chennai,Tamil Nadu,South,Consumer,2024-02-27
C01835,Customer 01835,Male,54,51-60,Mumbai,Maharashtra,West,Consumer,2024-05-16
C01836,Customer 01836,Female,37,31-40,Chennai,Tamil Nadu,South,Corporate,2023-09-11
C01837,Customer 01837,Female,47,41-50,Mumbai,Maharashtra,West,Corporate,2022-07-02
C01838,Customer 01838,Female,30,21-30,Lucknow,Uttar Pradesh,North,Small Business,2023-03-06
C01839,Customer 01839,Female,21,21-30,Mumbai,Maharashtra,West,Consumer,2024-10-04
C01840,Customer 01840,Male,25,21-30,Delhi,Delhi,North,Corporate,2024-05-05
C01841,Customer 01841,Female,48,41-50,Pune,Maharashtra,West,Consumer,2022-12-28
C01842,Customer 01842,Male,29,21-30,Ranchi,Jharkhand,East,Consumer,2024-09-23
C01843,Customer 01843,Male,49,41-50,Chennai,Tamil Nadu,South,Corporate,2023-03-12
C01844,Customer 01844,Male,24,21-30,Chennai,Tamil Nadu,South,Corporate,2023-01-10
C01845,Customer 01845,Female,47,41-50,Hyderabad,Telangana,South,Small Business,2025-07-07
C01846,Customer 01846,Male,26,21-30,Lucknow,Uttar Pradesh,North,Small Business,2022-06-25
C01847,Customer 01847,Male,38,31-40,Mumbai,Maharashtra,West,Consumer,2023-12-02
C01848,Customer 01848,Male,51,51-60,Delhi,Delhi,North,Small Business,2022-07-26
C01849,Customer 01849,Male,38,31-40,Delhi,Delhi,North,Consumer,2025-04-07
C01850,Customer 01850,Male,34,31-40,Jaipur,Rajasthan,North,Corporate,2022-01-15
C01851,Customer 01851,Female,52,51-60,Mumbai,Maharashtra,West,Small Business,2023-11-22
C01852,Customer 01852,Female,44,41-50,Pune,Maharashtra,West,Corporate,2023-12-04
C01853,Customer 01853,Male,44,41-50,Patna,Bihar,East,Corporate,2024-03-27
C01854,Customer 01854,Male,43,41-50,Mumbai,Maharashtra,West,Small Business,2022-07-25
C01855,Customer 01855,Female,46,41-50,Delhi,Delhi,North,Corporate,2022-10-12
C01856,Customer 01856,Male,54,51-60,Delhi,Delhi,North,Small Business,2023-05-25
C01857,Customer 01857,Female,60,51-60,Ranchi,Jharkhand,East,Corporate,2024-08-31
C01858,Customer 01858,Male,21,21-30,Pune,Maharashtra,West,Corporate,2023-10-22
C01859,Customer 01859,Female,23,21-30,Delhi,Delhi,North,Corporate,2023-10-29
C01860,Customer 01860,Male,59,51-60,Ahmedabad,Gujarat,West,Small Business,2024-03-30
C01861,Customer 01861,Female,48,41-50,Chandigarh,Chandigarh,North,Small Business,2022-07-25
C01862,Customer 01862,Female,59,51-60,Mumbai,Maharashtra,West,Consumer,2022-10-21
C01863,Customer 01863,Male,52,51-60,Jaipur,Rajasthan,North,Consumer,2023-09-10
C01864,Customer 01864,Male,49,41-50,Ahmedabad,Gujarat,West,Consumer,2024-09-14
C01865,Customer 01865,Male,34,31-40,Kochi,Kerala,South,Consumer,2022-07-03
C01866,Customer 01866,Female,22,21-30,Lucknow,Uttar Pradesh,North,Consumer,2023-10-31
C01867,Customer 01867,Female,35,31-40,Mumbai,Maharashtra,West,Corporate,2023-06-12
C01868,Customer 01868,Male,29,21-30,Surat,Gujarat,West,Corporate,2025-07-21
C01869,Customer 01869,Male,42,41-50,Surat,Gujarat,West,Consumer,2025-03-25
C01870,Customer 01870,Female,45,41-50,Chandigarh,Chandigarh,North,Corporate,2024-02-21
C01871,Customer 01871,Male,35,31-40,Pune,Maharashtra,West,Small Business,2022-08-25
C01872,Customer 01872,Male,28,21-30,Bhubaneswar,Odisha,East,Consumer,2023-11-28
C01873,Customer 01873,Male,57,51-60,Hyderabad,Telangana,South,Small Business,2022-09-18
C01874,Customer 01874,Female,57,51-60,Patna,Bihar,East,Corporate,2022-01-04
C01875,Customer 01875,Male,58,51-60,Bhubaneswar,Odisha,East,Corporate,2023-01-24
C01876,Customer 01876,Female,41,41-50,Mumbai,Maharashtra,West,Small Business,2022-09-16
C01877,Customer 01877,Male,46,41-50,Kochi,Kerala,South,Consumer,2025-01-07
C01878,Customer 01878,Female,30,21-30,Ahmedabad,Gujarat,West,Small Business,2023-03-25
C01879,Customer 01879,Female,30,21-30,Surat,Gujarat,West,Corporate,2023-08-04
C01880,Customer 01880,Male,59,51-60,Bengaluru,Karnataka,South,Small Business,2023-09-25
C01881,Customer 01881,Female,57,51-60,Lucknow,Uttar Pradesh,North,Small Business,2025-07-16
C01882,Customer 01882,Female,39,31-40,Hyderabad,Telangana,South,Corporate,2024-02-11
C01883,Customer 01883,Female,30,21-30,Jaipur,Rajasthan,North,Corporate,2023-03-08
C01884,Customer 01884,Male,32,31-40,Kochi,Kerala,South,Small Business,2024-03-13
C01885,Customer 01885,Male,22,21-30,Bhubaneswar,Odisha,East,Corporate,2024-03-14
C01886,Customer 01886,Female,51,51-60,Patna,Bihar,East,Small Business,2024-03-12
C01887,Customer 01887,Male,54,51-60,Mumbai,Maharashtra,West,Corporate,2023-08-03
C01888,Customer 01888,Male,56,51-60,Bhubaneswar,Odisha,East,Small Business,2022-07-19
C01889,Customer 01889,Female,58,51-60,Bengaluru,Karnataka,South,Consumer,2023-09-15
C01890,Customer 01890,Male,57,51-60,Ahmedabad,Gujarat,West,Consumer,2024-06-23
C01891,Customer 01891,Female,30,21-30,Surat,Gujarat,West,Consumer,2023-03-23
C01892,Customer 01892,Male,44,41-50,Hyderabad,Telangana,South,Corporate,2025-03-24
C01893,Customer 01893,Male,45,41-50,Lucknow,Uttar Pradesh,North,Small Business,2022-12-11
C01894,Customer 01894,Male,43,41-50,Jaipur,Rajasthan,North,Small Business,2023-01-03
C01895,Customer 01895,Male,53,51-60,Jaipur,Rajasthan,North,Corporate,2023-11-25
C01896,Customer 01896,Male,46,41-50,Pune,Maharashtra,West,Consumer,2022-03-11
C01897,Customer 01897,Male,46,41-50,Lucknow,Uttar Pradesh,North,Small Business,2023-09-12
C01898,Customer 01898,Female,26,21-30,Chennai,Tamil Nadu,South,Small Business,2024-02-22
C01899,Customer 01899,Female,44,41-50,Kolkata,West Bengal,East,Consumer,2022-09-03
C01900,Customer 01900,Male,28,21-30,Lucknow,Uttar Pradesh,North,Small Business,2024-11-09
C01901,Customer 01901,Male,58,51-60,Kochi,Kerala,South,Corporate,2025-03-18
C01902,Customer 01902,Female,27,21-30,Surat,Gujarat,West,Corporate,2023-01-06
C01903,Customer 01903,Female,48,41-50,Mumbai,Maharashtra,West,Small Business,2025-03-16
C01904,Customer 01904,Male,41,41-50,Bengaluru,Karnataka,South,Consumer,2025-01-05
C01905,Customer 01905,Female,22,21-30,Chennai,Tamil Nadu,South,Small Business,2025-02-12
C01906,Customer 01906,Male,54,51-60,Surat,Gujarat,West,Corporate,2025-01-08
C01907,Customer 01907,Male,28,21-30,Lucknow,Uttar Pradesh,North,Consumer,2025-05-11
C01908,Customer 01908,Male,56,51-60,Chennai,Tamil Nadu,South,Small Business,2023-10-06
C01909,Customer 01909,Male,29,21-30,Lucknow,Uttar Pradesh,North,Corporate,2023-02-27
C01910,Customer 01910,Male,56,51-60,Chennai,Tamil Nadu,South,Small Business,2022-03-13
C01911,Customer 01911,Male,53,51-60,Chandigarh,Chandigarh,North,Small Business,2024-01-15
C01912,Customer 01912,Female,21,21-30,Chennai,Tamil Nadu,South,Consumer,2023-09-08
C01913,Customer 01913,Female,55,51-60,Jaipur,Rajasthan,North,Small Business,2022-10-14
C01914,Customer 01914,Female,54,51-60,Surat,Gujarat,West,Small Business,2025-05-26
C01915,Customer 01915,Male,23,21-30,Hyderabad,Telangana,South,Consumer,2022-03-17
C01916,Customer 01916,Male,40,31-40,Hyderabad,Telangana,South,Consumer,2022-10-02
C01917,Customer 01917,Female,38,31-40,Hyderabad,Telangana,South,Consumer,2025-06-28
C01918,Customer 01918,Male,56,51-60,Pune,Maharashtra,West,Small Business,2023-06-18
C01919,Customer 01919,Male,46,41-50,Mumbai,Maharashtra,West,Small Business,2022-06-20
C01920,Customer 01920,Female,30,21-30,Kolkata,West Bengal,East,Corporate,2023-02-22
C01921,Customer 01921,Female,33,31-40,Chandigarh,Chandigarh,North,Corporate,2024-02-02
C01922,Customer 01922,Female,30,21-30,Chennai,Tamil Nadu,South,Small Business,2024-06-07
C01923,Customer 01923,Male,59,51-60,Mumbai,Maharashtra,West,Consumer,2022-06-08
C01924,Customer 01924,Male,55,51-60,Kolkata,West Bengal,East,Consumer,2025-01-28
C01925,Customer 01925,Male,42,41-50,Pune,Maharashtra,West,Corporate,2022-07-02
C01926,Customer 01926,Female,38,31-40,Ranchi,Jharkhand,East,Consumer,2023-04-08
C01927,Customer 01927,Male,27,21-30,Kolkata,West Bengal,East,Small Business,2023-04-01
C01928,Customer 01928,Male,28,21-30,Mumbai,Maharashtra,West,Consumer,2024-12-14
C01929,Customer 01929,Female,27,21-30,Bhubaneswar,Odisha,East,Corporate,2023-12-16
C01930,Customer 01930,Female,59,51-60,Bhubaneswar,Odisha,East,Consumer,2022-04-09
C01931,Customer 01931,Female,45,41-50,Chennai,Tamil Nadu,South,Consumer,2023-12-08
C01932,Customer 01932,Female,58,51-60,Mumbai,Maharashtra,West,Consumer,2023-06-15
C01933,Customer 01933,Male,29,21-30,Delhi,Delhi,North,Consumer,2024-02-15
C01934,Customer 01934,Male,44,41-50,Kolkata,West Bengal,East,Corporate,2023-05-26
C01935,Customer 01935,Female,32,31-40,Pune,Maharashtra,West,Small Business,2023-12-26
C01936,Customer 01936,Female,38,31-40,Ahmedabad,Gujarat,West,Small Business,2024-12-02
C01937,Customer 01937,Female,26,21-30,Kochi,Kerala,South,Small Business,2024-04-12
C01938,Customer 01938,Male,26,21-30,Patna,Bihar,East,Consumer,2023-05-07
C01939,Customer 01939,Male,57,51-60,Chandigarh,Chandigarh,North,Consumer,2022-06-23
C01940,Customer 01940,Female,21,21-30,Bhubaneswar,Odisha,East,Small Business,2024-11-07
C01941,Customer 01941,Female,52,51-60,Bengaluru,Karnataka,South,Corporate,2024-12-26
C01942,Customer 01942,Female,21,21-30,Lucknow,Uttar Pradesh,North,Corporate,2023-01-25
C01943,Customer 01943,Female,55,51-60,Delhi,Delhi,North,Corporate,2023-12-08
C01944,Customer 01944,Male,59,51-60,Kochi,Kerala,South,Small Business,2022-12-12
C01945,Customer 01945,Male,25,21-30,Kochi,Kerala,South,Small Business,2022-10-01
C01946,Customer 01946,Male,48,41-50,Ranchi,Jharkhand,East,Small Business,2024-02-16
C01947,Customer 01947,Female,28,21-30,Chennai,Tamil Nadu,South,Small Business,2023-05-27
C01948,Customer 01948,Female,40,31-40,Lucknow,Uttar Pradesh,North,Small Business,2023-08-25
C01949,Customer 01949,Male,21,21-30,Kolkata,West Bengal,East,Corporate,2025-07-16
C01950,Customer 01950,Male,40,31-40,Mumbai,Maharashtra,West,Corporate,2024-11-21
C01951,Customer 01951,Female,60,51-60,Jaipur,Rajasthan,North,Small Business,2022-04-28
C01952,Customer 01952,Male,60,51-60,Ranchi,Jharkhand,East,Small Business,2023-11-04
C01953,Customer 01953,Female,27,21-30,Bhubaneswar,Odisha,East,Consumer,2023-12-18
C01954,Customer 01954,Female,43,41-50,Chennai,Tamil Nadu,South,Consumer,2022-07-27
C01955,Customer 01955,Female,33,31-40,Pune,Maharashtra,West,Consumer,2024-12-19
C01956,Customer 01956,Female,28,21-30,Bengaluru,Karnataka,South,Small Business,2022-01-15
C01957,Customer 01957,Female,35,31-40,Bengaluru,Karnataka,South,Small Business,2024-03-20
C01958,Customer 01958,Female,44,41-50,Ranchi,Jharkhand,East,Small Business,2023-01-09
C01959,Customer 01959,Male,49,41-50,Kolkata,West Bengal,East,Corporate,2024-06-18
C01960,Customer 01960,Male,43,41-50,Chennai,Tamil Nadu,South,Corporate,2024-06-07
C01961,Customer 01961,Female,33,31-40,Delhi,Delhi,North,Consumer,2023-01-24
C01962,Customer 01962,Male,29,21-30,Bhubaneswar,Odisha,East,Small Business,2024-05-12
C01963,Customer 01963,Male,31,31-40,Patna,Bihar,East,Corporate,2023-02-12
C01964,Customer 01964,Female,28,21-30,Surat,Gujarat,West,Small Business,2024-09-28
C01965,Customer 01965,Male,41,41-50,Surat,Gujarat,West,Small Business,2024-10-24
C01966,Customer 01966,Male,28,21-30,Mumbai,Maharashtra,West,Consumer,2022-02-13
C01967,Customer 01967,Male,43,41-50,Bengaluru,Karnataka,South,Corporate,2022-01-28
C01968,Customer 01968,Male,42,41-50,Kochi,Kerala,South,Small Business,2025-05-07
C01969,Customer 01969,Female,51,51-60,Delhi,Delhi,North,Small Business,2023-08-01
C01970,Customer 01970,Male,48,41-50,Surat,Gujarat,West,Consumer,2025-06-18
C01971,Customer 01971,Male,36,31-40,Bengaluru,Karnataka,South,Small Business,2022-08-24
C01972,Customer 01972,Male,48,41-50,Kolkata,West Bengal,East,Consumer,2024-08-28
C01973,Customer 01973,Male,33,31-40,Lucknow,Uttar Pradesh,North,Corporate,2025-07-12
C01974,Customer 01974,Male,28,21-30,Bengaluru,Karnataka,South,Consumer,2024-04-01
C01975,Customer 01975,Female,33,31-40,Jaipur,Rajasthan,North,Consumer,2024-05-23
C01976,Customer 01976,Male,26,21-30,Delhi,Delhi,North,Consumer,2024-02-18
C01977,Customer 01977,Female,35,31-40,Pune,Maharashtra,West,Consumer,2023-11-20
C01978,Customer 01978,Female,24,21-30,Pune,Maharashtra,West,Corporate,2024-05-24
C01979,Customer 01979,Female,28,21-30,Jaipur,Rajasthan,North,Small Business,2024-01-15
C01980,Customer 01980,Female,47,41-50,Kolkata,West Bengal,East,Consumer,2023-10-18
C01981,Customer 01981,Male,23,21-30,Jaipur,Rajasthan,North,Consumer,2022-04-17
C01982,Customer 01982,Male,39,31-40,Patna,Bihar,East,Small Business,2023-07-28
C01983,Customer 01983,Female,32,31-40,Lucknow,Uttar Pradesh,North,Small Business,2024-10-03
C01984,Customer 01984,Female,40,31-40,Ranchi,Jharkhand,East,Consumer,2022-07-18
C01985,Customer 01985,Male,42,41-50,Delhi,Delhi,North,Small Business,2024-01-11
C01986,Customer 01986,Male,38,31-40,Ranchi,Jharkhand,East,Consumer,2025-04-11
C01987,Customer 01987,Male,27,21-30,Mumbai,Maharashtra,West,Consumer,2025-07-13
C01988,Customer 01988,Male,58,51-60,Lucknow,Uttar Pradesh,North,Corporate,2023-01-26
C01989,Customer 01989,Female,27,21-30,Hyderabad,Telangana,South,Consumer,2025-01-24
C01990,Customer 01990,Female,51,51-60,Patna,Bihar,East,Consumer,2024-12-28
C01991,Customer 01991,Male,29,21-30,Bengaluru,Karnataka,South,Consumer,2024-05-06
C01992,Customer 01992,Female,44,41-50,Kolkata,West Bengal,East,Small Business,2025-07-13
C01993,Customer 01993,Female,25,21-30,Lucknow,Uttar Pradesh,North,Small Business,2024-05-08
C01994,Customer 01994,Male,59,51-60,Delhi,Delhi,North,Small Business,2022-09-22
C01995,Customer 01995,Male,57,51-60,Bhubaneswar,Odisha,East,Consumer,2023-01-25
C01996,Customer 01996,Female,55,51-60,Mumbai,Maharashtra,West,Corporate,2022-06-03
C01997,Customer 01997,Female,53,51-60,Chennai,Tamil Nadu,South,Small Business,2025-02-25
C01998,Customer 01998,Female,59,51-60,Mumbai,Maharashtra,West,Small Business,2023-02-28
C01999,Customer 01999,Male,31,31-40,Chennai,Tamil Nadu,South,Corporate,2023-03-23
C02000,Customer 02000,Female,53,51-60,Delhi,Delhi,North,Corporate,2024-12-11
C02001,Customer 02001,Female,35,31-40,Kolkata,West Bengal,East,Small Business,2023-07-04
C02002,Customer 02002,Male,35,31-40,Lucknow,Uttar Pradesh,North,Consumer,2024-12-28
C02003,Customer 02003,Female,23,21-30,Kochi,Kerala,South,Corporate,2022-10-31
C02004,Customer 02004,Male,38,31-40,Kolkata,West Bengal,East,Consumer,2023-05-25
C02005,Customer 02005,Male,21,21-30,Hyderabad,Telangana,South,Corporate,2023-12-13
C02006,Customer 02006,Female,26,21-30,Ranchi,Jharkhand,East,Corporate,2025-01-29
C02007,Customer 02007,Male,47,41-50,Kolkata,West Bengal,East,Corporate,2023-08-27
C02008,Customer 02008,Male,21,21-30,Patna,Bihar,East,Small Business,2023-03-26
C02009,Customer 02009,Male,37,31-40,Kolkata,West Bengal,East,Consumer,2025-01-05
C02010,Customer 02010,Female,37,31-40,Lucknow,Uttar Pradesh,North,Corporate,2025-07-23
C02011,Customer 02011,Female,35,31-40,Hyderabad,Telangana,South,Small Business,2023-07-05
C02012,Customer 02012,Female,30,21-30,Hyderabad,Telangana,South,Small Business,2023-04-20
C02013,Customer 02013,Female,30,21-30,Pune,Maharashtra,West,Small Business,2022-07-11
C02014,Customer 02014,Male,50,41-50,Surat,Gujarat,West,Consumer,2022-12-27
C02015,Customer 02015,Female,32,31-40,Hyderabad,Telangana,South,Corporate,2023-08-01
C02016,Customer 02016,Female,31,31-40,Delhi,Delhi,North,Consumer,2024-03-18
C02017,Customer 02017,Male,30,21-30,Hyderabad,Telangana,South,Consumer,2024-05-23
C02018,Customer 02018,Female,46,41-50,Kochi,Kerala,South,Consumer,2024-12-14
C02019,Customer 02019,Male,59,51-60,Bengaluru,Karnataka,South,Consumer,2024-02-13
C02020,Customer 02020,Male,28,21-30,Mumbai,Maharashtra,West,Consumer,2022-03-31
C02021,Customer 02021,Male,26,21-30,Bengaluru,Karnataka,South,Small Business,2022-10-20
C02022,Customer 02022,Male,27,21-30,Delhi,Delhi,North,Corporate,2023-11-25
C02023,Customer 02023,Male,29,21-30,Chandigarh,Chandigarh,North,Small Business,2025-02-26
C02024,Customer 02024,Male,40,31-40,Ahmedabad,Gujarat,West,Small Business,2024-09-07
C02025,Customer 02025,Male,24,21-30,Bengaluru,Karnataka,South,Corporate,2023-07-02
C02026,Customer 02026,Male,23,21-30,Lucknow,Uttar Pradesh,North,Consumer,2025-01-20
C02027,Customer 02027,Male,53,51-60,Bhubaneswar,Odisha,East,Small Business,2022-10-18
C02028,Customer 02028,Male,22,21-30,Delhi,Delhi,North,Consumer,2024-05-24
C02029,Customer 02029,Male,43,41-50,Mumbai,Maharashtra,West,Corporate,2023-08-11
C02030,Customer 02030,Female,28,21-30,Kochi,Kerala,South,Small Business,2022-12-14
C02031,Customer 02031,Male,27,21-30,Lucknow,Uttar Pradesh,North,Small Business,2024-01-02
C02032,Customer 02032,Female,28,21-30,Chandigarh,Chandigarh,North,Small Business,2022-06-23
C02033,Customer 02033,Male,32,31-40,Jaipur,Rajasthan,North,Small Business,2024-12-22
C02034,Customer 02034,Male,48,41-50,Patna,Bihar,East,Consumer,2023-09-10
C02035,Customer 02035,Female,27,21-30,Bhubaneswar,Odisha,East,Small Business,2024-10-19
C02036,Customer 02036,Female,25,21-30,Ranchi,Jharkhand,East,Consumer,2022-11-01
C02037,Customer 02037,Female,30,21-30,Bengaluru,Karnataka,South,Small Business,2024-07-03
C02038,Customer 02038,Male,28,21-30,Surat,Gujarat,West,Corporate,2024-05-25
C02039,Customer 02039,Male,26,21-30,Kolkata,West Bengal,East,Small Business,2022-09-19
C02040,Customer 02040,Female,43,41-50,Chennai,Tamil Nadu,South,Small Business,2024-10-09
C02041,Customer 02041,Female,47,41-50,Pune,Maharashtra,West,Corporate,2023-11-14
C02042,Customer 02042,Male,45,41-50,Bengaluru,Karnataka,South,Small Business,2025-01-30
C02043,Customer 02043,Female,55,51-60,Surat,Gujarat,West,Corporate,2023-04-17
C02044,Customer 02044,Male,58,51-60,Mumbai,Maharashtra,West,Corporate,2024-05-13
C02045,Customer 02045,Male,36,31-40,Kochi,Kerala,South,Small Business,2022-01-06
C02046,Customer 02046,Male,44,41-50,Hyderabad,Telangana,South,Corporate,2024-08-28
C02047,Customer 02047,Male,24,21-30,Bengaluru,Karnataka,South,Small Business,2024-01-10
C02048,Customer 02048,Female,50,41-50,Bengaluru,Karnataka,South,Consumer,2025-02-03
C02049,Customer 02049,Male,34,31-40,Pune,Maharashtra,West,Consumer,2022-04-25
C02050,Customer 02050,Male,30,21-30,Bengaluru,Karnataka,South,Small Business,2022-02-23
C02051,Customer 02051,Female,24,21-30,Pune,Maharashtra,West,Corporate,2022-08-06
C02052,Customer 02052,Female,59,51-60,Chandigarh,Chandigarh,North,Consumer,2022-03-03
C02053,Customer 02053,Female,30,21-30,Bengaluru,Karnataka,South,Consumer,2023-05-17
C02054,Customer 02054,Male,57,51-60,Chandigarh,Chandigarh,North,Small Business,2022-11-03
C02055,Customer 02055,Female,29,21-30,Chennai,Tamil Nadu,South,Corporate,2024-12-16
C02056,Customer 02056,Female,47,41-50,Bhubaneswar,Odisha,East,Corporate,2023-11-22
C02057,Customer 02057,Male,39,31-40,Ahmedabad,Gujarat,West,Consumer,2022-11-16
C02058,Customer 02058,Male,59,51-60,Jaipur,Rajasthan,North,Consumer,2024-10-27
C02059,Customer 02059,Male,46,41-50,Chennai,Tamil Nadu,South,Small Business,2024-07-19
C02060,Customer 02060,Female,35,31-40,Kolkata,West Bengal,East,Small Business,2022-11-18
C02061,Customer 02061,Male,54,51-60,Kolkata,West Bengal,East,Small Business,2022-09-14
C02062,Customer 02062,Female,60,51-60,Hyderabad,Telangana,South,Consumer,2023-03-25
C02063,Customer 02063,Male,56,51-60,Mumbai,Maharashtra,West,Corporate,2022-06-08
C02064,Customer 02064,Female,41,41-50,Ahmedabad,Gujarat,West,Corporate,2024-04-09
C02065,Customer 02065,Male,24,21-30,Mumbai,Maharashtra,West,Small Business,2024-05-18
C02066,Customer 02066,Female,27,21-30,Hyderabad,Telangana,South,Consumer,2022-06-09
C02067,Customer 02067,Female,22,21-30,Ranchi,Jharkhand,East,Consumer,2023-08-01
C02068,Customer 02068,Male,25,21-30,Chennai,Tamil Nadu,South,Consumer,2025-05-07
C02069,Customer 02069,Female,33,31-40,Delhi,Delhi,North,Corporate,2023-02-18
C02070,Customer 02070,Male,38,31-40,Jaipur,Rajasthan,North,Consumer,2025-03-13
C02071,Customer 02071,Female,23,21-30,Jaipur,Rajasthan,North,Consumer,2023-10-07
C02072,Customer 02072,Female,21,21-30,Chandigarh,Chandigarh,North,Small Business,2023-08-02
C02073,Customer 02073,Male,41,41-50,Mumbai,Maharashtra,West,Small Business,2023-12-30
C02074,Customer 02074,Male,42,41-50,Bengaluru,Karnataka,South,Small Business,2024-10-28
C02075,Customer 02075,Male,22,21-30,Lucknow,Uttar Pradesh,North,Corporate,2024-02-22
C02076,Customer 02076,Male,39,31-40,Surat,Gujarat,West,Consumer,2022-11-07
C02077,Customer 02077,Male,26,21-30,Ahmedabad,Gujarat,West,Corporate,2023-04-20
C02078,Customer 02078,Male,31,31-40,Hyderabad,Telangana,South,Corporate,2024-11-23
C02079,Customer 02079,Female,29,21-30,Patna,Bihar,East,Small Business,2023-08-19
C02080,Customer 02080,Female,23,21-30,Ranchi,Jharkhand,East,Corporate,2024-03-04
C02081,Customer 02081,Male,60,51-60,Kochi,Kerala,South,Corporate,2022-06-03
C02082,Customer 02082,Female,27,21-30,Bengaluru,Karnataka,South,Consumer,2022-10-20
C02083,Customer 02083,Male,52,51-60,Bhubaneswar,Odisha,East,Consumer,2024-07-20
C02084,Customer 02084,Male,39,31-40,Patna,Bihar,East,Consumer,2022-05-20
C02085,Customer 02085,Female,43,41-50,Kolkata,West Bengal,East,Consumer,2022-05-26
C02086,Customer 02086,Female,37,31-40,Chennai,Tamil Nadu,South,Small Business,2023-06-09
C02087,Customer 02087,Male,28,21-30,Ahmedabad,Gujarat,West,Corporate,2024-09-26
C02088,Customer 02088,Female,39,31-40,Jaipur,Rajasthan,North,Small Business,2024-04-17
C02089,Customer 02089,Female,44,41-50,Bengaluru,Karnataka,South,Corporate,2025-07-03
C02090,Customer 02090,Female,26,21-30,Patna,Bihar,East,Corporate,2024-04-26
C02091,Customer 02091,Female,23,21-30,Ahmedabad,Gujarat,West,Corporate,2022-04-27
C02092,Customer 02092,Male,30,21-30,Kochi,Kerala,South,Consumer,2023-08-19
C02093,Customer 02093,Male,57,51-60,Mumbai,Maharashtra,West,Small Business,2022-05-30
C02094,Customer 02094,Female,50,41-50,Kochi,Kerala,South,Corporate,2022-07-11
C02095,Customer 02095,Female,50,41-50,Ranchi,Jharkhand,East,Corporate,2024-12-31
C02096,Customer 02096,Male,26,21-30,Ahmedabad,Gujarat,West,Consumer,2022-08-10
C02097,Customer 02097,Female,33,31-40,Mumbai,Maharashtra,West,Small Business,2023-11-05
C02098,Customer 02098,Female,42,41-50,Chandigarh,Chandigarh,North,Corporate,2024-09-22
C02099,Customer 02099,Female,28,21-30,Hyderabad,Telangana,South,Small Business,2024-07-19
C02100,Customer 02100,Male,51,51-60,Jaipur,Rajasthan,North,Consumer,2023-03-14
C02101,Customer 02101,Male,59,51-60,Patna,Bihar,East,Small Business,2022-05-08
C02102,Customer 02102,Female,51,51-60,Ranchi,Jharkhand,East,Consumer,2022-04-21
C02103,Customer 02103,Male,48,41-50,Hyderabad,Telangana,South,Small Business,2023-06-01
C02104,Customer 02104,Male,30,21-30,Chennai,Tamil Nadu,South,Consumer,2023-07-15
C02105,Customer 02105,Male,40,31-40,Mumbai,Maharashtra,West,Corporate,2024-07-13
C02106,Customer 02106,Male,37,31-40,Pune,Maharashtra,West,Consumer,2022-04-21
C02107,Customer 02107,Female,42,41-50,Chandigarh,Chandigarh,North,Small Business,2022-12-03
C02108,Customer 02108,Female,47,41-50,Hyderabad,Telangana,South,Small Business,2024-08-31
C02109,Customer 02109,Female,43,41-50,Chennai,Tamil Nadu,South,Corporate,2025-03-14
C02110,Customer 02110,Male,56,51-60,Mumbai,Maharashtra,West,Corporate,2023-02-11
C02111,Customer 02111,Male,41,41-50,Chandigarh,Chandigarh,North,Corporate,2023-10-11
C02112,Customer 02112,Male,50,41-50,Delhi,Delhi,North,Consumer,2024-10-19
C02113,Customer 02113,Male,47,41-50,Patna,Bihar,East,Small Business,2024-12-02
C02114,Customer 02114,Female,29,21-30,Delhi,Delhi,North,Corporate,2024-07-09
C02115,Customer 02115,Male,34,31-40,Lucknow,Uttar Pradesh,North,Corporate,2023-01-20
C02116,Customer 02116,Male,59,51-60,Pune,Maharashtra,West,Small Business,2023-03-19
C02117,Customer 02117,Male,33,31-40,Ranchi,Jharkhand,East,Corporate,2025-03-27
C02118,Customer 02118,Female,44,41-50,Delhi,Delhi,North,Consumer,2023-09-11
C02119,Customer 02119,Male,52,51-60,Bhubaneswar,Odisha,East,Corporate,2024-07-22
C02120,Customer 02120,Female,43,41-50,Pune,Maharashtra,West,Small Business,2025-01-15
C02121,Customer 02121,Female,28,21-30,Pune,Maharashtra,West,Consumer,2024-07-28
C02122,Customer 02122,Female,32,31-40,Pune,Maharashtra,West,Corporate,2025-05-03
C02123,Customer 02123,Female,45,41-50,Chennai,Tamil Nadu,South,Small Business,2024-06-14
C02124,Customer 02124,Male,26,21-30,Bhubaneswar,Odisha,East,Consumer,2022-07-03
C02125,Customer 02125,Female,27,21-30,Delhi,Delhi,North,Small Business,2025-07-01
C02126,Customer 02126,Female,53,51-60,Lucknow,Uttar Pradesh,North,Corporate,2022-03-08
C02127,Customer 02127,Female,34,31-40,Bhubaneswar,Odisha,East,Consumer,2024-07-20
C02128,Customer 02128,Male,33,31-40,Mumbai,Maharashtra,West,Small Business,2022-09-12
C02129,Customer 02129,Female,47,41-50,Ranchi,Jharkhand,East,Corporate,2024-03-21
C02130,Customer 02130,Female,35,31-40,Delhi,Delhi,North,Corporate,2023-08-04
C02131,Customer 02131,Female,40,31-40,Kolkata,West Bengal,East,Small Business,2023-05-10
C02132,Customer 02132,Female,23,21-30,Delhi,Delhi,North,Consumer,2022-02-23
C02133,Customer 02133,Female,54,51-60,Bengaluru,Karnataka,South,Corporate,2025-05-13
C02134,Customer 02134,Female,31,31-40,Patna,Bihar,East,Corporate,2024-05-30
C02135,Customer 02135,Female,33,31-40,Kochi,Kerala,South,Corporate,2024-03-16
C02136,Customer 02136,Female,29,21-30,Jaipur,Rajasthan,North,Corporate,2024-03-10
C02137,Customer 02137,Female,41,41-50,Chennai,Tamil Nadu,South,Corporate,2022-11-21
C02138,Customer 02138,Male,27,21-30,Pune,Maharashtra,West,Corporate,2022-09-16
C02139,Customer 02139,Female,37,31-40,Lucknow,Uttar Pradesh,North,Corporate,2022-11-22
C02140,Customer 02140,Male,26,21-30,Patna,Bihar,East,Consumer,2022-02-22
C02141,Customer 02141,Male,58,51-60,Pune,Maharashtra,West,Consumer,2022-02-26
C02142,Customer 02142,Female,22,21-30,Chandigarh,Chandigarh,North,Corporate,2022-09-25
C02143,Customer 02143,Female,32,31-40,Ahmedabad,Gujarat,West,Consumer,2023-03-31
C02144,Customer 02144,Male,55,51-60,Bhubaneswar,Odisha,East,Consumer,2024-02-14
C02145,Customer 02145,Male,38,31-40,Kolkata,West Bengal,East,Consumer,2022-10-22
C02146,Customer 02146,Male,28,21-30,Delhi,Delhi,North,Small Business,2025-05-05
C02147,Customer 02147,Male,30,21-30,Lucknow,Uttar Pradesh,North,Small Business,2023-06-21
C02148,Customer 02148,Male,25,21-30,Chennai,Tamil Nadu,South,Small Business,2024-01-11
C02149,Customer 02149,Female,27,21-30,Hyderabad,Telangana,South,Small Business,2022-02-14
C02150,Customer 02150,Male,52,51-60,Pune,Maharashtra,West,Corporate,2022-06-06
C02151,Customer 02151,Female,45,41-50,Hyderabad,Telangana,South,Small Business,2025-07-21
C02152,Customer 02152,Male,32,31-40,Ahmedabad,Gujarat,West,Small Business,2022-01-21
C02153,Customer 02153,Male,28,21-30,Chennai,Tamil Nadu,South,Small Business,2023-12-12
C02154,Customer 02154,Male,31,31-40,Surat,Gujarat,West,Corporate,2023-06-06
C02155,Customer 02155,Male,59,51-60,Lucknow,Uttar Pradesh,North,Consumer,2025-01-02
C02156,Customer 02156,Male,34,31-40,Delhi,Delhi,North,Small Business,2022-08-24
C02157,Customer 02157,Male,41,41-50,Hyderabad,Telangana,South,Consumer,2023-03-27
C02158,Customer 02158,Male,38,31-40,Chandigarh,Chandigarh,North,Small Business,2024-09-13
C02159,Customer 02159,Male,43,41-50,Hyderabad,Telangana,South,Corporate,2025-02-03
C02160,Customer 02160,Female,52,51-60,Bhubaneswar,Odisha,East,Small Business,2024-11-15
C02161,Customer 02161,Male,37,31-40,Mumbai,Maharashtra,West,Consumer,2023-02-10
C02162,Customer 02162,Female,27,21-30,Kolkata,West Bengal,East,Corporate,2025-04-18
C02163,Customer 02163,Male,34,31-40,Bhubaneswar,Odisha,East,Corporate,2024-09-26
C02164,Customer 02164,Female,48,41-50,Pune,Maharashtra,West,Corporate,2023-07-11
C02165,Customer 02165,Male,59,51-60,Patna,Bihar,East,Small Business,2024-05-29
C02166,Customer 02166,Female,44,41-50,Hyderabad,Telangana,South,Corporate,2022-05-12
C02167,Customer 02167,Male,23,21-30,Ahmedabad,Gujarat,West,Corporate,2023-06-03
C02168,Customer 02168,Female,59,51-60,Pune,Maharashtra,West,Corporate,2024-12-22
C02169,Customer 02169,Female,22,21-30,Ranchi,Jharkhand,East,Consumer,2023-01-04
C02170,Customer 02170,Female,32,31-40,Patna,Bihar,East,Small Business,2023-05-18
C02171,Customer 02171,Male,44,41-50,Chandigarh,Chandigarh,North,Small Business,2022-10-25
C02172,Customer 02172,Male,21,21-30,Patna,Bihar,East,Small Business,2022-01-23
C02173,Customer 02173,Male,50,41-50,Patna,Bihar,East,Corporate,2023-10-21
C02174,Customer 02174,Male,45,41-50,Kochi,Kerala,South,Small Business,2025-05-17
C02175,Customer 02175,Male,27,21-30,Hyderabad,Telangana,South,Corporate,2023-07-24
C02176,Customer 02176,Female,48,41-50,Chandigarh,Chandigarh,North,Small Business,2023-10-18
C02177,Customer 02177,Male,24,21-30,Hyderabad,Telangana,South,Small Business,2024-10-18
C02178,Customer 02178,Female,47,41-50,Jaipur,Rajasthan,North,Consumer,2022-09-12
C02179,Customer 02179,Male,59,51-60,Ahmedabad,Gujarat,West,Small Business,2025-04-25
C02180,Customer 02180,Male,57,51-60,Mumbai,Maharashtra,West,Consumer,2023-08-07
C02181,Customer 02181,Male,50,41-50,Delhi,Delhi,North,Small Business,2022-09-26
C02182,Customer 02182,Male,55,51-60,Mumbai,Maharashtra,West,Corporate,2022-03-22
C02183,Customer 02183,Male,25,21-30,Patna,Bihar,East,Small Business,2022-07-14
C02184,Customer 02184,Female,38,31-40,Pune,Maharashtra,West,Small Business,2023-12-10
C02185,Customer 02185,Male,56,51-60,Mumbai,Maharashtra,West,Small Business,2024-10-08
C02186,Customer 02186,Female,40,31-40,Jaipur,Rajasthan,North,Corporate,2024-07-19
C02187,Customer 02187,Male,44,41-50,Surat,Gujarat,West,Corporate,2022-07-30
C02188,Customer 02188,Male,24,21-30,Delhi,Delhi,North,Consumer,2022-10-12
C02189,Customer 02189,Female,48,41-50,Lucknow,Uttar Pradesh,North,Consumer,2022-12-15
C02190,Customer 02190,Male,44,41-50,Chandigarh,Chandigarh,North,Corporate,2022-01-11
C02191,Customer 02191,Female,23,21-30,Jaipur,Rajasthan,North,Consumer,2022-04-09
C02192,Customer 02192,Male,37,31-40,Bhubaneswar,Odisha,East,Small Business,2025-06-08
C02193,Customer 02193,Female,31,31-40,Mumbai,Maharashtra,West,Consumer,2025-04-09
C02194,Customer 02194,Male,29,21-30,Ahmedabad,Gujarat,West,Small Business,2022-10-31
C02195,Customer 02195,Female,28,21-30,Pune,Maharashtra,West,Corporate,2024-12-16
C02196,Customer 02196,Female,52,51-60,Kochi,Kerala,South,Small Business,2023-10-22
C02197,Customer 02197,Male,26,21-30,Surat,Gujarat,West,Small Business,2023-08-30
C02198,Customer 02198,Female,56,51-60,Chandigarh,Chandigarh,North,Consumer,2023-02-26
C02199,Customer 02199,Male,52,51-60,Chandigarh,Chandigarh,North,Consumer,2023-03-12
C02200,Customer 02200,Male,50,41-50,Delhi,Delhi,North,Small Business,2023-01-20
C02201,Customer 02201,Male,42,41-50,Surat,Gujarat,West,Consumer,2025-04-24
C02202,Customer 02202,Female,50,41-50,Patna,Bihar,East,Corporate,2022-11-12
C02203,Customer 02203,Male,35,31-40,Lucknow,Uttar Pradesh,North,Small Business,2024-02-29
C02204,Customer 02204,Male,46,41-50,Ahmedabad,Gujarat,West,Consumer,2022-05-21
C02205,Customer 02205,Female,31,31-40,Kolkata,West Bengal,East,Corporate,2023-09-22
C02206,Customer 02206,Male,50,41-50,Lucknow,Uttar Pradesh,North,Consumer,2022-08-14
C02207,Customer 02207,Male,50,41-50,Kochi,Kerala,South,Consumer,2023-07-01
C02208,Customer 02208,Female,54,51-60,Delhi,Delhi,North,Small Business,2023-12-22
C02209,Customer 02209,Male,56,51-60,Kolkata,West Bengal,East,Consumer,2023-12-27
C02210,Customer 02210,Male,30,21-30,Pune,Maharashtra,West,Small Business,2024-10-25
C02211,Customer 02211,Female,24,21-30,Pune,Maharashtra,West,Small Business,2023-07-13
C02212,Customer 02212,Male,24,21-30,Ranchi,Jharkhand,East,Corporate,2024-02-23
C02213,Customer 02213,Male,39,31-40,Pune,Maharashtra,West,Consumer,2024-04-04
C02214,Customer 02214,Female,54,51-60,Chennai,Tamil Nadu,South,Corporate,2024-10-07
C02215,Customer 02215,Male,24,21-30,Pune,Maharashtra,West,Corporate,2023-05-25
C02216,Customer 02216,Male,28,21-30,Lucknow,Uttar Pradesh,North,Consumer,2022-03-15
C02217,Customer 02217,Male,25,21-30,Kolkata,West Bengal,East,Corporate,2022-07-26
C02218,Customer 02218,Male,60,51-60,Kolkata,West Bengal,East,Corporate,2024-04-08
C02219,Customer 02219,Female,27,21-30,Mumbai,Maharashtra,West,Consumer,2023-07-04
C02220,Customer 02220,Male,31,31-40,Surat,Gujarat,West,Consumer,2023-12-13
C02221,Customer 02221,Female,21,21-30,Bhubaneswar,Odisha,East,Consumer,2023-01-15
C02222,Customer 02222,Female,36,31-40,Surat,Gujarat,West,Consumer,2023-10-08
C02223,Customer 02223,Male,32,31-40,Chandigarh,Chandigarh,North,Small Business,2024-07-21
C02224,Customer 02224,Male,51,51-60,Bengaluru,Karnataka,South,Small Business,2023-11-16
C02225,Customer 02225,Male,37,31-40,Delhi,Delhi,North,Consumer,2022-12-16
C02226,Customer 02226,Female,51,51-60,Delhi,Delhi,North,Corporate,2022-01-03
C02227,Customer 02227,Male,51,51-60,Surat,Gujarat,West,Consumer,2022-04-03
C02228,Customer 02228,Female,35,31-40,Delhi,Delhi,North,Corporate,2024-10-27
C02229,Customer 02229,Male,27,21-30,Chennai,Tamil Nadu,South,Consumer,2023-09-16
C02230,Customer 02230,Female,52,51-60,Patna,Bihar,East,Corporate,2023-12-20
C02231,Customer 02231,Female,37,31-40,Kolkata,West Bengal,East,Small Business,2024-07-28
C02232,Customer 02232,Female,40,31-40,Delhi,Delhi,North,Corporate,2023-11-15
C02233,Customer 02233,Male,38,31-40,Surat,Gujarat,West,Corporate,2024-11-29
C02234,Customer 02234,Male,47,41-50,Delhi,Delhi,North,Consumer,2022-10-18
C02235,Customer 02235,Female,22,21-30,Ranchi,Jharkhand,East,Consumer,2025-03-28
C02236,Customer 02236,Female,34,31-40,Pune,Maharashtra,West,Corporate,2022-07-02
C02237,Customer 02237,Female,27,21-30,Hyderabad,Telangana,South,Small Business,2025-07-07
C02238,Customer 02238,Male,37,31-40,Ahmedabad,Gujarat,West,Corporate,2023-12-16
C02239,Customer 02239,Female,58,51-60,Patna,Bihar,East,Small Business,2023-07-20
C02240,Customer 02240,Male,23,21-30,Bhubaneswar,Odisha,East,Corporate,2024-12-01
C02241,Customer 02241,Male,48,41-50,Patna,Bihar,East,Small Business,2025-03-06
C02242,Customer 02242,Female,28,21-30,Ranchi,Jharkhand,East,Consumer,2024-10-18
C02243,Customer 02243,Female,30,21-30,Bengaluru,Karnataka,South,Corporate,2023-08-17
C02244,Customer 02244,Female,52,51-60,Chennai,Tamil Nadu,South,Small Business,2022-05-13
C02245,Customer 02245,Male,50,41-50,Bhubaneswar,Odisha,East,Consumer,2023-03-22
C02246,Customer 02246,Male,24,21-30,Bhubaneswar,Odisha,East,Small Business,2023-09-19
C02247,Customer 02247,Female,43,41-50,Delhi,Delhi,North,Corporate,2022-01-02
C02248,Customer 02248,Female,29,21-30,Jaipur,Rajasthan,North,Small Business,2023-08-04
C02249,Customer 02249,Male,38,31-40,Bengaluru,Karnataka,South,Consumer,2023-02-07
C02250,Customer 02250,Male,39,31-40,Pune,Maharashtra,West,Consumer,2022-03-07
C02251,Customer 02251,Female,36,31-40,Surat,Gujarat,West,Corporate,2024-03-02
C02252,Customer 02252,Female,27,21-30,Pune,Maharashtra,West,Small Business,2023-09-11
C02253,Customer 02253,Male,57,51-60,Bhubaneswar,Odisha,East,Small Business,2023-10-23
C02254,Customer 02254,Male,37,31-40,Bengaluru,Karnataka,South,Consumer,2024-05-02
C02255,Customer 02255,Female,40,31-40,Hyderabad,Telangana,South,Consumer,2023-09-01
C02256,Customer 02256,Male,45,41-50,Ahmedabad,Gujarat,West,Small Business,2022-07-16
C02257,Customer 02257,Female,41,41-50,Bengaluru,Karnataka,South,Corporate,2024-01-03
C02258,Customer 02258,Female,48,41-50,Ahmedabad,Gujarat,West,Small Business,2024-05-11
C02259,Customer 02259,Female,22,21-30,Pune,Maharashtra,West,Corporate,2022-02-24
C02260,Customer 02260,Male,29,21-30,Pune,Maharashtra,West,Corporate,2023-09-12
C02261,Customer 02261,Female,29,21-30,Kochi,Kerala,South,Corporate,2025-01-17
C02262,Customer 02262,Male,46,41-50,Bhubaneswar,Odisha,East,Consumer,2024-04-05
C02263,Customer 02263,Female,54,51-60,Delhi,Delhi,North,Small Business,2022-04-22
C02264,Customer 02264,Male,38,31-40,Chandigarh,Chandigarh,North,Corporate,2022-08-08
C02265,Customer 02265,Male,39,31-40,Patna,Bihar,East,Corporate,2024-09-13
C02266,Customer 02266,Male,28,21-30,Patna,Bihar,East,Corporate,2025-04-12
C02267,Customer 02267,Male,54,51-60,Jaipur,Rajasthan,North,Consumer,2025-02-25
C02268,Customer 02268,Male,35,31-40,Surat,Gujarat,West,Corporate,2022-11-13
C02269,Customer 02269,Female,21,21-30,Bhubaneswar,Odisha,East,Small Business,2025-07-01
C02270,Customer 02270,Male,25,21-30,Hyderabad,Telangana,South,Consumer,2022-11-10
C02271,Customer 02271,Male,36,31-40,Lucknow,Uttar Pradesh,North,Consumer,2022-08-01
C02272,Customer 02272,Male,53,51-60,Surat,Gujarat,West,Small Business,2024-03-11
C02273,Customer 02273,Male,40,31-40,Jaipur,Rajasthan,North,Small Business,2024-09-17
C02274,Customer 02274,Male,55,51-60,Chennai,Tamil Nadu,South,Small Business,2025-06-08
C02275,Customer 02275,Male,48,41-50,Ahmedabad,Gujarat,West,Consumer,2022-02-14
C02276,Customer 02276,Male,36,31-40,Chennai,Tamil Nadu,South,Consumer,2024-11-13
C02277,Customer 02277,Female,51,51-60,Hyderabad,Telangana,South,Small Business,2023-08-16
C02278,Customer 02278,Female,44,41-50,Lucknow,Uttar Pradesh,North,Corporate,2023-07-18
C02279,Customer 02279,Female,27,21-30,Mumbai,Maharashtra,West,Small Business,2024-05-03
C02280,Customer 02280,Male,22,21-30,Pune,Maharashtra,West,Small Business,2024-07-25
C02281,Customer 02281,Female,21,21-30,Lucknow,Uttar Pradesh,North,Corporate,2023-09-13
C02282,Customer 02282,Female,23,21-30,Jaipur,Rajasthan,North,Small Business,2022-10-13
C02283,Customer 02283,Female,38,31-40,Ahmedabad,Gujarat,West,Consumer,2022-11-21
C02284,Customer 02284,Male,43,41-50,Ranchi,Jharkhand,East,Corporate,2024-12-11
C02285,Customer 02285,Male,32,31-40,Mumbai,Maharashtra,West,Corporate,2022-11-07
C02286,Customer 02286,Female,50,41-50,Ranchi,Jharkhand,East,Corporate,2022-10-14
C02287,Customer 02287,Female,46,41-50,Kolkata,West Bengal,East,Consumer,2024-09-17
C02288,Customer 02288,Female,59,51-60,Mumbai,Maharashtra,West,Corporate,2023-01-05
C02289,Customer 02289,Male,41,41-50,Kolkata,West Bengal,East,Corporate,2025-04-04
C02290,Customer 02290,Female,25,21-30,Ranchi,Jharkhand,East,Consumer,2022-03-02
C02291,Customer 02291,Male,27,21-30,Chennai,Tamil Nadu,South,Corporate,2022-08-06
C02292,Customer 02292,Female,41,41-50,Surat,Gujarat,West,Consumer,2023-04-30
C02293,Customer 02293,Male,45,41-50,Lucknow,Uttar Pradesh,North,Small Business,2022-05-12
C02294,Customer 02294,Female,28,21-30,Jaipur,Rajasthan,North,Consumer,2022-05-30
C02295,Customer 02295,Female,59,51-60,Ahmedabad,Gujarat,West,Corporate,2022-03-02
C02296,Customer 02296,Female,27,21-30,Chennai,Tamil Nadu,South,Corporate,2024-07-09
C02297,Customer 02297,Male,57,51-60,Mumbai,Maharashtra,West,Corporate,2023-02-14
C02298,Customer 02298,Female,52,51-60,Hyderabad,Telangana,South,Small Business,2023-08-09
C02299,Customer 02299,Male,31,31-40,Kochi,Kerala,South,Small Business,2024-12-18
C02300,Customer 02300,Male,58,51-60,Hyderabad,Telangana,South,Consumer,2025-07-12
C02301,Customer 02301,Male,23,21-30,Lucknow,Uttar Pradesh,North,Consumer,2022-01-11
C02302,Customer 02302,Female,57,51-60,Ranchi,Jharkhand,East,Corporate,2022-05-28
C02303,Customer 02303,Male,54,51-60,Patna,Bihar,East,Small Business,2023-01-25
C02304,Customer 02304,Female,53,51-60,Hyderabad,Telangana,South,Small Business,2024-01-01
C02305,Customer 02305,Male,49,41-50,Bengaluru,Karnataka,South,Small Business,2025-07-04
C02306,Customer 02306,Male,57,51-60,Mumbai,Maharashtra,West,Consumer,2022-09-18
C02307,Customer 02307,Male,28,21-30,Bhubaneswar,Odisha,East,Small Business,2023-04-18
C02308,Customer 02308,Female,22,21-30,Jaipur,Rajasthan,North,Consumer,2023-08-17
C02309,Customer 02309,Female,43,41-50,Kolkata,West Bengal,East,Consumer,2022-11-20
C02310,Customer 02310,Male,55,51-60,Bhubaneswar,Odisha,East,Corporate,2023-05-10
C02311,Customer 02311,Female,60,51-60,Bhubaneswar,Odisha,East,Consumer,2025-01-23
C02312,Customer 02312,Female,37,31-40,Lucknow,Uttar Pradesh,North,Corporate,2022-03-03
C02313,Customer 02313,Female,47,41-50,Jaipur,Rajasthan,North,Small Business,2023-02-15
C02314,Customer 02314,Male,29,21-30,Patna,Bihar,East,Consumer,2025-01-25
C02315,Customer 02315,Male,36,31-40,Patna,Bihar,East,Small Business,2022-05-30
C02316,Customer 02316,Female,25,21-30,Jaipur,Rajasthan,North,Small Business,2025-05-10
C02317,Customer 02317,Female,29,21-30,Chandigarh,Chandigarh,North,Small Business,2022-03-27
C02318,Customer 02318,Male,52,51-60,Lucknow,Uttar Pradesh,North,Corporate,2023-04-07
C02319,Customer 02319,Female,51,51-60,Ranchi,Jharkhand,East,Small Business,2023-04-12
C02320,Customer 02320,Male,22,21-30,Delhi,Delhi,North,Consumer,2024-12-30
C02321,Customer 02321,Male,56,51-60,Mumbai,Maharashtra,West,Small Business,2022-04-17
C02322,Customer 02322,Female,29,21-30,Mumbai,Maharashtra,West,Small Business,2024-05-24
C02323,Customer 02323,Male,49,41-50,Bengaluru,Karnataka,South,Consumer,2025-06-14
C02324,Customer 02324,Female,33,31-40,Ranchi,Jharkhand,East,Small Business,2024-06-13
C02325,Customer 02325,Male,35,31-40,Jaipur,Rajasthan,North,Consumer,2025-04-20
C02326,Customer 02326,Male,47,41-50,Delhi,Delhi,North,Corporate,2025-01-03
C02327,Customer 02327,Male,36,31-40,Jaipur,Rajasthan,North,Consumer,2022-06-06
C02328,Customer 02328,Male,49,41-50,Jaipur,Rajasthan,North,Consumer,2023-08-02
C02329,Customer 02329,Female,43,41-50,Jaipur,Rajasthan,North,Corporate,2023-05-16
C02330,Customer 02330,Male,59,51-60,Bhubaneswar,Odisha,East,Small Business,2024-09-07
C02331,Customer 02331,Male,25,21-30,Lucknow,Uttar Pradesh,North,Small Business,2025-01-18
C02332,Customer 02332,Female,43,41-50,Hyderabad,Telangana,South,Consumer,2024-06-27
C02333,Customer 02333,Female,56,51-60,Bhubaneswar,Odisha,East,Small Business,2023-05-16
C02334,Customer 02334,Female,55,51-60,Kolkata,West Bengal,East,Corporate,2022-08-02
C02335,Customer 02335,Female,47,41-50,Jaipur,Rajasthan,North,Corporate,2025-06-27
C02336,Customer 02336,Female,26,21-30,Surat,Gujarat,West,Consumer,2022-10-08
C02337,Customer 02337,Female,56,51-60,Kochi,Kerala,South,Consumer,2022-09-09
C02338,Customer 02338,Male,23,21-30,Ranchi,Jharkhand,East,Consumer,2024-06-20
C02339,Customer 02339,Male,22,21-30,Ahmedabad,Gujarat,West,Small Business,2022-03-11
C02340,Customer 02340,Female,58,51-60,Kolkata,West Bengal,East,Small Business,2023-09-08
C02341,Customer 02341,Male,38,31-40,Chandigarh,Chandigarh,North,Corporate,2024-02-26
C02342,Customer 02342,Male,45,41-50,Surat,Gujarat,West,Small Business,2024-06-28
C02343,Customer 02343,Male,34,31-40,Jaipur,Rajasthan,North,Small Business,2023-01-13
C02344,Customer 02344,Male,40,31-40,Pune,Maharashtra,West,Consumer,2025-01-14
C02345,Customer 02345,Male,59,51-60,Ranchi,Jharkhand,East,Small Business,2023-06-22
C02346,Customer 02346,Male,42,41-50,Hyderabad,Telangana,South,Corporate,2025-06-26
C02347,Customer 02347,Female,24,21-30,Pune,Maharashtra,West,Consumer,2025-02-07
C02348,Customer 02348,Female,55,51-60,Mumbai,Maharashtra,West,Small Business,2024-05-18
C02349,Customer 02349,Male,45,41-50,Kolkata,West Bengal,East,Small Business,2023-05-03
C02350,Customer 02350,Male,38,31-40,Bengaluru,Karnataka,South,Corporate,2023-07-16
C02351,Customer 02351,Male,55,51-60,Chandigarh,Chandigarh,North,Small Business,2023-11-23
C02352,Customer 02352,Male,60,51-60,Mumbai,Maharashtra,West,Small Business,2024-01-11
C02353,Customer 02353,Female,59,51-60,Kolkata,West Bengal,East,Consumer,2022-09-12
C02354,Customer 02354,Female,37,31-40,Bhubaneswar,Odisha,East,Consumer,2024-06-27
C02355,Customer 02355,Male,49,41-50,Ahmedabad,Gujarat,West,Consumer,2024-08-13
C02356,Customer 02356,Female,51,51-60,Jaipur,Rajasthan,North,Corporate,2025-02-13
C02357,Customer 02357,Female,24,21-30,Hyderabad,Telangana,South,Corporate,2022-06-12
C02358,Customer 02358,Female,25,21-30,Kolkata,West Bengal,East,Small Business,2023-01-04
C02359,Customer 02359,Female,37,31-40,Kolkata,West Bengal,East,Small Business,2022-09-18
C02360,Customer 02360,Male,30,21-30,Kochi,Kerala,South,Corporate,2022-04-12
C02361,Customer 02361,Male,23,21-30,Kochi,Kerala,South,Consumer,2024-11-03
C02362,Customer 02362,Female,23,21-30,Ahmedabad,Gujarat,West,Corporate,2023-04-12
C02363,Customer 02363,Female,37,31-40,Jaipur,Rajasthan,North,Consumer,2023-12-25
C02364,Customer 02364,Male,43,41-50,Jaipur,Rajasthan,North,Consumer,2022-06-08
C02365,Customer 02365,Male,53,51-60,Ahmedabad,Gujarat,West,Consumer,2023-05-01
C02366,Customer 02366,Female,57,51-60,Hyderabad,Telangana,South,Small Business,2024-05-01
C02367,Customer 02367,Female,39,31-40,Chandigarh,Chandigarh,North,Consumer,2022-02-20
C02368,Customer 02368,Female,42,41-50,Patna,Bihar,East,Small Business,2024-02-07
C02369,Customer 02369,Female,60,51-60,Surat,Gujarat,West,Consumer,2022-11-25
C02370,Customer 02370,Male,39,31-40,Ranchi,Jharkhand,East,Consumer,2025-04-25
C02371,Customer 02371,Male,59,51-60,Delhi,Delhi,North,Consumer,2023-10-04
C02372,Customer 02372,Male,45,41-50,Ranchi,Jharkhand,East,Corporate,2022-03-08
C02373,Customer 02373,Female,26,21-30,Bengaluru,Karnataka,South,Consumer,2023-04-05
C02374,Customer 02374,Male,54,51-60,Pune,Maharashtra,West,Consumer,2025-05-28
C02375,Customer 02375,Female,41,41-50,Surat,Gujarat,West,Small Business,2023-02-04
C02376,Customer 02376,Male,42,41-50,Bhubaneswar,Odisha,East,Consumer,2024-01-12
C02377,Customer 02377,Female,41,41-50,Kochi,Kerala,South,Corporate,2022-08-25
C02378,Customer 02378,Female,47,41-50,Kochi,Kerala,South,Small Business,2022-06-13
C02379,Customer 02379,Male,44,41-50,Ranchi,Jharkhand,East,Corporate,2024-09-18
C02380,Customer 02380,Female,47,41-50,Kochi,Kerala,South,Consumer,2025-03-12
C02381,Customer 02381,Male,47,41-50,Bengaluru,Karnataka,South,Corporate,2025-04-12
C02382,Customer 02382,Female,39,31-40,Bengaluru,Karnataka,South,Small Business,2023-10-05
C02383,Customer 02383,Male,47,41-50,Lucknow,Uttar Pradesh,North,Small Business,2024-10-31
C02384,Customer 02384,Female,33,31-40,Bengaluru,Karnataka,South,Consumer,2024-07-18
C02385,Customer 02385,Male,28,21-30,Delhi,Delhi,North,Small Business,2023-06-24
C02386,Customer 02386,Male,29,21-30,Surat,Gujarat,West,Consumer,2024-06-02
C02387,Customer 02387,Male,25,21-30,Delhi,Delhi,North,Consumer,2024-11-20
C02388,Customer 02388,Female,43,41-50,Mumbai,Maharashtra,West,Consumer,2024-04-03
C02389,Customer 02389,Female,28,21-30,Kochi,Kerala,South,Small Business,2023-11-21
C02390,Customer 02390,Male,25,21-30,Lucknow,Uttar Pradesh,North,Corporate,2023-12-28
C02391,Customer 02391,Female,49,41-50,Ahmedabad,Gujarat,West,Corporate,2024-06-11
C02392,Customer 02392,Female,29,21-30,Bhubaneswar,Odisha,East,Corporate,2023-01-11
C02393,Customer 02393,Male,21,21-30,Chandigarh,Chandigarh,North,Corporate,2025-04-29
C02394,Customer 02394,Female,45,41-50,Ranchi,Jharkhand,East,Small Business,2024-06-17
C02395,Customer 02395,Female,27,21-30,Chennai,Tamil Nadu,South,Consumer,2023-09-01
C02396,Customer 02396,Female,24,21-30,Surat,Gujarat,West,Corporate,2024-11-26
C02397,Customer 02397,Female,41,41-50,Pune,Maharashtra,West,Small Business,2023-10-15
C02398,Customer 02398,Male,23,21-30,Chennai,Tamil Nadu,South,Corporate,2023-03-08
C02399,Customer 02399,Female,57,51-60,Pune,Maharashtra,West,Corporate,2023-10-06
C02400,Customer 02400,Female,39,31-40,Lucknow,Uttar Pradesh,North,Consumer,2022-08-31
C02401,Customer 02401,Female,52,51-60,Bhubaneswar,Odisha,East,Small Business,2023-04-04
C02402,Customer 02402,Female,37,31-40,Chennai,Tamil Nadu,South,Corporate,2022-08-06
C02403,Customer 02403,Female,30,21-30,Kochi,Kerala,South,Consumer,2023-02-28
C02404,Customer 02404,Male,59,51-60,Chennai,Tamil Nadu,South,Consumer,2025-01-10
C02405,Customer 02405,Male,52,51-60,Hyderabad,Telangana,South,Consumer,2024-01-27
C02406,Customer 02406,Female,57,51-60,Hyderabad,Telangana,South,Small Business,2024-06-30
C02407,Customer 02407,Female,39,31-40,Bengaluru,Karnataka,South,Consumer,2022-09-03
C02408,Customer 02408,Female,52,51-60,Ahmedabad,Gujarat,West,Small Business,2022-06-27
C02409,Customer 02409,Female,28,21-30,Bengaluru,Karnataka,South,Small Business,2022-06-11
C02410,Customer 02410,Male,41,41-50,Kochi,Kerala,South,Consumer,2024-11-04
C02411,Customer 02411,Female,50,41-50,Patna,Bihar,East,Corporate,2024-11-16
C02412,Customer 02412,Female,23,21-30,Chandigarh,Chandigarh,North,Small Business,2022-07-25
C02413,Customer 02413,Male,56,51-60,Patna,Bihar,East,Corporate,2025-07-06
C02414,Customer 02414,Male,36,31-40,Jaipur,Rajasthan,North,Consumer,2025-04-15
C02415,Customer 02415,Male,33,31-40,Mumbai,Maharashtra,West,Small Business,2024-08-20
C02416,Customer 02416,Female,32,31-40,Bengaluru,Karnataka,South,Corporate,2024-10-14
C02417,Customer 02417,Male,33,31-40,Bhubaneswar,Odisha,East,Corporate,2022-07-01
C02418,Customer 02418,Male,48,41-50,Hyderabad,Telangana,South,Consumer,2024-10-01
C02419,Customer 02419,Male,23,21-30,Hyderabad,Telangana,South,Small Business,2023-06-23
C02420,Customer 02420,Male,43,41-50,Mumbai,Maharashtra,West,Small Business,2024-12-22
C02421,Customer 02421,Female,35,31-40,Chennai,Tamil Nadu,South,Small Business,2024-09-20
C02422,Customer 02422,Female,59,51-60,Surat,Gujarat,West,Small Business,2025-01-17
C02423,Customer 02423,Female,27,21-30,Surat,Gujarat,West,Consumer,2022-08-19
C02424,Customer 02424,Female,49,41-50,Bhubaneswar,Odisha,East,Small Business,2023-05-22
C02425,Customer 02425,Male,32,31-40,Pune,Maharashtra,West,Small Business,2023-10-16
C02426,Customer 02426,Female,46,41-50,Lucknow,Uttar Pradesh,North,Corporate,2022-09-20
C02427,Customer 02427,Female,59,51-60,Surat,Gujarat,West,Small Business,2023-04-26
C02428,Customer 02428,Female,38,31-40,Delhi,Delhi,North,Corporate,2023-03-17
C02429,Customer 02429,Male,56,51-60,Pune,Maharashtra,West,Small Business,2023-06-20
C02430,Customer 02430,Female,46,41-50,Patna,Bihar,East,Small Business,2024-05-20
C02431,Customer 02431,Female,24,21-30,Mumbai,Maharashtra,West,Small Business,2024-09-21
C02432,Customer 02432,Female,23,21-30,Kochi,Kerala,South,Small Business,2024-07-05
C02433,Customer 02433,Male,57,51-60,Pune,Maharashtra,West,Consumer,2025-01-02
C02434,Customer 02434,Male,60,51-60,Hyderabad,Telangana,South,Corporate,2023-11-07
C02435,Customer 02435,Male,22,21-30,Bengaluru,Karnataka,South,Small Business,2022-07-04
C02436,Customer 02436,Female,56,51-60,Patna,Bihar,East,Consumer,2022-04-11
C02437,Customer 02437,Female,55,51-60,Hyderabad,Telangana,South,Consumer,2022-11-18
C02438,Customer 02438,Male,39,31-40,Mumbai,Maharashtra,West,Consumer,2024-02-05
C02439,Customer 02439,Female,34,31-40,Patna,Bihar,East,Corporate,2023-05-25
C02440,Customer 02440,Male,22,21-30,Delhi,Delhi,North,Corporate,2022-07-29
C02441,Customer 02441,Female,23,21-30,Mumbai,Maharashtra,West,Consumer,2023-08-03
C02442,Customer 02442,Male,35,31-40,Bhubaneswar,Odisha,East,Corporate,2023-05-22
C02443,Customer 02443,Female,28,21-30,Jaipur,Rajasthan,North,Small Business,2024-03-31
C02444,Customer 02444,Female,26,21-30,Bengaluru,Karnataka,South,Consumer,2022-06-01
C02445,Customer 02445,Male,21,21-30,Pune,Maharashtra,West,Corporate,2025-01-14
C02446,Customer 02446,Male,58,51-60,Bengaluru,Karnataka,South,Small Business,2023-02-02
C02447,Customer 02447,Female,48,41-50,Bhubaneswar,Odisha,East,Corporate,2022-02-17
C02448,Customer 02448,Female,50,41-50,Bhubaneswar,Odisha,East,Consumer,2022-07-24
C02449,Customer 02449,Female,45,41-50,Kolkata,West Bengal,East,Small Business,2024-05-29
C02450,Customer 02450,Male,47,41-50,Chandigarh,Chandigarh,North,Corporate,2023-07-25
C02451,Customer 02451,Female,55,51-60,Surat,Gujarat,West,Corporate,2023-05-16
C02452,Customer 02452,Male,52,51-60,Mumbai,Maharashtra,West,Corporate,2024-03-17
C02453,Customer 02453,Male,49,41-50,Ranchi,Jharkhand,East,Consumer,2025-03-29
C02454,Customer 02454,Female,35,31-40,Delhi,Delhi,North,Small Business,2024-01-28
C02455,Customer 02455,Male,40,31-40,Surat,Gujarat,West,Small Business,2022-10-22
C02456,Customer 02456,Male,56,51-60,Chandigarh,Chandigarh,North,Consumer,2023-03-02
C02457,Customer 02457,Male,26,21-30,Surat,Gujarat,West,Consumer,2024-04-05
C02458,Customer 02458,Male,24,21-30,Surat,Gujarat,West,Small Business,2023-06-01
C02459,Customer 02459,Female,42,41-50,Pune,Maharashtra,West,Consumer,2022-03-16
C02460,Customer 02460,Female,21,21-30,Patna,Bihar,East,Small Business,2023-03-05
C02461,Customer 02461,Female,41,41-50,Surat,Gujarat,West,Corporate,2023-04-28
C02462,Customer 02462,Female,51,51-60,Patna,Bihar,East,Corporate,2025-02-10
C02463,Customer 02463,Male,48,41-50,Chandigarh,Chandigarh,North,Corporate,2022-06-08
C02464,Customer 02464,Male,21,21-30,Mumbai,Maharashtra,West,Consumer,2024-11-30
C02465,Customer 02465,Male,33,31-40,Lucknow,Uttar Pradesh,North,Small Business,2022-08-21
C02466,Customer 02466,Female,52,51-60,Jaipur,Rajasthan,North,Consumer,2025-07-06
C02467,Customer 02467,Male,56,51-60,Surat,Gujarat,West,Small Business,2024-03-28
C02468,Customer 02468,Female,28,21-30,Delhi,Delhi,North,Small Business,2023-08-26
C02469,Customer 02469,Female,60,51-60,Kolkata,West Bengal,East,Small Business,2025-02-28
C02470,Customer 02470,Male,39,31-40,Chennai,Tamil Nadu,South,Corporate,2023-02-23
C02471,Customer 02471,Female,51,51-60,Ranchi,Jharkhand,East,Small Business,2023-03-08
C02472,Customer 02472,Male,31,31-40,Patna,Bihar,East,Corporate,2024-08-28
C02473,Customer 02473,Female,47,41-50,Delhi,Delhi,North,Consumer,2022-11-04
C02474,Customer 02474,Male,21,21-30,Surat,Gujarat,West,Small Business,2023-01-20
C02475,Customer 02475,Male,55,51-60,Hyderabad,Telangana,South,Small Business,2023-11-09
C02476,Customer 02476,Male,60,51-60,Lucknow,Uttar Pradesh,North,Small Business,2025-05-02
C02477,Customer 02477,Male,43,41-50,Chennai,Tamil Nadu,South,Corporate,2025-02-19
C02478,Customer 02478,Female,21,21-30,Kochi,Kerala,South,Consumer,2023-07-17
C02479,Customer 02479,Female,58,51-60,Bhubaneswar,Odisha,East,Corporate,2023-09-19
C02480,Customer 02480,Female,37,31-40,Ranchi,Jharkhand,East,Corporate,2025-01-13
C02481,Customer 02481,Male,58,51-60,Hyderabad,Telangana,South,Consumer,2022-07-30
C02482,Customer 02482,Female,32,31-40,Hyderabad,Telangana,South,Small Business,2025-02-28
C02483,Customer 02483,Male,54,51-60,Lucknow,Uttar Pradesh,North,Corporate,2024-02-24
C02484,Customer 02484,Female,60,51-60,Patna,Bihar,East,Corporate,2024-08-27
C02485,Customer 02485,Male,21,21-30,Hyderabad,Telangana,South,Consumer,2023-03-20
C02486,Customer 02486,Male,30,21-30,Chandigarh,Chandigarh,North,Consumer,2024-08-31
C02487,Customer 02487,Female,25,21-30,Delhi,Delhi,North,Consumer,2022-10-08
C02488,Customer 02488,Female,51,51-60,Ahmedabad,Gujarat,West,Small Business,2023-09-12
C02489,Customer 02489,Male,56,51-60,Lucknow,Uttar Pradesh,North,Small Business,2024-02-12
C02490,Customer 02490,Female,43,41-50,Mumbai,Maharashtra,West,Small Business,2024-12-05
C02491,Customer 02491,Male,59,51-60,Patna,Bihar,East,Consumer,2022-12-07
C02492,Customer 02492,Male,48,41-50,Kolkata,West Bengal,East,Corporate,2024-06-23
C02493,Customer 02493,Female,28,21-30,Surat,Gujarat,West,Corporate,2024-06-10
C02494,Customer 02494,Male,22,21-30,Ranchi,Jharkhand,East,Small Business,2024-08-12
C02495,Customer 02495,Female,34,31-40,Ranchi,Jharkhand,East,Corporate,2025-02-20
C02496,Customer 02496,Female,44,41-50,Hyderabad,Telangana,South,Consumer,2022-01-22
C02497,Customer 02497,Female,44,41-50,Hyderabad,Telangana,South,Corporate,2023-02-04
C02498,Customer 02498,Female,42,41-50,Delhi,Delhi,North,Consumer,2024-01-26
C02499,Customer 02499,Male,59,51-60,Kolkata,West Bengal,East,Small Business,2022-03-10
C02500,Customer 02500,Female,46,41-50,Kolkata,West Bengal,East,Consumer,2023-06-03
C02501,Customer 02501,Male,57,51-60,Kolkata,West Bengal,East,Consumer,2024-08-22
C02502,Customer 02502,Female,32,31-40,Ahmedabad,Gujarat,West,Small Business,2025-01-22
C02503,Customer 02503,Male,44,41-50,Lucknow,Uttar Pradesh,North,Consumer,2025-06-09
C02504,Customer 02504,Male,29,21-30,Bengaluru,Karnataka,South,Consumer,2024-05-09
C02505,Customer 02505,Male,49,41-50,Lucknow,Uttar Pradesh,North,Corporate,2022-05-08
C02506,Customer 02506,Male,55,51-60,Patna,Bihar,East,Small Business,2023-02-02
C02507,Customer 02507,Female,41,41-50,Delhi,Delhi,North,Corporate,2022-12-13
C02508,Customer 02508,Male,46,41-50,Ranchi,Jharkhand,East,Small Business,2022-05-06
C02509,Customer 02509,Male,53,51-60,Chandigarh,Chandigarh,North,Consumer,2023-07-01
C02510,Customer 02510,Male,49,41-50,Chandigarh,Chandigarh,North,Consumer,2023-07-19
C02511,Customer 02511,Female,32,31-40,Hyderabad,Telangana,South,Corporate,2022-01-07
C02512,Customer 02512,Female,56,51-60,Bhubaneswar,Odisha,East,Small Business,2022-08-30
C02513,Customer 02513,Female,57,51-60,Patna,Bihar,East,Corporate,2022-06-26
C02514,Customer 02514,Male,28,21-30,Ahmedabad,Gujarat,West,Consumer,2023-01-09
C02515,Customer 02515,Male,41,41-50,Chandigarh,Chandigarh,North,Corporate,2025-07-07
C02516,Customer 02516,Male,21,21-30,Delhi,Delhi,North,Consumer,2024-02-07
C02517,Customer 02517,Male,36,31-40,Ahmedabad,Gujarat,West,Small Business,2023-01-27
C02518,Customer 02518,Female,24,21-30,Bengaluru,Karnataka,South,Small Business,2023-08-11
C02519,Customer 02519,Female,29,21-30,Chennai,Tamil Nadu,South,Corporate,2023-10-09
C02520,Customer 02520,Male,33,31-40,Pune,Maharashtra,West,Small Business,2023-02-13
C02521,Customer 02521,Female,37,31-40,Chennai,Tamil Nadu,South,Corporate,2024-06-19
C02522,Customer 02522,Male,52,51-60,Kolkata,West Bengal,East,Small Business,2025-03-31
C02523,Customer 02523,Female,54,51-60,Ranchi,Jharkhand,East,Small Business,2025-07-16
C02524,Customer 02524,Male,58,51-60,Chennai,Tamil Nadu,South,Small Business,2022-11-15
C02525,Customer 02525,Female,43,41-50,Hyderabad,Telangana,South,Corporate,2023-08-15
C02526,Customer 02526,Female,53,51-60,Hyderabad,Telangana,South,Corporate,2023-07-05
C02527,Customer 02527,Male,37,31-40,Chandigarh,Chandigarh,North,Consumer,2024-08-15
C02528,Customer 02528,Male,28,21-30,Kolkata,West Bengal,East,Corporate,2025-07-16
C02529,Customer 02529,Female,29,21-30,Chennai,Tamil Nadu,South,Small Business,2025-04-16
C02530,Customer 02530,Female,57,51-60,Patna,Bihar,East,Small Business,2025-04-20
C02531,Customer 02531,Female,27,21-30,Jaipur,Rajasthan,North,Corporate,2024-01-05
C02532,Customer 02532,Male,47,41-50,Delhi,Delhi,North,Small Business,2023-11-17
C02533,Customer 02533,Male,32,31-40,Patna,Bihar,East,Small Business,2023-09-20
C02534,Customer 02534,Female,55,51-60,Chennai,Tamil Nadu,South,Consumer,2022-02-14
C02535,Customer 02535,Female,58,51-60,Ahmedabad,Gujarat,West,Corporate,2024-06-09
C02536,Customer 02536,Female,36,31-40,Mumbai,Maharashtra,West,Small Business,2024-02-04
C02537,Customer 02537,Female,46,41-50,Patna,Bihar,East,Small Business,2022-03-24
C02538,Customer 02538,Male,47,41-50,Kochi,Kerala,South,Small Business,2023-07-06
C02539,Customer 02539,Male,31,31-40,Mumbai,Maharashtra,West,Corporate,2022-12-07
C02540,Customer 02540,Male,57,51-60,Bhubaneswar,Odisha,East,Consumer,2022-09-24
C02541,Customer 02541,Male,26,21-30,Patna,Bihar,East,Small Business,2022-10-17
C02542,Customer 02542,Female,46,41-50,Ranchi,Jharkhand,East,Consumer,2024-08-01
C02543,Customer 02543,Male,33,31-40,Delhi,Delhi,North,Consumer,2023-09-10
C02544,Customer 02544,Male,32,31-40,Bhubaneswar,Odisha,East,Consumer,2023-02-21
C02545,Customer 02545,Male,36,31-40,Pune,Maharashtra,West,Consumer,2025-02-11
C02546,Customer 02546,Male,51,51-60,Ranchi,Jharkhand,East,Consumer,2023-12-07
C02547,Customer 02547,Female,56,51-60,Lucknow,Uttar Pradesh,North,Corporate,2024-03-18
C02548,Customer 02548,Female,45,41-50,Hyderabad,Telangana,South,Small Business,2023-05-13
C02549,Customer 02549,Female,29,21-30,Lucknow,Uttar Pradesh,North,Small Business,2022-10-01
C02550,Customer 02550,Female,39,31-40,Mumbai,Maharashtra,West,Corporate,2024-05-19
C02551,Customer 02551,Male,43,41-50,Mumbai,Maharashtra,West,Small Business,2025-04-16
C02552,Customer 02552,Male,59,51-60,Delhi,Delhi,North,Consumer,2023-04-27
C02553,Customer 02553,Female,42,41-50,Ranchi,Jharkhand,East,Corporate,2022-01-04
C02554,Customer 02554,Male,35,31-40,Mumbai,Maharashtra,West,Consumer,2024-10-20
C02555,Customer 02555,Male,34,31-40,Hyderabad,Telangana,South,Small Business,2024-06-10
C02556,Customer 02556,Female,45,41-50,Chandigarh,Chandigarh,North,Corporate,2023-01-04
C02557,Customer 02557,Male,39,31-40,Pune,Maharashtra,West,Small Business,2024-03-03
C02558,Customer 02558,Male,37,31-40,Surat,Gujarat,West,Small Business,2023-01-03
C02559,Customer 02559,Female,54,51-60,Chennai,Tamil Nadu,South,Consumer,2024-08-10
C02560,Customer 02560,Female,27,21-30,Chandigarh,Chandigarh,North,Corporate,2024-04-08
C02561,Customer 02561,Male,41,41-50,Delhi,Delhi,North,Consumer,2025-03-22
C02562,Customer 02562,Female,21,21-30,Mumbai,Maharashtra,West,Small Business,2024-04-02
C02563,Customer 02563,Male,40,31-40,Pune,Maharashtra,West,Small Business,2023-06-14
C02564,Customer 02564,Female,53,51-60,Lucknow,Uttar Pradesh,North,Small Business,2024-08-27
C02565,Customer 02565,Female,28,21-30,Patna,Bihar,East,Consumer,2024-05-18
C02566,Customer 02566,Male,30,21-30,Mumbai,Maharashtra,West,Consumer,2023-11-22
C02567,Customer 02567,Male,53,51-60,Kolkata,West Bengal,East,Corporate,2024-07-20
C02568,Customer 02568,Male,50,41-50,Pune,Maharashtra,West,Small Business,2022-03-23
C02569,Customer 02569,Female,50,41-50,Lucknow,Uttar Pradesh,North,Small Business,2022-04-13
C02570,Customer 02570,Female,48,41-50,Ranchi,Jharkhand,East,Small Business,2023-08-30
C02571,Customer 02571,Female,32,31-40,Delhi,Delhi,North,Small Business,2024-01-01
C02572,Customer 02572,Male,49,41-50,Pune,Maharashtra,West,Small Business,2023-09-02
C02573,Customer 02573,Male,43,41-50,Jaipur,Rajasthan,North,Corporate,2022-03-16
C02574,Customer 02574,Male,32,31-40,Mumbai,Maharashtra,West,Consumer,2024-12-31
C02575,Customer 02575,Male,30,21-30,Lucknow,Uttar Pradesh,North,Corporate,2024-10-07
C02576,Customer 02576,Female,43,41-50,Pune,Maharashtra,West,Small Business,2025-06-18
C02577,Customer 02577,Female,23,21-30,Kochi,Kerala,South,Consumer,2023-10-31
C02578,Customer 02578,Male,30,21-30,Ranchi,Jharkhand,East,Corporate,2022-07-27
C02579,Customer 02579,Male,42,41-50,Mumbai,Maharashtra,West,Corporate,2023-09-11
C02580,Customer 02580,Female,22,21-30,Pune,Maharashtra,West,Consumer,2023-06-11
C02581,Customer 02581,Female,28,21-30,Chandigarh,Chandigarh,North,Consumer,2025-03-15
C02582,Customer 02582,Female,60,51-60,Kolkata,West Bengal,East,Corporate,2025-01-09
C02583,Customer 02583,Male,44,41-50,Kochi,Kerala,South,Corporate,2024-08-26
C02584,Customer 02584,Female,38,31-40,Hyderabad,Telangana,South,Corporate,2023-01-16
C02585,Customer 02585,Male,59,51-60,Kolkata,West Bengal,East,Small Business,2023-01-07
C02586,Customer 02586,Female,21,21-30,Bhubaneswar,Odisha,East,Small Business,2023-03-01
C02587,Customer 02587,Female,29,21-30,Delhi,Delhi,North,Small Business,2023-07-01
C02588,Customer 02588,Female,27,21-30,Ahmedabad,Gujarat,West,Consumer,2023-04-06
C02589,Customer 02589,Female,35,31-40,Delhi,Delhi,North,Consumer,2025-06-06
C02590,Customer 02590,Female,58,51-60,Bhubaneswar,Odisha,East,Small Business,2025-07-24
C02591,Customer 02591,Female,51,51-60,Patna,Bihar,East,Corporate,2022-01-26
C02592,Customer 02592,Female,41,41-50,Patna,Bihar,East,Small Business,2024-06-29
C02593,Customer 02593,Female,52,51-60,Bengaluru,Karnataka,South,Consumer,2024-12-26
C02594,Customer 02594,Female,37,31-40,Chennai,Tamil Nadu,South,Small Business,2022-03-08
C02595,Customer 02595,Female,56,51-60,Chandigarh,Chandigarh,North,Small Business,2022-06-20
C02596,Customer 02596,Female,40,31-40,Hyderabad,Telangana,South,Small Business,2023-10-08
C02597,Customer 02597,Female,22,21-30,Ahmedabad,Gujarat,West,Consumer,2025-07-03
C02598,Customer 02598,Female,57,51-60,Chennai,Tamil Nadu,South,Small Business,2024-04-30
C02599,Customer 02599,Female,56,51-60,Delhi,Delhi,North,Corporate,2024-10-02
C02600,Customer 02600,Female,55,51-60,Kochi,Kerala,South,Consumer,2024-02-15
C02601,Customer 02601,Male,46,41-50,Lucknow,Uttar Pradesh,North,Consumer,2023-03-09
C02602,Customer 02602,Female,32,31-40,Lucknow,Uttar Pradesh,North,Consumer,2024-04-01
C02603,Customer 02603,Female,34,31-40,Pune,Maharashtra,West,Small Business,2025-05-12
C02604,Customer 02604,Female,44,41-50,Kolkata,West Bengal,East,Corporate,2022-08-05
C02605,Customer 02605,Female,35,31-40,Patna,Bihar,East,Small Business,2024-10-10
C02606,Customer 02606,Female,49,41-50,Ahmedabad,Gujarat,West,Consumer,2022-12-30
C02607,Customer 02607,Female,21,21-30,Mumbai,Maharashtra,West,Corporate,2023-11-16
C02608,Customer 02608,Male,27,21-30,Ahmedabad,Gujarat,West,Small Business,2025-04-03
C02609,Customer 02609,Female,47,41-50,Pune,Maharashtra,West,Consumer,2022-03-01
C02610,Customer 02610,Male,60,51-60,Kochi,Kerala,South,Corporate,2024-10-27
C02611,Customer 02611,Female,22,21-30,Chandigarh,Chandigarh,North,Small Business,2025-06-02
C02612,Customer 02612,Male,57,51-60,Kochi,Kerala,South,Corporate,2024-08-24
C02613,Customer 02613,Female,22,21-30,Chandigarh,Chandigarh,North,Corporate,2025-05-16
C02614,Customer 02614,Male,31,31-40,Mumbai,Maharashtra,West,Small Business,2024-01-26
C02615,Customer 02615,Male,51,51-60,Kochi,Kerala,South,Corporate,2023-02-14
C02616,Customer 02616,Male,39,31-40,Patna,Bihar,East,Consumer,2022-03-05
C02617,Customer 02617,Female,50,41-50,Hyderabad,Telangana,South,Consumer,2025-05-20
C02618,Customer 02618,Male,32,31-40,Ahmedabad,Gujarat,West,Small Business,2024-10-21
C02619,Customer 02619,Female,31,31-40,Lucknow,Uttar Pradesh,North,Consumer,2024-08-04
C02620,Customer 02620,Male,23,21-30,Chandigarh,Chandigarh,North,Corporate,2024-04-12
C02621,Customer 02621,Female,25,21-30,Surat,Gujarat,West,Small Business,2023-06-17
C02622,Customer 02622,Male,49,41-50,Lucknow,Uttar Pradesh,North,Small Business,2022-05-03
C02623,Customer 02623,Female,23,21-30,Bhubaneswar,Odisha,East,Small Business,2024-03-29
C02624,Customer 02624,Female,28,21-30,Ahmedabad,Gujarat,West,Consumer,2022-10-26
C02625,Customer 02625,Male,31,31-40,Kolkata,West Bengal,East,Small Business,2024-04-25
C02626,Customer 02626,Male,36,31-40,Patna,Bihar,East,Small Business,2023-03-07
C02627,Customer 02627,Male,42,41-50,Kolkata,West Bengal,East,Corporate,2022-06-01
C02628,Customer 02628,Female,36,31-40,Ahmedabad,Gujarat,West,Small Business,2023-12-03
C02629,Customer 02629,Female,42,41-50,Bhubaneswar,Odisha,East,Small Business,2023-06-13
C02630,Customer 02630,Male,29,21-30,Kolkata,West Bengal,East,Consumer,2024-12-04
C02631,Customer 02631,Male,35,31-40,Bhubaneswar,Odisha,East,Small Business,2025-02-28
C02632,Customer 02632,Female,40,31-40,Ranchi,Jharkhand,East,Corporate,2022-11-21
C02633,Customer 02633,Female,49,41-50,Bhubaneswar,Odisha,East,Corporate,2023-08-27
C02634,Customer 02634,Male,30,21-30,Bengaluru,Karnataka,South,Corporate,2023-08-22
C02635,Customer 02635,Female,35,31-40,Mumbai,Maharashtra,West,Consumer,2023-03-10
C02636,Customer 02636,Male,58,51-60,Bhubaneswar,Odisha,East,Consumer,2023-06-16
C02637,Customer 02637,Female,51,51-60,Ranchi,Jharkhand,East,Corporate,2022-12-15
C02638,Customer 02638,Male,58,51-60,Ranchi,Jharkhand,East,Corporate,2023-10-06
C02639,Customer 02639,Female,52,51-60,Ranchi,Jharkhand,East,Corporate,2022-12-13
C02640,Customer 02640,Male,51,51-60,Surat,Gujarat,West,Small Business,2022-01-30
C02641,Customer 02641,Female,35,31-40,Chandigarh,Chandigarh,North,Small Business,2023-02-27
C02642,Customer 02642,Male,38,31-40,Kochi,Kerala,South,Corporate,2022-09-02
C02643,Customer 02643,Female,52,51-60,Hyderabad,Telangana,South,Small Business,2025-03-12
C02644,Customer 02644,Male,33,31-40,Delhi,Delhi,North,Small Business,2022-03-09
C02645,Customer 02645,Male,42,41-50,Mumbai,Maharashtra,West,Corporate,2022-05-18
C02646,Customer 02646,Male,24,21-30,Kolkata,West Bengal,East,Small Business,2025-03-06
C02647,Customer 02647,Male,37,31-40,Kochi,Kerala,South,Corporate,2023-01-10
C02648,Customer 02648,Male,50,41-50,Kochi,Kerala,South,Consumer,2022-03-24
C02649,Customer 02649,Female,26,21-30,Kolkata,West Bengal,East,Corporate,2023-01-25
C02650,Customer 02650,Male,54,51-60,Chandigarh,Chandigarh,North,Small Business,2022-05-05
C02651,Customer 02651,Male,36,31-40,Hyderabad,Telangana,South,Corporate,2025-04-05
C02652,Customer 02652,Female,27,21-30,Surat,Gujarat,West,Corporate,2022-04-15
C02653,Customer 02653,Male,33,31-40,Patna,Bihar,East,Small Business,2022-08-27
C02654,Customer 02654,Male,51,51-60,Ahmedabad,Gujarat,West,Consumer,2022-07-24
C02655,Customer 02655,Female,40,31-40,Hyderabad,Telangana,South,Corporate,2022-01-20
C02656,Customer 02656,Male,49,41-50,Pune,Maharashtra,West,Corporate,2023-02-03
C02657,Customer 02657,Male,37,31-40,Ahmedabad,Gujarat,West,Small Business,2025-05-16
C02658,Customer 02658,Female,32,31-40,Kolkata,West Bengal,East,Small Business,2024-11-04
C02659,Customer 02659,Female,40,31-40,Surat,Gujarat,West,Small Business,2024-12-25
C02660,Customer 02660,Female,38,31-40,Kochi,Kerala,South,Corporate,2025-02-23
C02661,Customer 02661,Female,28,21-30,Bhubaneswar,Odisha,East,Consumer,2024-09-25
C02662,Customer 02662,Female,53,51-60,Delhi,Delhi,North,Small Business,2024-10-12
C02663,Customer 02663,Male,25,21-30,Chennai,Tamil Nadu,South,Small Business,2023-09-16
C02664,Customer 02664,Female,42,41-50,Lucknow,Uttar Pradesh,North,Corporate,2025-01-08
C02665,Customer 02665,Male,27,21-30,Chennai,Tamil Nadu,South,Consumer,2023-03-13
C02666,Customer 02666,Female,41,41-50,Bhubaneswar,Odisha,East,Corporate,2024-08-24
C02667,Customer 02667,Female,60,51-60,Lucknow,Uttar Pradesh,North,Consumer,2025-03-15
C02668,Customer 02668,Female,31,31-40,Bengaluru,Karnataka,South,Consumer,2024-03-22
C02669,Customer 02669,Male,60,51-60,Chennai,Tamil Nadu,South,Corporate,2022-11-18
C02670,Customer 02670,Female,59,51-60,Patna,Bihar,East,Small Business,2023-07-06
C02671,Customer 02671,Female,51,51-60,Kochi,Kerala,South,Small Business,2024-01-30
C02672,Customer 02672,Female,42,41-50,Bengaluru,Karnataka,South,Corporate,2023-12-26
C02673,Customer 02673,Female,40,31-40,Patna,Bihar,East,Small Business,2025-02-27
C02674,Customer 02674,Female,21,21-30,Mumbai,Maharashtra,West,Small Business,2022-04-24
C02675,Customer 02675,Female,29,21-30,Pune,Maharashtra,West,Small Business,2023-07-16
C02676,Customer 02676,Male,34,31-40,Delhi,Delhi,North,Corporate,2023-06-09
C02677,Customer 02677,Female,22,21-30,Bhubaneswar,Odisha,East,Small Business,2024-05-25
C02678,Customer 02678,Female,56,51-60,Mumbai,Maharashtra,West,Corporate,2023-02-13
C02679,Customer 02679,Female,38,31-40,Hyderabad,Telangana,South,Consumer,2022-06-02
C02680,Customer 02680,Male,41,41-50,Kochi,Kerala,South,Corporate,2024-09-09
C02681,Customer 02681,Male,45,41-50,Surat,Gujarat,West,Corporate,2024-09-24
C02682,Customer 02682,Female,59,51-60,Kochi,Kerala,South,Corporate,2024-02-08
C02683,Customer 02683,Male,24,21-30,Jaipur,Rajasthan,North,Corporate,2023-12-03
C02684,Customer 02684,Female,49,41-50,Kolkata,West Bengal,East,Small Business,2022-08-16
C02685,Customer 02685,Male,25,21-30,Surat,Gujarat,West,Small Business,2024-04-27
C02686,Customer 02686,Male,58,51-60,Bengaluru,Karnataka,South,Small Business,2025-03-21
C02687,Customer 02687,Male,49,41-50,Hyderabad,Telangana,South,Consumer,2023-11-03
C02688,Customer 02688,Female,22,21-30,Kolkata,West Bengal,East,Consumer,2022-05-20
C02689,Customer 02689,Female,49,41-50,Patna,Bihar,East,Corporate,2023-03-16
C02690,Customer 02690,Female,50,41-50,Chennai,Tamil Nadu,South,Consumer,2024-08-01
C02691,Customer 02691,Female,33,31-40,Ranchi,Jharkhand,East,Corporate,2023-06-15
C02692,Customer 02692,Male,29,21-30,Kolkata,West Bengal,East,Consumer,2024-04-21
C02693,Customer 02693,Female,52,51-60,Pune,Maharashtra,West,Consumer,2024-12-18
C02694,Customer 02694,Female,22,21-30,Jaipur,Rajasthan,North,Corporate,2024-06-14
C02695,Customer 02695,Female,55,51-60,Jaipur,Rajasthan,North,Small Business,2023-08-02
C02696,Customer 02696,Male,25,21-30,Patna,Bihar,East,Corporate,2022-07-08
C02697,Customer 02697,Male,53,51-60,Lucknow,Uttar Pradesh,North,Consumer,2025-03-21
C02698,Customer 02698,Male,25,21-30,Ahmedabad,Gujarat,West,Corporate,2024-06-01
C02699,Customer 02699,Female,49,41-50,Kolkata,West Bengal,East,Corporate,2022-11-08
C02700,Customer 02700,Male,32,31-40,Patna,Bihar,East,Corporate,2025-03-24
C02701,Customer 02701,Female,54,51-60,Patna,Bihar,East,Corporate,2024-06-04
C02702,Customer 02702,Female,57,51-60,Delhi,Delhi,North,Small Business,2022-01-14
C02703,Customer 02703,Male,21,21-30,Mumbai,Maharashtra,West,Consumer,2023-10-23
C02704,Customer 02704,Male,37,31-40,Pune,Maharashtra,West,Consumer,2025-04-11
C02705,Customer 02705,Female,33,31-40,Patna,Bihar,East,Corporate,2023-12-28
C02706,Customer 02706,Male,30,21-30,Bengaluru,Karnataka,South,Consumer,2023-09-24
C02707,Customer 02707,Male,22,21-30,Chennai,Tamil Nadu,South,Corporate,2025-05-17
C02708,Customer 02708,Male,55,51-60,Jaipur,Rajasthan,North,Small Business,2022-05-22
C02709,Customer 02709,Female,35,31-40,Patna,Bihar,East,Corporate,2023-03-04
C02710,Customer 02710,Female,31,31-40,Hyderabad,Telangana,South,Small Business,2023-07-10
C02711,Customer 02711,Male,43,41-50,Kochi,Kerala,South,Consumer,2022-10-09
C02712,Customer 02712,Male,45,41-50,Ahmedabad,Gujarat,West,Consumer,2024-06-28
C02713,Customer 02713,Female,24,21-30,Hyderabad,Telangana,South,Small Business,2024-06-17
C02714,Customer 02714,Male,34,31-40,Mumbai,Maharashtra,West,Small Business,2025-04-23
C02715,Customer 02715,Male,32,31-40,Lucknow,Uttar Pradesh,North,Corporate,2025-03-30
C02716,Customer 02716,Male,34,31-40,Lucknow,Uttar Pradesh,North,Consumer,2024-09-28
C02717,Customer 02717,Female,47,41-50,Ranchi,Jharkhand,East,Consumer,2023-03-07
C02718,Customer 02718,Female,51,51-60,Chandigarh,Chandigarh,North,Small Business,2024-11-07
C02719,Customer 02719,Female,22,21-30,Lucknow,Uttar Pradesh,North,Consumer,2024-02-18
C02720,Customer 02720,Female,27,21-30,Pune,Maharashtra,West,Small Business,2024-01-09
C02721,Customer 02721,Male,48,41-50,Bhubaneswar,Odisha,East,Corporate,2023-09-08
C02722,Customer 02722,Male,45,41-50,Kochi,Kerala,South,Small Business,2022-02-02
C02723,Customer 02723,Female,23,21-30,Kolkata,West Bengal,East,Consumer,2023-05-25
C02724,Customer 02724,Male,29,21-30,Chennai,Tamil Nadu,South,Corporate,2022-11-15
C02725,Customer 02725,Female,23,21-30,Bengaluru,Karnataka,South,Consumer,2025-05-06
C02726,Customer 02726,Female,44,41-50,Hyderabad,Telangana,South,Corporate,2024-04-29
C02727,Customer 02727,Female,32,31-40,Chennai,Tamil Nadu,South,Consumer,2024-11-28
C02728,Customer 02728,Male,44,41-50,Bengaluru,Karnataka,South,Consumer,2022-11-29
C02729,Customer 02729,Female,34,31-40,Delhi,Delhi,North,Small Business,2024-04-06
C02730,Customer 02730,Female,60,51-60,Ranchi,Jharkhand,East,Small Business,2022-02-28
C02731,Customer 02731,Female,22,21-30,Delhi,Delhi,North,Small Business,2022-03-12
C02732,Customer 02732,Female,23,21-30,Bengaluru,Karnataka,South,Corporate,2024-02-12
C02733,Customer 02733,Male,27,21-30,Chennai,Tamil Nadu,South,Consumer,2023-12-16
C02734,Customer 02734,Male,47,41-50,Kochi,Kerala,South,Consumer,2022-08-19
C02735,Customer 02735,Female,47,41-50,Surat,Gujarat,West,Corporate,2024-06-20
C02736,Customer 02736,Male,40,31-40,Bengaluru,Karnataka,South,Small Business,2024-08-19
C02737,Customer 02737,Male,41,41-50,Kolkata,West Bengal,East,Corporate,2025-01-10
C02738,Customer 02738,Male,51,51-60,Ranchi,Jharkhand,East,Small Business,2025-03-15
C02739,Customer 02739,Male,35,31-40,Hyderabad,Telangana,South,Corporate,2022-09-23
C02740,Customer 02740,Male,26,21-30,Bengaluru,Karnataka,South,Corporate,2022-07-14
C02741,Customer 02741,Female,60,51-60,Mumbai,Maharashtra,West,Consumer,2023-05-27
C02742,Customer 02742,Female,32,31-40,Kochi,Kerala,South,Corporate,2023-09-09
C02743,Customer 02743,Female,58,51-60,Patna,Bihar,East,Corporate,2024-11-24
C02744,Customer 02744,Male,41,41-50,Kolkata,West Bengal,East,Small Business,2024-02-07
C02745,Customer 02745,Male,45,41-50,Bengaluru,Karnataka,South,Corporate,2022-04-09
C02746,Customer 02746,Male,21,21-30,Hyderabad,Telangana,South,Consumer,2025-07-23
C02747,Customer 02747,Male,31,31-40,Jaipur,Rajasthan,North,Small Business,2023-10-23
C02748,Customer 02748,Female,51,51-60,Delhi,Delhi,North,Small Business,2023-01-20
C02749,Customer 02749,Female,34,31-40,Mumbai,Maharashtra,West,Small Business,2025-06-26
C02750,Customer 02750,Female,28,21-30,Kolkata,West Bengal,East,Corporate,2023-07-27
C02751,Customer 02751,Female,32,31-40,Patna,Bihar,East,Small Business,2023-11-30
C02752,Customer 02752,Female,27,21-30,Surat,Gujarat,West,Corporate,2023-12-03
C02753,Customer 02753,Male,44,41-50,Kolkata,West Bengal,East,Small Business,2022-02-22
C02754,Customer 02754,Male,35,31-40,Bengaluru,Karnataka,South,Small Business,2022-08-16
C02755,Customer 02755,Female,29,21-30,Lucknow,Uttar Pradesh,North,Small Business,2023-09-21
C02756,Customer 02756,Female,56,51-60,Ahmedabad,Gujarat,West,Consumer,2024-10-30
C02757,Customer 02757,Female,53,51-60,Chennai,Tamil Nadu,South,Consumer,2022-10-18
C02758,Customer 02758,Male,33,31-40,Kochi,Kerala,South,Corporate,2023-12-26
C02759,Customer 02759,Male,55,51-60,Bengaluru,Karnataka,South,Small Business,2025-01-09
C02760,Customer 02760,Male,44,41-50,Kochi,Kerala,South,Consumer,2022-07-25
C02761,Customer 02761,Male,30,21-30,Chennai,Tamil Nadu,South,Corporate,2025-06-02
C02762,Customer 02762,Male,38,31-40,Pune,Maharashtra,West,Consumer,2024-03-31
C02763,Customer 02763,Female,54,51-60,Bhubaneswar,Odisha,East,Small Business,2024-09-02
C02764,Customer 02764,Female,29,21-30,Ahmedabad,Gujarat,West,Corporate,2023-09-07
C02765,Customer 02765,Male,37,31-40,Delhi,Delhi,North,Corporate,2025-02-12
C02766,Customer 02766,Male,60,51-60,Bhubaneswar,Odisha,East,Corporate,2022-05-17
C02767,Customer 02767,Female,29,21-30,Jaipur,Rajasthan,North,Consumer,2024-09-11
C02768,Customer 02768,Male,46,41-50,Chennai,Tamil Nadu,South,Consumer,2024-05-08
C02769,Customer 02769,Male,36,31-40,Mumbai,Maharashtra,West,Small Business,2022-05-25
C02770,Customer 02770,Female,29,21-30,Kochi,Kerala,South,Small Business,2022-09-10
C02771,Customer 02771,Male,49,41-50,Bengaluru,Karnataka,South,Consumer,2023-07-19
C02772,Customer 02772,Male,28,21-30,Patna,Bihar,East,Corporate,2023-09-30
C02773,Customer 02773,Female,35,31-40,Lucknow,Uttar Pradesh,North,Corporate,2024-06-16
C02774,Customer 02774,Male,55,51-60,Bhubaneswar,Odisha,East,Corporate,2025-06-03
C02775,Customer 02775,Male,25,21-30,Ahmedabad,Gujarat,West,Corporate,2023-12-01
C02776,Customer 02776,Male,45,41-50,Kolkata,West Bengal,East,Small Business,2022-08-20
C02777,Customer 02777,Female,58,51-60,Ahmedabad,Gujarat,West,Consumer,2024-09-24
C02778,Customer 02778,Male,54,51-60,Bhubaneswar,Odisha,East,Consumer,2022-07-01
C02779,Customer 02779,Male,52,51-60,Ranchi,Jharkhand,East,Corporate,2024-06-04
C02780,Customer 02780,Male,27,21-30,Pune,Maharashtra,West,Small Business,2023-07-19
C02781,Customer 02781,Female,47,41-50,Kolkata,West Bengal,East,Corporate,2023-05-30
C02782,Customer 02782,Male,21,21-30,Ranchi,Jharkhand,East,Consumer,2024-09-21
C02783,Customer 02783,Female,35,31-40,Kochi,Kerala,South,Corporate,2024-06-07
C02784,Customer 02784,Male,52,51-60,Kolkata,West Bengal,East,Corporate,2025-05-27
C02785,Customer 02785,Female,23,21-30,Mumbai,Maharashtra,West,Corporate,2022-08-09
C02786,Customer 02786,Male,28,21-30,Lucknow,Uttar Pradesh,North,Consumer,2024-01-09
C02787,Customer 02787,Female,23,21-30,Pune,Maharashtra,West,Small Business,2024-06-20
C02788,Customer 02788,Male,46,41-50,Ahmedabad,Gujarat,West,Corporate,2024-06-03
C02789,Customer 02789,Male,57,51-60,Delhi,Delhi,North,Consumer,2022-02-19
C02790,Customer 02790,Male,39,31-40,Patna,Bihar,East,Small Business,2022-02-28
C02791,Customer 02791,Female,43,41-50,Ahmedabad,Gujarat,West,Corporate,2023-12-06
C02792,Customer 02792,Male,38,31-40,Ranchi,Jharkhand,East,Small Business,2022-04-08
C02793,Customer 02793,Female,37,31-40,Patna,Bihar,East,Consumer,2023-03-05
C02794,Customer 02794,Female,43,41-50,Patna,Bihar,East,Consumer,2024-10-20
C02795,Customer 02795,Female,43,41-50,Chandigarh,Chandigarh,North,Corporate,2025-01-07
C02796,Customer 02796,Female,40,31-40,Kochi,Kerala,South,Consumer,2022-07-05
C02797,Customer 02797,Female,60,51-60,Mumbai,Maharashtra,West,Small Business,2023-01-17
C02798,Customer 02798,Male,37,31-40,Mumbai,Maharashtra,West,Corporate,2024-09-21
C02799,Customer 02799,Female,49,41-50,Ranchi,Jharkhand,East,Small Business,2022-11-23
C02800,Customer 02800,Female,22,21-30,Chennai,Tamil Nadu,South,Consumer,2023-01-24
C02801,Customer 02801,Female,56,51-60,Bhubaneswar,Odisha,East,Corporate,2022-12-31
C02802,Customer 02802,Male,33,31-40,Mumbai,Maharashtra,West,Consumer,2022-07-05
C02803,Customer 02803,Female,30,21-30,Mumbai,Maharashtra,West,Corporate,2023-11-28
C02804,Customer 02804,Female,29,21-30,Ranchi,Jharkhand,East,Small Business,2022-08-01
C02805,Customer 02805,Male,41,41-50,Bhubaneswar,Odisha,East,Consumer,2024-06-25
C02806,Customer 02806,Male,56,51-60,Jaipur,Rajasthan,North,Consumer,2023-07-15
C02807,Customer 02807,Female,35,31-40,Delhi,Delhi,North,Corporate,2023-03-25
C02808,Customer 02808,Male,49,41-50,Kochi,Kerala,South,Corporate,2023-03-19
C02809,Customer 02809,Male,39,31-40,Bengaluru,Karnataka,South,Consumer,2022-02-12
C02810,Customer 02810,Female,47,41-50,Surat,Gujarat,West,Corporate,2025-02-02
C02811,Customer 02811,Female,32,31-40,Hyderabad,Telangana,South,Corporate,2025-04-04
C02812,Customer 02812,Female,37,31-40,Mumbai,Maharashtra,West,Corporate,2024-01-16
C02813,Customer 02813,Female,44,41-50,Kolkata,West Bengal,East,Small Business,2023-04-26
C02814,Customer 02814,Female,25,21-30,Patna,Bihar,East,Corporate,2022-10-03
C02815,Customer 02815,Male,55,51-60,Patna,Bihar,East,Corporate,2022-09-21
C02816,Customer 02816,Female,55,51-60,Lucknow,Uttar Pradesh,North,Small Business,2022-08-03
C02817,Customer 02817,Female,56,51-60,Kochi,Kerala,South,Consumer,2024-08-10
C02818,Customer 02818,Male,50,41-50,Kolkata,West Bengal,East,Corporate,2024-06-15
C02819,Customer 02819,Female,25,21-30,Surat,Gujarat,West,Consumer,2022-02-15
C02820,Customer 02820,Male,43,41-50,Ahmedabad,Gujarat,West,Small Business,2022-10-30
C02821,Customer 02821,Female,25,21-30,Chandigarh,Chandigarh,North,Corporate,2023-07-20
C02822,Customer 02822,Male,59,51-60,Kolkata,West Bengal,East,Small Business,2024-06-01
C02823,Customer 02823,Female,34,31-40,Bengaluru,Karnataka,South,Corporate,2024-07-14
C02824,Customer 02824,Female,42,41-50,Bhubaneswar,Odisha,East,Consumer,2025-03-13
C02825,Customer 02825,Male,55,51-60,Pune,Maharashtra,West,Corporate,2025-04-16
C02826,Customer 02826,Male,60,51-60,Patna,Bihar,East,Consumer,2024-01-04
C02827,Customer 02827,Male,60,51-60,Lucknow,Uttar Pradesh,North,Consumer,2024-12-20
C02828,Customer 02828,Male,33,31-40,Pune,Maharashtra,West,Consumer,2025-05-16
C02829,Customer 02829,Male,22,21-30,Chennai,Tamil Nadu,South,Corporate,2024-10-10
C02830,Customer 02830,Female,26,21-30,Lucknow,Uttar Pradesh,North,Consumer,2024-04-06
C02831,Customer 02831,Female,45,41-50,Mumbai,Maharashtra,West,Corporate,2024-08-29
C02832,Customer 02832,Female,32,31-40,Bengaluru,Karnataka,South,Consumer,2023-09-30
C02833,Customer 02833,Male,48,41-50,Ranchi,Jharkhand,East,Small Business,2024-10-20
C02834,Customer 02834,Male,37,31-40,Chandigarh,Chandigarh,North,Small Business,2023-02-15
C02835,Customer 02835,Female,26,21-30,Kochi,Kerala,South,Small Business,2024-07-14
C02836,Customer 02836,Female,22,21-30,Lucknow,Uttar Pradesh,North,Corporate,2022-05-05
C02837,Customer 02837,Female,27,21-30,Jaipur,Rajasthan,North,Consumer,2022-01-04
C02838,Customer 02838,Male,41,41-50,Delhi,Delhi,North,Small Business,2023-09-20
C02839,Customer 02839,Female,25,21-30,Delhi,Delhi,North,Consumer,2023-01-22
C02840,Customer 02840,Male,55,51-60,Surat,Gujarat,West,Consumer,2023-12-09
C02841,Customer 02841,Male,59,51-60,Lucknow,Uttar Pradesh,North,Small Business,2025-03-21
C02842,Customer 02842,Female,32,31-40,Chennai,Tamil Nadu,South,Corporate,2022-11-01
C02843,Customer 02843,Male,60,51-60,Ahmedabad,Gujarat,West,Consumer,2025-01-05
C02844,Customer 02844,Female,39,31-40,Lucknow,Uttar Pradesh,North,Consumer,2023-12-16
C02845,Customer 02845,Male,27,21-30,Chennai,Tamil Nadu,South,Small Business,2023-01-31
C02846,Customer 02846,Female,50,41-50,Bengaluru,Karnataka,South,Corporate,2025-01-27
C02847,Customer 02847,Female,28,21-30,Mumbai,Maharashtra,West,Corporate,2025-02-09
C02848,Customer 02848,Female,36,31-40,Chandigarh,Chandigarh,North,Small Business,2022-10-17
C02849,Customer 02849,Female,33,31-40,Kochi,Kerala,South,Small Business,2022-03-27
C02850,Customer 02850,Male,51,51-60,Ranchi,Jharkhand,East,Corporate,2025-04-25
C02851,Customer 02851,Male,41,41-50,Lucknow,Uttar Pradesh,North,Corporate,2025-02-27
C02852,Customer 02852,Male,39,31-40,Mumbai,Maharashtra,West,Small Business,2022-10-05
C02853,Customer 02853,Male,39,31-40,Ahmedabad,Gujarat,West,Corporate,2024-05-23
C02854,Customer 02854,Female,45,41-50,Mumbai,Maharashtra,West,Consumer,2024-10-01
C02855,Customer 02855,Female,27,21-30,Delhi,Delhi,North,Small Business,2025-02-23
C02856,Customer 02856,Female,40,31-40,Surat,Gujarat,West,Small Business,2023-08-12
C02857,Customer 02857,Male,33,31-40,Jaipur,Rajasthan,North,Consumer,2023-09-21
C02858,Customer 02858,Female,24,21-30,Chennai,Tamil Nadu,South,Corporate,2022-02-27
C02859,Customer 02859,Female,45,41-50,Jaipur,Rajasthan,North,Consumer,2023-12-22
C02860,Customer 02860,Female,53,51-60,Jaipur,Rajasthan,North,Corporate,2023-01-01
C02861,Customer 02861,Male,34,31-40,Ranchi,Jharkhand,East,Consumer,2024-07-25
C02862,Customer 02862,Male,41,41-50,Chennai,Tamil Nadu,South,Consumer,2023-02-21
C02863,Customer 02863,Male,57,51-60,Surat,Gujarat,West,Corporate,2025-06-09
C02864,Customer 02864,Male,45,41-50,Delhi,Delhi,North,Consumer,2022-08-27
C02865,Customer 02865,Male,36,31-40,Bhubaneswar,Odisha,East,Corporate,2023-11-09
C02866,Customer 02866,Female,35,31-40,Chennai,Tamil Nadu,South,Small Business,2024-04-03
C02867,Customer 02867,Male,30,21-30,Jaipur,Rajasthan,North,Corporate,2023-05-20
C02868,Customer 02868,Female,57,51-60,Kolkata,West Bengal,East,Corporate,2025-07-06
C02869,Customer 02869,Male,38,31-40,Bhubaneswar,Odisha,East,Small Business,2022-01-21
C02870,Customer 02870,Female,45,41-50,Pune,Maharashtra,West,Small Business,2023-01-24
C02871,Customer 02871,Female,59,51-60,Surat,Gujarat,West,Consumer,2025-07-07
C02872,Customer 02872,Male,49,41-50,Mumbai,Maharashtra,West,Consumer,2023-04-02
C02873,Customer 02873,Male,28,21-30,Chandigarh,Chandigarh,North,Consumer,2024-09-27
C02874,Customer 02874,Male,55,51-60,Chandigarh,Chandigarh,North,Small Business,2022-12-09
C02875,Customer 02875,Female,39,31-40,Kolkata,West Bengal,East,Corporate,2023-08-10
C02876,Customer 02876,Female,27,21-30,Bhubaneswar,Odisha,East,Consumer,2024-03-19
C02877,Customer 02877,Male,56,51-60,Hyderabad,Telangana,South,Small Business,2023-02-16
C02878,Customer 02878,Male,51,51-60,Bengaluru,Karnataka,South,Small Business,2022-08-12
C02879,Customer 02879,Male,23,21-30,Lucknow,Uttar Pradesh,North,Small Business,2023-01-13
C02880,Customer 02880,Male,36,31-40,Chandigarh,Chandigarh,North,Small Business,2025-06-14
C02881,Customer 02881,Female,30,21-30,Ranchi,Jharkhand,East,Small Business,2025-05-07
C02882,Customer 02882,Male,34,31-40,Jaipur,Rajasthan,North,Corporate,2023-10-14
C02883,Customer 02883,Male,30,21-30,Jaipur,Rajasthan,North,Small Business,2023-05-29
C02884,Customer 02884,Female,50,41-50,Chennai,Tamil Nadu,South,Consumer,2022-04-26
C02885,Customer 02885,Female,30,21-30,Mumbai,Maharashtra,West,Small Business,2024-11-01
C02886,Customer 02886,Male,32,31-40,Chandigarh,Chandigarh,North,Corporate,2023-02-03
C02887,Customer 02887,Female,22,21-30,Patna,Bihar,East,Small Business,2022-05-23
C02888,Customer 02888,Female,56,51-60,Kochi,Kerala,South,Consumer,2022-10-21
C02889,Customer 02889,Male,28,21-30,Patna,Bihar,East,Corporate,2022-05-14
C02890,Customer 02890,Male,60,51-60,Pune,Maharashtra,West,Corporate,2022-12-14
C02891,Customer 02891,Female,23,21-30,Patna,Bihar,East,Consumer,2022-08-01
C02892,Customer 02892,Male,45,41-50,Kochi,Kerala,South,Consumer,2025-02-26
C02893,Customer 02893,Female,57,51-60,Jaipur,Rajasthan,North,Consumer,2023-04-05
C02894,Customer 02894,Male,22,21-30,Jaipur,Rajasthan,North,Corporate,2024-09-02
C02895,Customer 02895,Female,60,51-60,Mumbai,Maharashtra,West,Small Business,2024-07-09
C02896,Customer 02896,Female,60,51-60,Kochi,Kerala,South,Small Business,2023-12-08
C02897,Customer 02897,Female,30,21-30,Ahmedabad,Gujarat,West,Small Business,2025-01-03
C02898,Customer 02898,Male,30,21-30,Ranchi,Jharkhand,East,Small Business,2022-12-24
C02899,Customer 02899,Female,31,31-40,Mumbai,Maharashtra,West,Small Business,2022-02-12
C02900,Customer 02900,Female,30,21-30,Pune,Maharashtra,West,Consumer,2024-07-30
C02901,Customer 02901,Male,46,41-50,Pune,Maharashtra,West,Consumer,2025-07-07
C02902,Customer 02902,Male,46,41-50,Ranchi,Jharkhand,East,Small Business,2024-05-05
C02903,Customer 02903,Female,49,41-50,Ahmedabad,Gujarat,West,Small Business,2024-08-07
C02904,Customer 02904,Female,41,41-50,Ranchi,Jharkhand,East,Corporate,2024-03-27
C02905,Customer 02905,Male,36,31-40,Bengaluru,Karnataka,South,Consumer,2023-01-27
C02906,Customer 02906,Female,50,41-50,Hyderabad,Telangana,South,Corporate,2024-04-16
C02907,Customer 02907,Female,34,31-40,Ranchi,Jharkhand,East,Small Business,2022-10-17
C02908,Customer 02908,Male,55,51-60,Surat,Gujarat,West,Corporate,2024-07-15
C02909,Customer 02909,Female,24,21-30,Bhubaneswar,Odisha,East,Consumer,2023-03-21
C02910,Customer 02910,Male,45,41-50,Patna,Bihar,East,Corporate,2024-06-03
C02911,Customer 02911,Female,22,21-30,Chennai,Tamil Nadu,South,Corporate,2023-02-27
C02912,Customer 02912,Male,38,31-40,Mumbai,Maharashtra,West,Corporate,2025-02-27
C02913,Customer 02913,Female,57,51-60,Bengaluru,Karnataka,South,Consumer,2022-11-05
C02914,Customer 02914,Female,50,41-50,Pune,Maharashtra,West,Consumer,2022-09-25
C02915,Customer 02915,Female,60,51-60,Surat,Gujarat,West,Corporate,2024-12-22
C02916,Customer 02916,Male,25,21-30,Jaipur,Rajasthan,North,Consumer,2022-02-13
C02917,Customer 02917,Male,42,41-50,Delhi,Delhi,North,Consumer,2023-10-04
C02918,Customer 02918,Male,30,21-30,Ranchi,Jharkhand,East,Consumer,2023-09-22
C02919,Customer 02919,Female,60,51-60,Chandigarh,Chandigarh,North,Small Business,2025-04-09
C02920,Customer 02920,Female,42,41-50,Ahmedabad,Gujarat,West,Corporate,2022-12-25
C02921,Customer 02921,Female,27,21-30,Bhubaneswar,Odisha,East,Corporate,2022-11-24
C02922,Customer 02922,Male,47,41-50,Bengaluru,Karnataka,South,Consumer,2024-12-26
C02923,Customer 02923,Male,56,51-60,Pune,Maharashtra,West,Corporate,2025-07-11
C02924,Customer 02924,Female,36,31-40,Surat,Gujarat,West,Consumer,2022-10-28
C02925,Customer 02925,Male,23,21-30,Ahmedabad,Gujarat,West,Consumer,2024-02-20
C02926,Customer 02926,Female,51,51-60,Surat,Gujarat,West,Consumer,2022-02-10
C02927,Customer 02927,Female,58,51-60,Ranchi,Jharkhand,East,Corporate,2023-01-08
C02928,Customer 02928,Male,52,51-60,Ahmedabad,Gujarat,West,Corporate,2025-03-06
C02929,Customer 02929,Female,26,21-30,Ranchi,Jharkhand,East,Small Business,2022-05-22
C02930,Customer 02930,Male,60,51-60,Chennai,Tamil Nadu,South,Small Business,2024-03-17
C02931,Customer 02931,Male,33,31-40,Bengaluru,Karnataka,South,Corporate,2023-10-19
C02932,Customer 02932,Male,43,41-50,Bhubaneswar,Odisha,East,Corporate,2024-10-10
C02933,Customer 02933,Female,31,31-40,Delhi,Delhi,North,Small Business,2023-06-02
C02934,Customer 02934,Female,54,51-60,Hyderabad,Telangana,South,Consumer,2024-09-29
C02935,Customer 02935,Male,24,21-30,Patna,Bihar,East,Corporate,2023-05-05
C02936,Customer 02936,Female,49,41-50,Bhubaneswar,Odisha,East,Small Business,2023-11-23
C02937,Customer 02937,Female,50,41-50,Jaipur,Rajasthan,North,Corporate,2022-06-14
C02938,Customer 02938,Male,29,21-30,Patna,Bihar,East,Corporate,2022-01-22
C02939,Customer 02939,Female,45,41-50,Delhi,Delhi,North,Consumer,2024-08-20
C02940,Customer 02940,Female,23,21-30,Mumbai,Maharashtra,West,Corporate,2023-07-08
C02941,Customer 02941,Female,44,41-50,Mumbai,Maharashtra,West,Corporate,2024-05-19
C02942,Customer 02942,Female,29,21-30,Pune,Maharashtra,West,Small Business,2023-06-20
C02943,Customer 02943,Female,39,31-40,Hyderabad,Telangana,South,Small Business,2022-06-20
C02944,Customer 02944,Male,41,41-50,Ahmedabad,Gujarat,West,Corporate,2022-08-21
C02945,Customer 02945,Male,27,21-30,Delhi,Delhi,North,Consumer,2022-06-02
C02946,Customer 02946,Female,25,21-30,Chennai,Tamil Nadu,South,Consumer,2025-03-17
C02947,Customer 02947,Male,25,21-30,Kochi,Kerala,South,Consumer,2022-01-28
C02948,Customer 02948,Male,30,21-30,Patna,Bihar,East,Corporate,2025-07-06
C02949,Customer 02949,Female,27,21-30,Ahmedabad,Gujarat,West,Corporate,2022-09-07
C02950,Customer 02950,Male,33,31-40,Jaipur,Rajasthan,North,Corporate,2022-06-16
C02951,Customer 02951,Male,26,21-30,Chennai,Tamil Nadu,South,Consumer,2024-06-05
C02952,Customer 02952,Male,24,21-30,Kochi,Kerala,South,Corporate,2022-06-12
C02953,Customer 02953,Female,54,51-60,Mumbai,Maharashtra,West,Consumer,2024-09-01
C02954,Customer 02954,Female,59,51-60,Hyderabad,Telangana,South,Corporate,2023-01-17
C02955,Customer 02955,Female,58,51-60,Surat,Gujarat,West,Consumer,2024-06-25
C02956,Customer 02956,Male,26,21-30,Chennai,Tamil Nadu,South,Consumer,2023-02-09
C02957,Customer 02957,Male,55,51-60,Kolkata,West Bengal,East,Corporate,2023-01-23
C02958,Customer 02958,Male,33,31-40,Lucknow,Uttar Pradesh,North,Consumer,2023-10-21
C02959,Customer 02959,Male,46,41-50,Kochi,Kerala,South,Corporate,2025-04-28
C02960,Customer 02960,Female,53,51-60,Bhubaneswar,Odisha,East,Corporate,2023-08-08
C02961,Customer 02961,Female,37,31-40,Hyderabad,Telangana,South,Small Business,2023-05-09
C02962,Customer 02962,Female,39,31-40,Delhi,Delhi,North,Consumer,2022-05-13
C02963,Customer 02963,Male,52,51-60,Jaipur,Rajasthan,North,Small Business,2022-05-04
C02964,Customer 02964,Male,49,41-50,Pune,Maharashtra,West,Consumer,2022-06-30
C02965,Customer 02965,Female,59,51-60,Patna,Bihar,East,Corporate,2022-05-15
C02966,Customer 02966,Female,49,41-50,Kolkata,West Bengal,East,Small Business,2024-09-10
C02967,Customer 02967,Female,40,31-40,Ranchi,Jharkhand,East,Small Business,2023-10-04
C02968,Customer 02968,Male,58,51-60,Hyderabad,Telangana,South,Consumer,2022-03-29
C02969,Customer 02969,Female,50,41-50,Ranchi,Jharkhand,East,Small Business,2023-10-27
C02970,Customer 02970,Female,50,41-50,Mumbai,Maharashtra,West,Small Business,2022-11-09
C02971,Customer 02971,Female,47,41-50,Bengaluru,Karnataka,South,Consumer,2022-10-13
C02972,Customer 02972,Female,30,21-30,Patna,Bihar,East,Small Business,2024-01-19
C02973,Customer 02973,Female,32,31-40,Delhi,Delhi,North,Consumer,2025-04-29
C02974,Customer 02974,Male,27,21-30,Chennai,Tamil Nadu,South,Consumer,2024-03-12
C02975,Customer 02975,Male,38,31-40,Surat,Gujarat,West,Small Business,2023-02-10
C02976,Customer 02976,Female,46,41-50,Delhi,Delhi,North,Consumer,2023-09-14
C02977,Customer 02977,Male,33,31-40,Kolkata,West Bengal,East,Small Business,2025-05-27
C02978,Customer 02978,Female,48,41-50,Surat,Gujarat,West,Consumer,2024-09-25
C02979,Customer 02979,Female,27,21-30,Jaipur,Rajasthan,North,Consumer,2023-10-25
C02980,Customer 02980,Female,30,21-30,Surat,Gujarat,West,Consumer,2024-11-28
C02981,Customer 02981,Male,47,41-50,Surat,Gujarat,West,Small Business,2022-01-27
C02982,Customer 02982,Male,42,41-50,Bhubaneswar,Odisha,East,Corporate,2023-09-29
C02983,Customer 02983,Male,59,51-60,Pune,Maharashtra,West,Consumer,2024-12-20
C02984,Customer 02984,Female,44,41-50,Bhubaneswar,Odisha,East,Corporate,2022-09-20
C02985,Customer 02985,Female,25,21-30,Ranchi,Jharkhand,East,Consumer,2024-07-04
C02986,Customer 02986,Female,36,31-40,Ranchi,Jharkhand,East,Consumer,2023-10-31
C02987,Customer 02987,Female,51,51-60,Kochi,Kerala,South,Small Business,2025-02-10
C02988,Customer 02988,Female,33,31-40,Patna,Bihar,East,Consumer,2023-10-22
C02989,Customer 02989,Male,36,31-40,Kochi,Kerala,South,Small Business,2025-02-27
C02990,Customer 02990,Male,41,41-50,Surat,Gujarat,West,Corporate,2022-07-15
C02991,Customer 02991,Male,60,51-60,Mumbai,Maharashtra,West,Small Business,2022-06-16
C02992,Customer 02992,Female,59,51-60,Surat,Gujarat,West,Corporate,2023-06-29
C02993,Customer 02993,Female,45,41-50,Chandigarh,Chandigarh,North,Consumer,2023-07-20
C02994,Customer 02994,Female,24,21-30,Bengaluru,Karnataka,South,Small Business,2023-05-21
C02995,Customer 02995,Male,41,41-50,Kochi,Kerala,South,Small Business,2025-06-25
C02996,Customer 02996,Male,38,31-40,Surat,Gujarat,West,Small Business,2024-09-19
C02997,Customer 02997,Male,33,31-40,Patna,Bihar,East,Corporate,2025-05-24
C02998,Customer 02998,Female,24,21-30,Lucknow,Uttar Pradesh,North,Corporate,2023-02-04
C02999,Customer 02999,Male,45,41-50,Bhubaneswar,Odisha,East,Small Business,2022-01-23
C03000,Customer 03000,Female,34,31-40,Bhubaneswar,Odisha,East,Consumer,2023-08-30
C03001,Customer 03001,Male,47,41-50,Delhi,Delhi,North,Consumer,2024-01-25
C03002,Customer 03002,Male,49,41-50,Ahmedabad,Gujarat,West,Corporate,2024-02-22
C03003,Customer 03003,Female,41,41-50,Chennai,Tamil Nadu,South,Consumer,2023-07-15
C03004,Customer 03004,Female,33,31-40,Ahmedabad,Gujarat,West,Corporate,2025-05-27
C03005,Customer 03005,Female,31,31-40,Ahmedabad,Gujarat,West,Corporate,2022-09-21
C03006,Customer 03006,Male,28,21-30,Patna,Bihar,East,Consumer,2023-10-31
C03007,Customer 03007,Female,30,21-30,Surat,Gujarat,West,Small Business,2024-02-08
C03008,Customer 03008,Female,41,41-50,Delhi,Delhi,North,Small Business,2022-12-31
C03009,Customer 03009,Male,39,31-40,Patna,Bihar,East,Small Business,2025-03-04
C03010,Customer 03010,Male,29,21-30,Jaipur,Rajasthan,North,Small Business,2022-05-11
C03011,Customer 03011,Male,30,21-30,Chandigarh,Chandigarh,North,Consumer,2024-12-06
C03012,Customer 03012,Male,26,21-30,Chennai,Tamil Nadu,South,Small Business,2024-01-02
C03013,Customer 03013,Male,47,41-50,Patna,Bihar,East,Small Business,2022-05-23
C03014,Customer 03014,Female,55,51-60,Surat,Gujarat,West,Consumer,2024-12-10
C03015,Customer 03015,Female,30,21-30,Pune,Maharashtra,West,Corporate,2022-07-03
C03016,Customer 03016,Female,31,31-40,Hyderabad,Telangana,South,Consumer,2023-06-19
C03017,Customer 03017,Male,24,21-30,Kochi,Kerala,South,Corporate,2025-02-16
C03018,Customer 03018,Male,35,31-40,Delhi,Delhi,North,Small Business,2022-03-28
C03019,Customer 03019,Male,35,31-40,Jaipur,Rajasthan,North,Consumer,2022-10-09
C03020,Customer 03020,Female,45,41-50,Patna,Bihar,East,Corporate,2024-03-21
C03021,Customer 03021,Female,52,51-60,Delhi,Delhi,North,Consumer,2024-04-29
C03022,Customer 03022,Male,33,31-40,Chandigarh,Chandigarh,North,Corporate,2022-03-15
C03023,Customer 03023,Male,58,51-60,Hyderabad,Telangana,South,Small Business,2022-01-15
C03024,Customer 03024,Male,58,51-60,Ranchi,Jharkhand,East,Small Business,2024-11-08
C03025,Customer 03025,Female,34,31-40,Chennai,Tamil Nadu,South,Consumer,2025-01-03
C03026,Customer 03026,Female,38,31-40,Delhi,Delhi,North,Corporate,2024-02-06
C03027,Customer 03027,Male,33,31-40,Mumbai,Maharashtra,West,Corporate,2023-06-09
C03028,Customer 03028,Male,41,41-50,Patna,Bihar,East,Small Business,2024-03-15
C03029,Customer 03029,Female,49,41-50,Lucknow,Uttar Pradesh,North,Consumer,2024-07-01
C03030,Customer 03030,Male,32,31-40,Mumbai,Maharashtra,West,Consumer,2022-03-27
C03031,Customer 03031,Male,34,31-40,Mumbai,Maharashtra,West,Consumer,2025-03-13
C03032,Customer 03032,Male,58,51-60,Bhubaneswar,Odisha,East,Small Business,2024-01-10
C03033,Customer 03033,Male,35,31-40,Ahmedabad,Gujarat,West,Corporate,2023-06-01
C03034,Customer 03034,Male,40,31-40,Hyderabad,Telangana,South,Consumer,2023-03-20
C03035,Customer 03035,Female,34,31-40,Chennai,Tamil Nadu,South,Small Business,2024-03-06
C03036,Customer 03036,Female,46,41-50,Patna,Bihar,East,Corporate,2022-12-05
C03037,Customer 03037,Female,56,51-60,Surat,Gujarat,West,Corporate,2023-08-08
C03038,Customer 03038,Male,60,51-60,Kochi,Kerala,South,Consumer,2022-01-01
C03039,Customer 03039,Male,21,21-30,Delhi,Delhi,North,Small Business,2022-01-01
C03040,Customer 03040,Female,45,41-50,Bhubaneswar,Odisha,East,Corporate,2025-03-09
C03041,Customer 03041,Male,24,21-30,Chennai,Tamil Nadu,South,Small Business,2023-03-17
C03042,Customer 03042,Female,44,41-50,Hyderabad,Telangana,South,Consumer,2023-07-28
C03043,Customer 03043,Male,40,31-40,Pune,Maharashtra,West,Consumer,2022-09-03
C03044,Customer 03044,Male,37,31-40,Bhubaneswar,Odisha,East,Small Business,2023-02-24
C03045,Customer 03045,Male,51,51-60,Lucknow,Uttar Pradesh,North,Consumer,2022-01-30
C03046,Customer 03046,Male,36,31-40,Lucknow,Uttar Pradesh,North,Small Business,2025-04-02
C03047,Customer 03047,Female,22,21-30,Kolkata,West Bengal,East,Corporate,2025-02-27
C03048,Customer 03048,Male,30,21-30,Surat,Gujarat,West,Consumer,2022-05-14
C03049,Customer 03049,Female,22,21-30,Mumbai,Maharashtra,West,Consumer,2024-10-15
C03050,Customer 03050,Female,47,41-50,Pune,Maharashtra,West,Consumer,2022-01-28
C03051,Customer 03051,Male,38,31-40,Jaipur,Rajasthan,North,Corporate,2023-07-31
C03052,Customer 03052,Male,38,31-40,Surat,Gujarat,West,Consumer,2023-07-11
C03053,Customer 03053,Male,49,41-50,Hyderabad,Telangana,South,Consumer,2022-04-01
C03054,Customer 03054,Female,35,31-40,Pune,Maharashtra,West,Corporate,2022-04-07
C03055,Customer 03055,Female,26,21-30,Bhubaneswar,Odisha,East,Corporate,2024-01-23
C03056,Customer 03056,Female,55,51-60,Ahmedabad,Gujarat,West,Consumer,2024-02-04
C03057,Customer 03057,Male,41,41-50,Ranchi,Jharkhand,East,Corporate,2023-12-12
C03058,Customer 03058,Male,58,51-60,Pune,Maharashtra,West,Small Business,2024-02-02
C03059,Customer 03059,Female,39,31-40,Ahmedabad,Gujarat,West,Consumer,2024-10-09
C03060,Customer 03060,Female,48,41-50,Pune,Maharashtra,West,Consumer,2025-05-18
C03061,Customer 03061,Male,42,41-50,Kolkata,West Bengal,East,Small Business,2024-08-13
C03062,Customer 03062,Male,23,21-30,Ahmedabad,Gujarat,West,Small Business,2024-11-03
C03063,Customer 03063,Female,55,51-60,Bengaluru,Karnataka,South,Corporate,2022-11-23
C03064,Customer 03064,Male,46,41-50,Bengaluru,Karnataka,South,Consumer,2024-05-08
C03065,Customer 03065,Male,54,51-60,Lucknow,Uttar Pradesh,North,Consumer,2025-03-24
C03066,Customer 03066,Female,56,51-60,Delhi,Delhi,North,Corporate,2022-12-04
C03067,Customer 03067,Female,52,51-60,Kochi,Kerala,South,Consumer,2023-10-29
C03068,Customer 03068,Female,54,51-60,Ranchi,Jharkhand,East,Corporate,2024-03-15
C03069,Customer 03069,Female,47,41-50,Kochi,Kerala,South,Corporate,2022-08-06
C03070,Customer 03070,Female,30,21-30,Kochi,Kerala,South,Corporate,2023-01-21
C03071,Customer 03071,Male,52,51-60,Delhi,Delhi,North,Consumer,2022-05-28
C03072,Customer 03072,Male,46,41-50,Bhubaneswar,Odisha,East,Small Business,2023-03-05
C03073,Customer 03073,Male,22,21-30,Lucknow,Uttar Pradesh,North,Consumer,2022-03-05
C03074,Customer 03074,Male,34,31-40,Bhubaneswar,Odisha,East,Consumer,2022-05-27
C03075,Customer 03075,Female,49,41-50,Chandigarh,Chandigarh,North,Consumer,2024-05-14
C03076,Customer 03076,Female,21,21-30,Ranchi,Jharkhand,East,Corporate,2025-05-08
C03077,Customer 03077,Female,45,41-50,Bhubaneswar,Odisha,East,Small Business,2023-03-03
C03078,Customer 03078,Female,60,51-60,Bhubaneswar,Odisha,East,Corporate,2024-09-06
C03079,Customer 03079,Female,23,21-30,Jaipur,Rajasthan,North,Small Business,2023-10-17
C03080,Customer 03080,Male,37,31-40,Ranchi,Jharkhand,East,Corporate,2024-08-27
C03081,Customer 03081,Male,48,41-50,Mumbai,Maharashtra,West,Corporate,2025-04-17
C03082,Customer 03082,Female,22,21-30,Ranchi,Jharkhand,East,Small Business,2022-03-21
C03083,Customer 03083,Male,51,51-60,Surat,Gujarat,West,Small Business,2025-01-18
C03084,Customer 03084,Male,36,31-40,Chandigarh,Chandigarh,North,Corporate,2025-07-16
C03085,Customer 03085,Female,45,41-50,Lucknow,Uttar Pradesh,North,Corporate,2023-11-22
C03086,Customer 03086,Female,23,21-30,Kochi,Kerala,South,Small Business,2023-09-27
C03087,Customer 03087,Male,60,51-60,Ahmedabad,Gujarat,West,Small Business,2022-07-14
C03088,Customer 03088,Male,58,51-60,Delhi,Delhi,North,Corporate,2022-02-27
C03089,Customer 03089,Male,53,51-60,Ahmedabad,Gujarat,West,Consumer,2024-08-06
C03090,Customer 03090,Female,55,51-60,Kolkata,West Bengal,East,Corporate,2022-04-10
C03091,Customer 03091,Male,54,51-60,Kolkata,West Bengal,East,Small Business,2022-12-23
C03092,Customer 03092,Female,31,31-40,Ahmedabad,Gujarat,West,Consumer,2023-08-18
C03093,Customer 03093,Female,28,21-30,Patna,Bihar,East,Corporate,2022-11-14
C03094,Customer 03094,Male,51,51-60,Chandigarh,Chandigarh,North,Small Business,2023-05-26
C03095,Customer 03095,Female,32,31-40,Delhi,Delhi,North,Small Business,2022-03-31
C03096,Customer 03096,Male,35,31-40,Bhubaneswar,Odisha,East,Small Business,2025-04-10
C03097,Customer 03097,Male,49,41-50,Surat,Gujarat,West,Corporate,2022-08-26
C03098,Customer 03098,Male,29,21-30,Lucknow,Uttar Pradesh,North,Consumer,2025-05-24
C03099,Customer 03099,Female,52,51-60,Delhi,Delhi,North,Small Business,2024-05-30
C03100,Customer 03100,Female,55,51-60,Delhi,Delhi,North,Consumer,2024-05-07
C03101,Customer 03101,Male,38,31-40,Surat,Gujarat,West,Small Business,2025-02-15
C03102,Customer 03102,Male,25,21-30,Pune,Maharashtra,West,Consumer,2023-06-23
C03103,Customer 03103,Female,46,41-50,Ranchi,Jharkhand,East,Corporate,2023-05-14
C03104,Customer 03104,Male,22,21-30,Bengaluru,Karnataka,South,Consumer,2022-06-26
C03105,Customer 03105,Male,49,41-50,Chennai,Tamil Nadu,South,Corporate,2025-01-23
C03106,Customer 03106,Female,51,51-60,Ranchi,Jharkhand,East,Consumer,2023-01-15
C03107,Customer 03107,Male,56,51-60,Pune,Maharashtra,West,Consumer,2023-04-21
C03108,Customer 03108,Male,40,31-40,Hyderabad,Telangana,South,Consumer,2024-03-11
C03109,Customer 03109,Female,24,21-30,Delhi,Delhi,North,Corporate,2022-01-25
C03110,Customer 03110,Female,58,51-60,Lucknow,Uttar Pradesh,North,Corporate,2022-01-19
C03111,Customer 03111,Male,41,41-50,Bhubaneswar,Odisha,East,Consumer,2024-09-10
C03112,Customer 03112,Male,51,51-60,Hyderabad,Telangana,South,Small Business,2024-09-07
C03113,Customer 03113,Male,32,31-40,Hyderabad,Telangana,South,Small Business,2025-02-06
C03114,Customer 03114,Male,29,21-30,Chandigarh,Chandigarh,North,Corporate,2022-10-25
C03115,Customer 03115,Female,53,51-60,Chandigarh,Chandigarh,North,Consumer,2025-03-05
C03116,Customer 03116,Male,47,41-50,Chennai,Tamil Nadu,South,Corporate,2024-01-11
C03117,Customer 03117,Female,47,41-50,Kochi,Kerala,South,Consumer,2024-06-03
C03118,Customer 03118,Female,46,41-50,Jaipur,Rajasthan,North,Consumer,2023-01-30
C03119,Customer 03119,Female,49,41-50,Ranchi,Jharkhand,East,Corporate,2023-04-06
C03120,Customer 03120,Female,60,51-60,Bengaluru,Karnataka,South,Corporate,2024-04-12
C03121,Customer 03121,Male,59,51-60,Chennai,Tamil Nadu,South,Corporate,2023-08-13
C03122,Customer 03122,Male,48,41-50,Surat,Gujarat,West,Corporate,2022-03-05
C03123,Customer 03123,Male,56,51-60,Pune,Maharashtra,West,Consumer,2022-10-26
C03124,Customer 03124,Female,38,31-40,Jaipur,Rajasthan,North,Small Business,2023-07-30
C03125,Customer 03125,Female,40,31-40,Ahmedabad,Gujarat,West,Corporate,2025-05-24
C03126,Customer 03126,Female,51,51-60,Patna,Bihar,East,Corporate,2024-09-25
C03127,Customer 03127,Male,51,51-60,Mumbai,Maharashtra,West,Small Business,2022-07-06
C03128,Customer 03128,Female,55,51-60,Surat,Gujarat,West,Corporate,2025-06-16
C03129,Customer 03129,Female,38,31-40,Chandigarh,Chandigarh,North,Small Business,2023-08-15
C03130,Customer 03130,Female,41,41-50,Kochi,Kerala,South,Consumer,2025-03-05
C03131,Customer 03131,Female,40,31-40,Hyderabad,Telangana,South,Consumer,2023-11-18
C03132,Customer 03132,Female,37,31-40,Pune,Maharashtra,West,Corporate,2024-05-18
C03133,Customer 03133,Male,39,31-40,Hyderabad,Telangana,South,Consumer,2024-01-11
C03134,Customer 03134,Male,50,41-50,Patna,Bihar,East,Corporate,2024-12-01
C03135,Customer 03135,Male,39,31-40,Chennai,Tamil Nadu,South,Corporate,2023-05-21
C03136,Customer 03136,Female,32,31-40,Hyderabad,Telangana,South,Corporate,2024-10-14
C03137,Customer 03137,Male,46,41-50,Ranchi,Jharkhand,East,Small Business,2023-07-09
C03138,Customer 03138,Female,30,21-30,Ahmedabad,Gujarat,West,Small Business,2025-05-26
C03139,Customer 03139,Female,28,21-30,Chandigarh,Chandigarh,North,Small Business,2025-02-01
C03140,Customer 03140,Male,25,21-30,Mumbai,Maharashtra,West,Consumer,2023-06-06
C03141,Customer 03141,Female,56,51-60,Surat,Gujarat,West,Corporate,2023-07-22
C03142,Customer 03142,Male,38,31-40,Pune,Maharashtra,West,Consumer,2024-05-25
C03143,Customer 03143,Male,51,51-60,Surat,Gujarat,West,Small Business,2024-03-03
C03144,Customer 03144,Male,29,21-30,Patna,Bihar,East,Consumer,2022-09-09
C03145,Customer 03145,Male,23,21-30,Ranchi,Jharkhand,East,Consumer,2023-07-23
C03146,Customer 03146,Female,29,21-30,Lucknow,Uttar Pradesh,North,Consumer,2024-05-16
C03147,Customer 03147,Male,57,51-60,Hyderabad,Telangana,South,Consumer,2022-01-21
C03148,Customer 03148,Female,60,51-60,Lucknow,Uttar Pradesh,North,Corporate,2023-07-22
C03149,Customer 03149,Female,36,31-40,Bhubaneswar,Odisha,East,Consumer,2023-03-28
C03150,Customer 03150,Female,36,31-40,Kolkata,West Bengal,East,Consumer,2022-02-17
C03151,Customer 03151,Male,31,31-40,Patna,Bihar,East,Small Business,2023-02-21
C03152,Customer 03152,Male,26,21-30,Delhi,Delhi,North,Corporate,2025-06-11
C03153,Customer 03153,Female,28,21-30,Kolkata,West Bengal,East,Consumer,2023-05-20
C03154,Customer 03154,Male,36,31-40,Pune,Maharashtra,West,Small Business,2025-06-02
C03155,Customer 03155,Male,35,31-40,Chennai,Tamil Nadu,South,Small Business,2022-08-08
C03156,Customer 03156,Male,40,31-40,Delhi,Delhi,North,Small Business,2025-04-02
C03157,Customer 03157,Female,34,31-40,Mumbai,Maharashtra,West,Consumer,2022-07-25
C03158,Customer 03158,Female,49,41-50,Chandigarh,Chandigarh,North,Small Business,2022-11-04
C03159,Customer 03159,Female,22,21-30,Mumbai,Maharashtra,West,Corporate,2023-07-11
C03160,Customer 03160,Female,48,41-50,Hyderabad,Telangana,South,Corporate,2023-12-03
C03161,Customer 03161,Male,52,51-60,Patna,Bihar,East,Corporate,2025-06-14
C03162,Customer 03162,Female,59,51-60,Mumbai,Maharashtra,West,Consumer,2024-02-03
C03163,Customer 03163,Male,59,51-60,Bengaluru,Karnataka,South,Corporate,2024-02-13
C03164,Customer 03164,Female,34,31-40,Chennai,Tamil Nadu,South,Consumer,2023-10-06
C03165,Customer 03165,Female,38,31-40,Ranchi,Jharkhand,East,Consumer,2023-08-19
C03166,Customer 03166,Female,59,51-60,Kochi,Kerala,South,Small Business,2022-02-19
C03167,Customer 03167,Male,49,41-50,Kochi,Kerala,South,Corporate,2022-02-14
C03168,Customer 03168,Female,44,41-50,Mumbai,Maharashtra,West,Small Business,2022-02-11
C03169,Customer 03169,Female,49,41-50,Surat,Gujarat,West,Small Business,2022-07-03
C03170,Customer 03170,Female,43,41-50,Pune,Maharashtra,West,Consumer,2023-07-06
C03171,Customer 03171,Female,51,51-60,Ranchi,Jharkhand,East,Consumer,2022-12-12
C03172,Customer 03172,Male,23,21-30,Kochi,Kerala,South,Small Business,2024-01-17
C03173,Customer 03173,Male,26,21-30,Jaipur,Rajasthan,North,Corporate,2022-11-22
C03174,Customer 03174,Male,37,31-40,Chandigarh,Chandigarh,North,Consumer,2024-12-11
C03175,Customer 03175,Female,30,21-30,Kolkata,West Bengal,East,Small Business,2022-10-18
C03176,Customer 03176,Female,32,31-40,Pune,Maharashtra,West,Consumer,2024-04-18
C03177,Customer 03177,Male,54,51-60,Bhubaneswar,Odisha,East,Consumer,2023-04-20
C03178,Customer 03178,Male,57,51-60,Chandigarh,Chandigarh,North,Corporate,2022-12-27
C03179,Customer 03179,Female,48,41-50,Bhubaneswar,Odisha,East,Consumer,2023-04-29
C03180,Customer 03180,Male,59,51-60,Delhi,Delhi,North,Corporate,2022-06-07
C03181,Customer 03181,Male,38,31-40,Chandigarh,Chandigarh,North,Consumer,2024-12-29
C03182,Customer 03182,Female,56,51-60,Lucknow,Uttar Pradesh,North,Small Business,2023-01-02
C03183,Customer 03183,Male,36,31-40,Bengaluru,Karnataka,South,Consumer,2023-10-29
C03184,Customer 03184,Female,53,51-60,Chennai,Tamil Nadu,South,Consumer,2024-10-22
C03185,Customer 03185,Female,29,21-30,Jaipur,Rajasthan,North,Consumer,2022-04-10
C03186,Customer 03186,Male,29,21-30,Surat,Gujarat,West,Consumer,2025-06-01
C03187,Customer 03187,Female,50,41-50,Ranchi,Jharkhand,East,Consumer,2024-07-20
C03188,Customer 03188,Male,36,31-40,Chennai,Tamil Nadu,South,Consumer,2025-05-26
C03189,Customer 03189,Male,45,41-50,Jaipur,Rajasthan,North,Consumer,2022-01-02
C03190,Customer 03190,Female,54,51-60,Bhubaneswar,Odisha,East,Small Business,2024-03-19
C03191,Customer 03191,Female,54,51-60,Mumbai,Maharashtra,West,Small Business,2025-05-25
C03192,Customer 03192,Female,54,51-60,Mumbai,Maharashtra,West,Small Business,2022-12-08
C03193,Customer 03193,Male,23,21-30,Surat,Gujarat,West,Consumer,2022-05-31
C03194,Customer 03194,Female,28,21-30,Ranchi,Jharkhand,East,Corporate,2024-04-24
C03195,Customer 03195,Female,40,31-40,Mumbai,Maharashtra,West,Small Business,2022-02-18
C03196,Customer 03196,Female,33,31-40,Patna,Bihar,East,Consumer,2023-03-18
C03197,Customer 03197,Male,49,41-50,Pune,Maharashtra,West,Corporate,2022-10-14
C03198,Customer 03198,Female,36,31-40,Bhubaneswar,Odisha,East,Consumer,2022-02-03
C03199,Customer 03199,Female,37,31-40,Kochi,Kerala,South,Small Business,2024-03-28
C03200,Customer 03200,Female,44,41-50,Ahmedabad,Gujarat,West,Consumer,2024-08-06
C03201,Customer 03201,Female,24,21-30,Bengaluru,Karnataka,South,Consumer,2022-10-26
C03202,Customer 03202,Female,44,41-50,Lucknow,Uttar Pradesh,North,Consumer,2023-12-19
C03203,Customer 03203,Female,48,41-50,Ahmedabad,Gujarat,West,Consumer,2025-05-10
C03204,Customer 03204,Female,53,51-60,Bhubaneswar,Odisha,East,Corporate,2024-09-04
C03205,Customer 03205,Female,25,21-30,Jaipur,Rajasthan,North,Small Business,2023-11-10
C03206,Customer 03206,Female,53,51-60,Hyderabad,Telangana,South,Consumer,2022-01-23
C03207,Customer 03207,Male,56,51-60,Lucknow,Uttar Pradesh,North,Small Business,2022-05-03
C03208,Customer 03208,Male,54,51-60,Delhi,Delhi,North,Small Business,2022-02-19
C03209,Customer 03209,Female,42,41-50,Ahmedabad,Gujarat,West,Corporate,2024-07-31
C03210,Customer 03210,Female,39,31-40,Ranchi,Jharkhand,East,Small Business,2022-04-15
C03211,Customer 03211,Female,52,51-60,Lucknow,Uttar Pradesh,North,Small Business,2024-11-18
C03212,Customer 03212,Male,30,21-30,Jaipur,Rajasthan,North,Small Business,2023-11-08
C03213,Customer 03213,Female,30,21-30,Ahmedabad,Gujarat,West,Consumer,2023-02-07
C03214,Customer 03214,Female,38,31-40,Chandigarh,Chandigarh,North,Small Business,2023-03-28
C03215,Customer 03215,Male,40,31-40,Jaipur,Rajasthan,North,Consumer,2022-09-30
C03216,Customer 03216,Female,57,51-60,Hyderabad,Telangana,South,Consumer,2024-05-05
C03217,Customer 03217,Female,56,51-60,Bengaluru,Karnataka,South,Corporate,2023-06-07
C03218,Customer 03218,Male,25,21-30,Hyderabad,Telangana,South,Consumer,2022-03-18
C03219,Customer 03219,Female,25,21-30,Kolkata,West Bengal,East,Consumer,2024-08-17
C03220,Customer 03220,Female,28,21-30,Chennai,Tamil Nadu,South,Consumer,2024-07-30
C03221,Customer 03221,Female,51,51-60,Patna,Bihar,East,Small Business,2025-03-27
C03222,Customer 03222,Female,54,51-60,Patna,Bihar,East,Consumer,2025-04-22
C03223,Customer 03223,Male,35,31-40,Kolkata,West Bengal,East,Consumer,2024-06-07
C03224,Customer 03224,Female,42,41-50,Surat,Gujarat,West,Corporate,2023-09-08
C03225,Customer 03225,Female,24,21-30,Surat,Gujarat,West,Corporate,2023-09-08
C03226,Customer 03226,Male,30,21-30,Kolkata,West Bengal,East,Corporate,2023-04-03
C03227,Customer 03227,Male,50,41-50,Kochi,Kerala,South,Consumer,2022-07-21
C03228,Customer 03228,Female,46,41-50,Ranchi,Jharkhand,East,Small Business,2025-03-06
C03229,Customer 03229,Female,26,21-30,Patna,Bihar,East,Consumer,2022-11-29
C03230,Customer 03230,Male,41,41-50,Surat,Gujarat,West,Consumer,2024-06-11
C03231,Customer 03231,Female,30,21-30,Mumbai,Maharashtra,West,Small Business,2024-08-27
C03232,Customer 03232,Female,44,41-50,Delhi,Delhi,North,Consumer,2023-09-23
C03233,Customer 03233,Female,52,51-60,Kochi,Kerala,South,Small Business,2025-04-20
C03234,Customer 03234,Female,48,41-50,Hyderabad,Telangana,South,Consumer,2023-08-10
C03235,Customer 03235,Male,42,41-50,Kochi,Kerala,South,Consumer,2025-05-09
C03236,Customer 03236,Female,26,21-30,Patna,Bihar,East,Consumer,2022-06-18
C03237,Customer 03237,Male,30,21-30,Chandigarh,Chandigarh,North,Corporate,2024-05-27
C03238,Customer 03238,Male,30,21-30,Surat,Gujarat,West,Consumer,2022-01-05
C03239,Customer 03239,Male,23,21-30,Surat,Gujarat,West,Consumer,2023-08-20
C03240,Customer 03240,Female,57,51-60,Ranchi,Jharkhand,East,Consumer,2022-03-24
C03241,Customer 03241,Female,42,41-50,Chennai,Tamil Nadu,South,Consumer,2022-03-21
C03242,Customer 03242,Male,60,51-60,Chandigarh,Chandigarh,North,Consumer,2023-01-29
C03243,Customer 03243,Female,52,51-60,Chennai,Tamil Nadu,South,Consumer,2023-07-02
C03244,Customer 03244,Male,60,51-60,Bhubaneswar,Odisha,East,Small Business,2022-10-11
C03245,Customer 03245,Female,59,51-60,Chandigarh,Chandigarh,North,Small Business,2022-11-19
C03246,Customer 03246,Female,59,51-60,Lucknow,Uttar Pradesh,North,Consumer,2023-08-05
C03247,Customer 03247,Female,42,41-50,Jaipur,Rajasthan,North,Corporate,2022-11-30
C03248,Customer 03248,Female,43,41-50,Surat,Gujarat,West,Corporate,2023-09-20
C03249,Customer 03249,Female,47,41-50,Bhubaneswar,Odisha,East,Consumer,2023-09-26
C03250,Customer 03250,Male,36,31-40,Patna,Bihar,East,Small Business,2022-11-01
C03251,Customer 03251,Male,26,21-30,Bengaluru,Karnataka,South,Consumer,2025-04-18
C03252,Customer 03252,Male,27,21-30,Lucknow,Uttar Pradesh,North,Small Business,2022-09-16
C03253,Customer 03253,Male,39,31-40,Bengaluru,Karnataka,South,Small Business,2023-10-18
C03254,Customer 03254,Female,48,41-50,Kochi,Kerala,South,Small Business,2022-09-09
C03255,Customer 03255,Male,51,51-60,Bhubaneswar,Odisha,East,Corporate,2022-03-11
C03256,Customer 03256,Male,46,41-50,Ranchi,Jharkhand,East,Consumer,2023-12-08
C03257,Customer 03257,Male,23,21-30,Chandigarh,Chandigarh,North,Small Business,2024-03-08
C03258,Customer 03258,Female,50,41-50,Chennai,Tamil Nadu,South,Corporate,2024-03-25
C03259,Customer 03259,Female,29,21-30,Patna,Bihar,East,Small Business,2024-05-14
C03260,Customer 03260,Male,21,21-30,Patna,Bihar,East,Consumer,2023-05-29
C03261,Customer 03261,Male,52,51-60,Pune,Maharashtra,West,Small Business,2022-10-31
C03262,Customer 03262,Male,36,31-40,Jaipur,Rajasthan,North,Corporate,2025-05-21
C03263,Customer 03263,Female,33,31-40,Surat,Gujarat,West,Corporate,2023-01-05
C03264,Customer 03264,Male,21,21-30,Pune,Maharashtra,West,Corporate,2024-01-09
C03265,Customer 03265,Female,42,41-50,Patna,Bihar,East,Consumer,2022-08-03
C03266,Customer 03266,Male,34,31-40,Surat,Gujarat,West,Consumer,2023-11-12
C03267,Customer 03267,Female,54,51-60,Kolkata,West Bengal,East,Corporate,2025-06-08
C03268,Customer 03268,Female,23,21-30,Hyderabad,Telangana,South,Small Business,2025-04-25
C03269,Customer 03269,Female,23,21-30,Bhubaneswar,Odisha,East,Small Business,2023-11-13
C03270,Customer 03270,Female,58,51-60,Delhi,Delhi,North,Corporate,2022-05-09
C03271,Customer 03271,Female,50,41-50,Surat,Gujarat,West,Corporate,2025-03-17
C03272,Customer 03272,Female,58,51-60,Kochi,Kerala,South,Consumer,2024-07-09
C03273,Customer 03273,Female,23,21-30,Kolkata,West Bengal,East,Consumer,2025-04-01
C03274,Customer 03274,Female,37,31-40,Kolkata,West Bengal,East,Consumer,2024-12-22
C03275,Customer 03275,Male,35,31-40,Kochi,Kerala,South,Small Business,2023-05-05
C03276,Customer 03276,Male,48,41-50,Mumbai,Maharashtra,West,Consumer,2022-06-05
C03277,Customer 03277,Female,22,21-30,Kolkata,West Bengal,East,Corporate,2023-09-20
C03278,Customer 03278,Female,58,51-60,Jaipur,Rajasthan,North,Consumer,2024-12-29
C03279,Customer 03279,Male,36,31-40,Bhubaneswar,Odisha,East,Small Business,2025-02-22
C03280,Customer 03280,Male,55,51-60,Patna,Bihar,East,Corporate,2023-02-15
C03281,Customer 03281,Female,26,21-30,Delhi,Delhi,North,Small Business,2023-05-18
C03282,Customer 03282,Male,27,21-30,Surat,Gujarat,West,Consumer,2023-06-13
C03283,Customer 03283,Female,37,31-40,Chennai,Tamil Nadu,South,Small Business,2022-11-28
C03284,Customer 03284,Male,31,31-40,Pune,Maharashtra,West,Small Business,2022-07-19
C03285,Customer 03285,Female,55,51-60,Bhubaneswar,Odisha,East,Corporate,2025-01-28
C03286,Customer 03286,Male,30,21-30,Chandigarh,Chandigarh,North,Consumer,2022-01-07
C03287,Customer 03287,Male,38,31-40,Kochi,Kerala,South,Consumer,2022-08-21
C03288,Customer 03288,Female,28,21-30,Ahmedabad,Gujarat,West,Corporate,2024-12-30
C03289,Customer 03289,Male,51,51-60,Ahmedabad,Gujarat,West,Corporate,2025-06-12
C03290,Customer 03290,Male,43,41-50,Kolkata,West Bengal,East,Consumer,2023-12-25
C03291,Customer 03291,Female,33,31-40,Chennai,Tamil Nadu,South,Corporate,2023-05-28
C03292,Customer 03292,Male,25,21-30,Delhi,Delhi,North,Consumer,2022-10-26
C03293,Customer 03293,Male,54,51-60,Patna,Bihar,East,Corporate,2024-12-31
C03294,Customer 03294,Female,43,41-50,Hyderabad,Telangana,South,Consumer,2023-11-28
C03295,Customer 03295,Female,27,21-30,Mumbai,Maharashtra,West,Corporate,2024-04-04
C03296,Customer 03296,Male,33,31-40,Hyderabad,Telangana,South,Corporate,2024-09-17
C03297,Customer 03297,Male,52,51-60,Chandigarh,Chandigarh,North,Corporate,2024-07-26
C03298,Customer 03298,Female,44,41-50,Mumbai,Maharashtra,West,Consumer,2022-03-27
C03299,Customer 03299,Female,33,31-40,Jaipur,Rajasthan,North,Consumer,2025-03-15
C03300,Customer 03300,Male,44,41-50,Ranchi,Jharkhand,East,Corporate,2023-11-25
C03301,Customer 03301,Male,41,41-50,Pune,Maharashtra,West,Small Business,2022-06-24
C03302,Customer 03302,Male,59,51-60,Bengaluru,Karnataka,South,Corporate,2025-02-23
C03303,Customer 03303,Male,51,51-60,Lucknow,Uttar Pradesh,North,Small Business,2025-02-07
C03304,Customer 03304,Male,60,51-60,Patna,Bihar,East,Consumer,2023-10-12
C03305,Customer 03305,Female,55,51-60,Kochi,Kerala,South,Small Business,2023-08-24
C03306,Customer 03306,Male,24,21-30,Jaipur,Rajasthan,North,Small Business,2022-10-08
C03307,Customer 03307,Female,30,21-30,Kolkata,West Bengal,East,Small Business,2023-11-28
C03308,Customer 03308,Male,54,51-60,Pune,Maharashtra,West,Small Business,2022-06-03
C03309,Customer 03309,Female,40,31-40,Surat,Gujarat,West,Small Business,2022-02-16
C03310,Customer 03310,Female,41,41-50,Delhi,Delhi,North,Consumer,2022-07-10
C03311,Customer 03311,Male,44,41-50,Bengaluru,Karnataka,South,Consumer,2022-07-14
C03312,Customer 03312,Female,41,41-50,Kolkata,West Bengal,East,Consumer,2023-01-10
C03313,Customer 03313,Male,35,31-40,Hyderabad,Telangana,South,Consumer,2023-07-21
C03314,Customer 03314,Male,56,51-60,Bhubaneswar,Odisha,East,Corporate,2025-01-23
C03315,Customer 03315,Female,27,21-30,Bhubaneswar,Odisha,East,Small Business,2022-03-25
C03316,Customer 03316,Female,26,21-30,Bhubaneswar,Odisha,East,Corporate,2023-11-14
C03317,Customer 03317,Male,29,21-30,Kolkata,West Bengal,East,Consumer,2022-07-13
C03318,Customer 03318,Male,51,51-60,Delhi,Delhi,North,Consumer,2024-08-18
C03319,Customer 03319,Female,55,51-60,Ranchi,Jharkhand,East,Consumer,2023-06-26
C03320,Customer 03320,Male,26,21-30,Chennai,Tamil Nadu,South,Small Business,2022-12-11
C03321,Customer 03321,Male,22,21-30,Chennai,Tamil Nadu,South,Small Business,2023-03-24
C03322,Customer 03322,Male,53,51-60,Bengaluru,Karnataka,South,Consumer,2024-04-15
C03323,Customer 03323,Female,57,51-60,Delhi,Delhi,North,Corporate,2023-01-20
C03324,Customer 03324,Male,24,21-30,Surat,Gujarat,West,Small Business,2023-03-09
C03325,Customer 03325,Male,54,51-60,Mumbai,Maharashtra,West,Small Business,2023-12-07
C03326,Customer 03326,Female,58,51-60,Bengaluru,Karnataka,South,Small Business,2025-03-30
C03327,Customer 03327,Female,36,31-40,Bhubaneswar,Odisha,East,Corporate,2022-09-13
C03328,Customer 03328,Female,59,51-60,Pune,Maharashtra,West,Small Business,2022-01-03
C03329,Customer 03329,Female,58,51-60,Lucknow,Uttar Pradesh,North,Consumer,2023-06-03
C03330,Customer 03330,Male,58,51-60,Bengaluru,Karnataka,South,Consumer,2023-05-25
C03331,Customer 03331,Male,35,31-40,Bengaluru,Karnataka,South,Consumer,2022-04-06
C03332,Customer 03332,Female,29,21-30,Chandigarh,Chandigarh,North,Consumer,2023-07-21
C03333,Customer 03333,Male,34,31-40,Lucknow,Uttar Pradesh,North,Corporate,2022-08-15
C03334,Customer 03334,Female,27,21-30,Delhi,Delhi,North,Small Business,2023-02-27
C03335,Customer 03335,Male,30,21-30,Ahmedabad,Gujarat,West,Corporate,2022-09-10
C03336,Customer 03336,Female,47,41-50,Ranchi,Jharkhand,East,Small Business,2024-11-28
C03337,Customer 03337,Female,33,31-40,Kolkata,West Bengal,East,Corporate,2022-10-26
C03338,Customer 03338,Female,43,41-50,Hyderabad,Telangana,South,Consumer,2023-05-13
C03339,Customer 03339,Female,38,31-40,Surat,Gujarat,West,Small Business,2022-04-11
C03340,Customer 03340,Male,48,41-50,Kolkata,West Bengal,East,Small Business,2022-11-21
C03341,Customer 03341,Male,50,41-50,Jaipur,Rajasthan,North,Corporate,2023-08-16
C03342,Customer 03342,Female,28,21-30,Hyderabad,Telangana,South,Small Business,2022-10-16
C03343,Customer 03343,Female,32,31-40,Bhubaneswar,Odisha,East,Small Business,2022-01-29
C03344,Customer 03344,Male,58,51-60,Surat,Gujarat,West,Small Business,2023-12-14
C03345,Customer 03345,Male,49,41-50,Bhubaneswar,Odisha,East,Consumer,2023-07-19
C03346,Customer 03346,Female,38,31-40,Surat,Gujarat,West,Consumer,2024-09-10
C03347,Customer 03347,Female,29,21-30,Kochi,Kerala,South,Consumer,2023-04-26
C03348,Customer 03348,Female,35,31-40,Surat,Gujarat,West,Corporate,2024-11-09
C03349,Customer 03349,Male,38,31-40,Bengaluru,Karnataka,South,Corporate,2024-01-30
C03350,Customer 03350,Male,38,31-40,Kolkata,West Bengal,East,Corporate,2024-11-23
C03351,Customer 03351,Female,22,21-30,Bhubaneswar,Odisha,East,Consumer,2025-03-07
C03352,Customer 03352,Male,39,31-40,Lucknow,Uttar Pradesh,North,Small Business,2023-05-16
C03353,Customer 03353,Female,54,51-60,Chennai,Tamil Nadu,South,Consumer,2022-11-02
C03354,Customer 03354,Female,56,51-60,Delhi,Delhi,North,Small Business,2025-03-09
C03355,Customer 03355,Male,51,51-60,Patna,Bihar,East,Consumer,2023-01-19
C03356,Customer 03356,Female,48,41-50,Lucknow,Uttar Pradesh,North,Small Business,2023-07-11
C03357,Customer 03357,Female,59,51-60,Hyderabad,Telangana,South,Corporate,2025-03-01
C03358,Customer 03358,Male,45,41-50,Ranchi,Jharkhand,East,Small Business,2025-07-03
C03359,Customer 03359,Male,41,41-50,Hyderabad,Telangana,South,Consumer,2023-11-20
C03360,Customer 03360,Female,36,31-40,Ranchi,Jharkhand,East,Corporate,2023-11-14
C03361,Customer 03361,Male,48,41-50,Surat,Gujarat,West,Corporate,2022-02-03
C03362,Customer 03362,Male,57,51-60,Chandigarh,Chandigarh,North,Consumer,2023-04-19
C03363,Customer 03363,Male,34,31-40,Pune,Maharashtra,West,Small Business,2024-04-24
C03364,Customer 03364,Male,56,51-60,Chandigarh,Chandigarh,North,Small Business,2022-10-05
C03365,Customer 03365,Male,34,31-40,Kochi,Kerala,South,Small Business,2022-07-18
C03366,Customer 03366,Female,21,21-30,Jaipur,Rajasthan,North,Corporate,2024-04-17
C03367,Customer 03367,Female,58,51-60,Lucknow,Uttar Pradesh,North,Small Business,2023-03-05
C03368,Customer 03368,Female,36,31-40,Chandigarh,Chandigarh,North,Corporate,2022-09-01
C03369,Customer 03369,Female,59,51-60,Chandigarh,Chandigarh,North,Corporate,2025-07-12
C03370,Customer 03370,Male,51,51-60,Kochi,Kerala,South,Corporate,2023-07-22
C03371,Customer 03371,Male,52,51-60,Chennai,Tamil Nadu,South,Consumer,2024-04-23
C03372,Customer 03372,Male,26,21-30,Patna,Bihar,East,Corporate,2025-04-08
C03373,Customer 03373,Female,21,21-30,Kochi,Kerala,South,Small Business,2023-12-16
C03374,Customer 03374,Female,56,51-60,Ranchi,Jharkhand,East,Corporate,2022-12-03
C03375,Customer 03375,Male,57,51-60,Delhi,Delhi,North,Consumer,2023-07-18
C03376,Customer 03376,Male,31,31-40,Hyderabad,Telangana,South,Consumer,2022-04-03
C03377,Customer 03377,Male,34,31-40,Chennai,Tamil Nadu,South,Consumer,2022-09-29
C03378,Customer 03378,Female,24,21-30,Bhubaneswar,Odisha,East,Corporate,2024-07-09
C03379,Customer 03379,Male,23,21-30,Kochi,Kerala,South,Consumer,2023-02-23
C03380,Customer 03380,Female,48,41-50,Ranchi,Jharkhand,East,Consumer,2022-05-10
C03381,Customer 03381,Female,45,41-50,Chennai,Tamil Nadu,South,Consumer,2022-12-17
C03382,Customer 03382,Male,55,51-60,Ranchi,Jharkhand,East,Consumer,2024-05-10
C03383,Customer 03383,Male,31,31-40,Lucknow,Uttar Pradesh,North,Consumer,2022-05-30
C03384,Customer 03384,Female,27,21-30,Bengaluru,Karnataka,South,Small Business,2023-04-15
C03385,Customer 03385,Female,54,51-60,Chennai,Tamil Nadu,South,Corporate,2025-02-10
C03386,Customer 03386,Female,31,31-40,Patna,Bihar,East,Corporate,2024-12-27
C03387,Customer 03387,Female,48,41-50,Hyderabad,Telangana,South,Consumer,2025-06-05
C03388,Customer 03388,Female,41,41-50,Ahmedabad,Gujarat,West,Small Business,2025-05-26
C03389,Customer 03389,Male,33,31-40,Hyderabad,Telangana,South,Small Business,2023-08-29
C03390,Customer 03390,Female,26,21-30,Mumbai,Maharashtra,West,Corporate,2022-08-25
C03391,Customer 03391,Male,35,31-40,Bengaluru,Karnataka,South,Corporate,2024-12-28
C03392,Customer 03392,Female,46,41-50,Lucknow,Uttar Pradesh,North,Corporate,2025-04-04
C03393,Customer 03393,Male,54,51-60,Bengaluru,Karnataka,South,Consumer,2025-01-08
C03394,Customer 03394,Male,36,31-40,Kochi,Kerala,South,Consumer,2024-11-07
C03395,Customer 03395,Male,55,51-60,Chandigarh,Chandigarh,North,Corporate,2022-06-21
C03396,Customer 03396,Male,37,31-40,Patna,Bihar,East,Small Business,2023-11-12
C03397,Customer 03397,Male,23,21-30,Bengaluru,Karnataka,South,Small Business,2024-10-01
C03398,Customer 03398,Male,35,31-40,Hyderabad,Telangana,South,Corporate,2022-07-03
C03399,Customer 03399,Female,25,21-30,Bengaluru,Karnataka,South,Small Business,2025-07-22
C03400,Customer 03400,Female,50,41-50,Chandigarh,Chandigarh,North,Consumer,2023-07-20
C03401,Customer 03401,Male,23,21-30,Patna,Bihar,East,Consumer,2022-02-25
C03402,Customer 03402,Male,26,21-30,Delhi,Delhi,North,Small Business,2022-12-04
C03403,Customer 03403,Male,33,31-40,Chandigarh,Chandigarh,North,Small Business,2022-07-21
C03404,Customer 03404,Female,24,21-30,Ahmedabad,Gujarat,West,Corporate,2025-05-23
C03405,Customer 03405,Male,43,41-50,Delhi,Delhi,North,Small Business,2024-02-16
C03406,Customer 03406,Female,39,31-40,Lucknow,Uttar Pradesh,North,Small Business,2022-11-23
C03407,Customer 03407,Male,59,51-60,Chandigarh,Chandigarh,North,Corporate,2025-03-26
C03408,Customer 03408,Female,52,51-60,Surat,Gujarat,West,Corporate,2022-06-06
C03409,Customer 03409,Male,39,31-40,Bengaluru,Karnataka,South,Corporate,2025-06-27
C03410,Customer 03410,Female,45,41-50,Jaipur,Rajasthan,North,Small Business,2022-03-24
C03411,Customer 03411,Female,22,21-30,Pune,Maharashtra,West,Consumer,2025-05-12
C03412,Customer 03412,Male,37,31-40,Jaipur,Rajasthan,North,Consumer,2024-02-13
C03413,Customer 03413,Female,26,21-30,Ranchi,Jharkhand,East,Small Business,2024-11-22
C03414,Customer 03414,Male,46,41-50,Kolkata,West Bengal,East,Small Business,2025-02-27
C03415,Customer 03415,Male,47,41-50,Lucknow,Uttar Pradesh,North,Consumer,2023-07-06
C03416,Customer 03416,Female,44,41-50,Kochi,Kerala,South,Corporate,2022-04-11
C03417,Customer 03417,Female,31,31-40,Ranchi,Jharkhand,East,Corporate,2024-02-08
C03418,Customer 03418,Male,51,51-60,Jaipur,Rajasthan,North,Consumer,2024-04-12
C03419,Customer 03419,Male,47,41-50,Hyderabad,Telangana,South,Corporate,2025-06-11
C03420,Customer 03420,Female,22,21-30,Ahmedabad,Gujarat,West,Corporate,2024-12-12
C03421,Customer 03421,Male,25,21-30,Chennai,Tamil Nadu,South,Consumer,2023-07-03
C03422,Customer 03422,Male,46,41-50,Jaipur,Rajasthan,North,Small Business,2024-12-18
C03423,Customer 03423,Male,37,31-40,Lucknow,Uttar Pradesh,North,Corporate,2023-06-14
C03424,Customer 03424,Female,52,51-60,Chennai,Tamil Nadu,South,Consumer,2024-11-22
C03425,Customer 03425,Female,33,31-40,Hyderabad,Telangana,South,Corporate,2022-05-12
C03426,Customer 03426,Female,36,31-40,Mumbai,Maharashtra,West,Consumer,2022-05-15
C03427,Customer 03427,Female,60,51-60,Bengaluru,Karnataka,South,Corporate,2023-08-28
C03428,Customer 03428,Female,47,41-50,Chennai,Tamil Nadu,South,Small Business,2022-11-21
C03429,Customer 03429,Male,47,41-50,Delhi,Delhi,North,Corporate,2022-09-25
C03430,Customer 03430,Female,34,31-40,Ranchi,Jharkhand,East,Consumer,2023-09-27
C03431,Customer 03431,Male,50,41-50,Kolkata,West Bengal,East,Consumer,2024-03-10
C03432,Customer 03432,Female,31,31-40,Bhubaneswar,Odisha,East,Small Business,2024-02-05
C03433,Customer 03433,Male,32,31-40,Bhubaneswar,Odisha,East,Small Business,2023-04-15
C03434,Customer 03434,Female,55,51-60,Ranchi,Jharkhand,East,Corporate,2023-01-18
C03435,Customer 03435,Male,22,21-30,Bhubaneswar,Odisha,East,Corporate,2022-06-23
C03436,Customer 03436,Female,40,31-40,Surat,Gujarat,West,Small Business,2023-07-28
C03437,Customer 03437,Male,35,31-40,Bhubaneswar,Odisha,East,Corporate,2022-08-12
C03438,Customer 03438,Male,56,51-60,Ranchi,Jharkhand,East,Corporate,2024-10-22
C03439,Customer 03439,Female,42,41-50,Chennai,Tamil Nadu,South,Corporate,2022-10-02
C03440,Customer 03440,Male,42,41-50,Ahmedabad,Gujarat,West,Consumer,2023-08-17
C03441,Customer 03441,Female,36,31-40,Jaipur,Rajasthan,North,Consumer,2023-03-19
C03442,Customer 03442,Female,33,31-40,Hyderabad,Telangana,South,Corporate,2023-06-12
C03443,Customer 03443,Male,46,41-50,Patna,Bihar,East,Corporate,2023-03-31
C03444,Customer 03444,Male,26,21-30,Bengaluru,Karnataka,South,Consumer,2025-05-13
C03445,Customer 03445,Female,28,21-30,Ahmedabad,Gujarat,West,Corporate,2022-04-09
C03446,Customer 03446,Male,58,51-60,Hyderabad,Telangana,South,Consumer,2025-07-16
C03447,Customer 03447,Female,34,31-40,Hyderabad,Telangana,South,Consumer,2024-04-09
C03448,Customer 03448,Male,23,21-30,Patna,Bihar,East,Small Business,2022-03-13
C03449,Customer 03449,Male,60,51-60,Chandigarh,Chandigarh,North,Corporate,2024-10-14
C03450,Customer 03450,Female,27,21-30,Patna,Bihar,East,Small Business,2024-10-22
C03451,Customer 03451,Male,21,21-30,Pune,Maharashtra,West,Consumer,2023-03-04
C03452,Customer 03452,Male,58,51-60,Delhi,Delhi,North,Consumer,2023-11-17
C03453,Customer 03453,Male,56,51-60,Pune,Maharashtra,West,Consumer,2025-05-08
C03454,Customer 03454,Male,45,41-50,Delhi,Delhi,North,Small Business,2024-08-25
C03455,Customer 03455,Female,39,31-40,Surat,Gujarat,West,Corporate,2022-09-03
C03456,Customer 03456,Male,60,51-60,Pune,Maharashtra,West,Corporate,2023-03-14
C03457,Customer 03457,Female,60,51-60,Mumbai,Maharashtra,West,Small Business,2022-10-02
C03458,Customer 03458,Male,40,31-40,Jaipur,Rajasthan,North,Corporate,2022-05-26
C03459,Customer 03459,Female,27,21-30,Lucknow,Uttar Pradesh,North,Corporate,2023-08-22
C03460,Customer 03460,Male,46,41-50,Kochi,Kerala,South,Corporate,2024-09-04
C03461,Customer 03461,Male,58,51-60,Patna,Bihar,East,Consumer,2024-04-14
C03462,Customer 03462,Male,31,31-40,Hyderabad,Telangana,South,Consumer,2025-05-27
C03463,Customer 03463,Male,36,31-40,Bengaluru,Karnataka,South,Small Business,2023-07-18
C03464,Customer 03464,Female,47,41-50,Patna,Bihar,East,Consumer,2022-07-08
C03465,Customer 03465,Male,39,31-40,Kolkata,West Bengal,East,Consumer,2024-11-30
C03466,Customer 03466,Male,44,41-50,Pune,Maharashtra,West,Corporate,2022-02-13
C03467,Customer 03467,Male,52,51-60,Patna,Bihar,East,Small Business,2024-05-27
C03468,Customer 03468,Male,54,51-60,Pune,Maharashtra,West,Corporate,2022-07-16
C03469,Customer 03469,Male,48,41-50,Lucknow,Uttar Pradesh,North,Consumer,2022-03-28
C03470,Customer 03470,Male,54,51-60,Hyderabad,Telangana,South,Consumer,2024-01-10
C03471,Customer 03471,Female,59,51-60,Mumbai,Maharashtra,West,Consumer,2022-02-25
C03472,Customer 03472,Male,50,41-50,Mumbai,Maharashtra,West,Consumer,2023-10-19
C03473,Customer 03473,Male,32,31-40,Hyderabad,Telangana,South,Consumer,2023-06-05
C03474,Customer 03474,Female,24,21-30,Patna,Bihar,East,Small Business,2024-11-08
C03475,Customer 03475,Female,57,51-60,Chennai,Tamil Nadu,South,Consumer,2024-09-21
C03476,Customer 03476,Female,56,51-60,Surat,Gujarat,West,Corporate,2022-10-20
C03477,Customer 03477,Female,39,31-40,Hyderabad,Telangana,South,Corporate,2022-03-24
C03478,Customer 03478,Male,40,31-40,Lucknow,Uttar Pradesh,North,Corporate,2022-01-11
C03479,Customer 03479,Male,42,41-50,Ahmedabad,Gujarat,West,Small Business,2023-05-02
C03480,Customer 03480,Male,47,41-50,Surat,Gujarat,West,Consumer,2023-03-11
C03481,Customer 03481,Female,60,51-60,Kochi,Kerala,South,Corporate,2022-09-12
C03482,Customer 03482,Male,44,41-50,Jaipur,Rajasthan,North,Small Business,2022-02-06
C03483,Customer 03483,Female,57,51-60,Jaipur,Rajasthan,North,Corporate,2022-05-13
C03484,Customer 03484,Female,57,51-60,Bhubaneswar,Odisha,East,Consumer,2022-02-02
C03485,Customer 03485,Female,58,51-60,Ahmedabad,Gujarat,West,Consumer,2024-04-05
C03486,Customer 03486,Female,39,31-40,Pune,Maharashtra,West,Corporate,2025-05-23
C03487,Customer 03487,Male,54,51-60,Ahmedabad,Gujarat,West,Small Business,2022-10-25
C03488,Customer 03488,Female,57,51-60,Ranchi,Jharkhand,East,Consumer,2022-10-28
C03489,Customer 03489,Male,39,31-40,Patna,Bihar,East,Consumer,2024-10-21
C03490,Customer 03490,Male,32,31-40,Bhubaneswar,Odisha,East,Consumer,2022-08-10
C03491,Customer 03491,Male,39,31-40,Chennai,Tamil Nadu,South,Consumer,2024-05-30
C03492,Customer 03492,Male,47,41-50,Mumbai,Maharashtra,West,Corporate,2022-02-17
C03493,Customer 03493,Male,46,41-50,Surat,Gujarat,West,Corporate,2022-08-30
C03494,Customer 03494,Female,22,21-30,Ahmedabad,Gujarat,West,Corporate,2024-06-24
C03495,Customer 03495,Male,40,31-40,Chennai,Tamil Nadu,South,Corporate,2023-04-13
C03496,Customer 03496,Female,59,51-60,Kochi,Kerala,South,Small Business,2023-05-15
C03497,Customer 03497,Male,39,31-40,Bengaluru,Karnataka,South,Consumer,2023-12-07
C03498,Customer 03498,Male,30,21-30,Pune,Maharashtra,West,Corporate,2025-03-05
C03499,Customer 03499,Female,22,21-30,Pune,Maharashtra,West,Corporate,2022-10-29
C03500,Customer 03500,Female,55,51-60,Mumbai,Maharashtra,West,Corporate,2022-10-28
C03501,Customer 03501,Female,26,21-30,Pune,Maharashtra,West,Corporate,2024-02-23
C03502,Customer 03502,Female,47,41-50,Mumbai,Maharashtra,West,Corporate,2022-05-30
C03503,Customer 03503,Male,56,51-60,Hyderabad,Telangana,South,Small Business,2024-05-22
C03504,Customer 03504,Male,33,31-40,Lucknow,Uttar Pradesh,North,Corporate,2023-10-05
C03505,Customer 03505,Male,37,31-40,Patna,Bihar,East,Consumer,2023-07-01
C03506,Customer 03506,Male,36,31-40,Mumbai,Maharashtra,West,Corporate,2023-09-29
C03507,Customer 03507,Male,22,21-30,Kolkata,West Bengal,East,Consumer,2024-09-06
C03508,Customer 03508,Male,21,21-30,Kochi,Kerala,South,Corporate,2024-11-18
C03509,Customer 03509,Female,45,41-50,Pune,Maharashtra,West,Consumer,2022-04-23
C03510,Customer 03510,Female,53,51-60,Lucknow,Uttar Pradesh,North,Consumer,2022-06-03
C03511,Customer 03511,Male,60,51-60,Chandigarh,Chandigarh,North,Small Business,2022-02-22
C03512,Customer 03512,Male,45,41-50,Jaipur,Rajasthan,North,Corporate,2022-04-25
C03513,Customer 03513,Male,39,31-40,Kolkata,West Bengal,East,Corporate,2025-05-27
C03514,Customer 03514,Female,24,21-30,Chandigarh,Chandigarh,North,Small Business,2024-04-15
C03515,Customer 03515,Male,58,51-60,Chennai,Tamil Nadu,South,Small Business,2024-04-22
C03516,Customer 03516,Male,44,41-50,Bengaluru,Karnataka,South,Consumer,2023-07-28
C03517,Customer 03517,Male,52,51-60,Kolkata,West Bengal,East,Small Business,2024-06-25
C03518,Customer 03518,Female,31,31-40,Bhubaneswar,Odisha,East,Consumer,2024-07-08
C03519,Customer 03519,Female,47,41-50,Bengaluru,Karnataka,South,Corporate,2022-09-24
C03520,Customer 03520,Female,22,21-30,Bengaluru,Karnataka,South,Corporate,2022-07-08
C03521,Customer 03521,Female,45,41-50,Surat,Gujarat,West,Consumer,2022-11-26
C03522,Customer 03522,Female,22,21-30,Chandigarh,Chandigarh,North,Small Business,2024-12-09
C03523,Customer 03523,Male,33,31-40,Kolkata,West Bengal,East,Consumer,2023-02-20
C03524,Customer 03524,Male,26,21-30,Ahmedabad,Gujarat,West,Consumer,2023-10-06
C03525,Customer 03525,Male,33,31-40,Ranchi,Jharkhand,East,Small Business,2024-04-01
C03526,Customer 03526,Female,55,51-60,Lucknow,Uttar Pradesh,North,Consumer,2024-08-08
C03527,Customer 03527,Male,31,31-40,Delhi,Delhi,North,Corporate,2022-07-28
C03528,Customer 03528,Male,21,21-30,Chandigarh,Chandigarh,North,Small Business,2022-08-19
C03529,Customer 03529,Female,36,31-40,Kochi,Kerala,South,Corporate,2023-10-13
C03530,Customer 03530,Female,52,51-60,Bengaluru,Karnataka,South,Corporate,2025-03-20
C03531,Customer 03531,Female,28,21-30,Ranchi,Jharkhand,East,Consumer,2023-03-23
C03532,Customer 03532,Male,55,51-60,Ahmedabad,Gujarat,West,Small Business,2023-09-21
C03533,Customer 03533,Male,31,31-40,Kolkata,West Bengal,East,Corporate,2023-10-24
C03534,Customer 03534,Male,46,41-50,Jaipur,Rajasthan,North,Small Business,2024-11-11
C03535,Customer 03535,Male,48,41-50,Jaipur,Rajasthan,North,Small Business,2023-08-07
C03536,Customer 03536,Male,49,41-50,Jaipur,Rajasthan,North,Consumer,2023-05-28
C03537,Customer 03537,Female,51,51-60,Lucknow,Uttar Pradesh,North,Corporate,2022-08-10
C03538,Customer 03538,Female,52,51-60,Bengaluru,Karnataka,South,Corporate,2024-11-17
C03539,Customer 03539,Male,25,21-30,Chennai,Tamil Nadu,South,Consumer,2022-11-27
C03540,Customer 03540,Female,58,51-60,Chandigarh,Chandigarh,North,Corporate,2023-01-09
C03541,Customer 03541,Male,37,31-40,Lucknow,Uttar Pradesh,North,Corporate,2024-05-09
C03542,Customer 03542,Female,52,51-60,Chennai,Tamil Nadu,South,Corporate,2025-05-27
C03543,Customer 03543,Male,48,41-50,Ahmedabad,Gujarat,West,Consumer,2025-01-09
C03544,Customer 03544,Male,53,51-60,Kochi,Kerala,South,Consumer,2025-01-18
C03545,Customer 03545,Female,22,21-30,Patna,Bihar,East,Small Business,2023-04-14
C03546,Customer 03546,Male,52,51-60,Ahmedabad,Gujarat,West,Corporate,2025-04-20
C03547,Customer 03547,Female,28,21-30,Pune,Maharashtra,West,Small Business,2024-09-06
C03548,Customer 03548,Female,52,51-60,Jaipur,Rajasthan,North,Consumer,2024-04-09
C03549,Customer 03549,Male,44,41-50,Bengaluru,Karnataka,South,Consumer,2024-02-10
C03550,Customer 03550,Male,31,31-40,Bengaluru,Karnataka,South,Consumer,2023-04-04
C03551,Customer 03551,Female,31,31-40,Ranchi,Jharkhand,East,Consumer,2024-03-16
C03552,Customer 03552,Male,42,41-50,Ranchi,Jharkhand,East,Corporate,2024-07-05
C03553,Customer 03553,Female,46,41-50,Lucknow,Uttar Pradesh,North,Corporate,2022-11-04
C03554,Customer 03554,Male,25,21-30,Chandigarh,Chandigarh,North,Corporate,2022-10-12
C03555,Customer 03555,Female,50,41-50,Patna,Bihar,East,Corporate,2022-03-22
C03556,Customer 03556,Male,48,41-50,Kolkata,West Bengal,East,Corporate,2025-06-01
C03557,Customer 03557,Male,31,31-40,Bhubaneswar,Odisha,East,Consumer,2022-03-19
C03558,Customer 03558,Male,59,51-60,Patna,Bihar,East,Corporate,2023-04-16
C03559,Customer 03559,Female,53,51-60,Pune,Maharashtra,West,Small Business,2022-09-24
C03560,Customer 03560,Female,60,51-60,Bhubaneswar,Odisha,East,Corporate,2025-02-07
C03561,Customer 03561,Male,39,31-40,Chandigarh,Chandigarh,North,Small Business,2024-07-14
C03562,Customer 03562,Male,49,41-50,Ahmedabad,Gujarat,West,Consumer,2024-01-02
C03563,Customer 03563,Male,55,51-60,Chennai,Tamil Nadu,South,Small Business,2024-07-05
C03564,Customer 03564,Female,33,31-40,Mumbai,Maharashtra,West,Corporate,2023-01-18
C03565,Customer 03565,Female,38,31-40,Delhi,Delhi,North,Small Business,2022-06-09
C03566,Customer 03566,Female,52,51-60,Chandigarh,Chandigarh,North,Corporate,2024-12-25
C03567,Customer 03567,Female,55,51-60,Surat,Gujarat,West,Consumer,2025-07-01
C03568,Customer 03568,Female,30,21-30,Pune,Maharashtra,West,Consumer,2023-10-18
C03569,Customer 03569,Female,23,21-30,Hyderabad,Telangana,South,Corporate,2024-12-25
C03570,Customer 03570,Male,46,41-50,Patna,Bihar,East,Corporate,2023-01-17
C03571,Customer 03571,Female,24,21-30,Kochi,Kerala,South,Corporate,2023-07-06
C03572,Customer 03572,Female,45,41-50,Delhi,Delhi,North,Small Business,2025-06-22
C03573,Customer 03573,Female,57,51-60,Patna,Bihar,East,Consumer,2022-03-04
C03574,Customer 03574,Male,38,31-40,Lucknow,Uttar Pradesh,North,Corporate,2022-12-27
C03575,Customer 03575,Female,38,31-40,Patna,Bihar,East,Small Business,2023-01-09
C03576,Customer 03576,Female,58,51-60,Mumbai,Maharashtra,West,Small Business,2023-02-06
C03577,Customer 03577,Female,60,51-60,Bengaluru,Karnataka,South,Small Business,2023-01-16
C03578,Customer 03578,Male,55,51-60,Kochi,Kerala,South,Corporate,2025-03-25
C03579,Customer 03579,Female,35,31-40,Kolkata,West Bengal,East,Consumer,2025-01-23
C03580,Customer 03580,Female,46,41-50,Lucknow,Uttar Pradesh,North,Consumer,2023-06-18
C03581,Customer 03581,Female,32,31-40,Chandigarh,Chandigarh,North,Corporate,2023-11-23
C03582,Customer 03582,Male,42,41-50,Surat,Gujarat,West,Small Business,2022-12-10
C03583,Customer 03583,Female,58,51-60,Chennai,Tamil Nadu,South,Consumer,2023-04-01
C03584,Customer 03584,Female,27,21-30,Patna,Bihar,East,Consumer,2024-10-30
C03585,Customer 03585,Female,44,41-50,Lucknow,Uttar Pradesh,North,Small Business,2022-02-22
C03586,Customer 03586,Female,45,41-50,Surat,Gujarat,West,Corporate,2023-10-27
C03587,Customer 03587,Female,52,51-60,Delhi,Delhi,North,Corporate,2023-08-12
C03588,Customer 03588,Male,21,21-30,Kolkata,West Bengal,East,Consumer,2023-09-20
C03589,Customer 03589,Male,28,21-30,Lucknow,Uttar Pradesh,North,Small Business,2025-05-11
C03590,Customer 03590,Male,24,21-30,Surat,Gujarat,West,Consumer,2024-12-04
C03591,Customer 03591,Male,38,31-40,Patna,Bihar,East,Consumer,2022-06-26
C03592,Customer 03592,Male,46,41-50,Ranchi,Jharkhand,East,Small Business,2022-06-30
C03593,Customer 03593,Female,50,41-50,Patna,Bihar,East,Consumer,2023-11-01
C03594,Customer 03594,Male,27,21-30,Patna,Bihar,East,Consumer,2022-12-22
C03595,Customer 03595,Male,47,41-50,Ranchi,Jharkhand,East,Small Business,2024-12-10
C03596,Customer 03596,Male,48,41-50,Lucknow,Uttar Pradesh,North,Small Business,2023-10-12
C03597,Customer 03597,Male,60,51-60,Jaipur,Rajasthan,North,Small Business,2022-11-03
C03598,Customer 03598,Female,26,21-30,Lucknow,Uttar Pradesh,North,Consumer,2023-12-26
C03599,Customer 03599,Female,45,41-50,Chennai,Tamil Nadu,South,Corporate,2024-12-19
C03600,Customer 03600,Female,56,51-60,Lucknow,Uttar Pradesh,North,Consumer,2025-05-24
C03601,Customer 03601,Female,21,21-30,Bengaluru,Karnataka,South,Small Business,2024-01-10
C03602,Customer 03602,Male,53,51-60,Bengaluru,Karnataka,South,Corporate,2025-02-16
C03603,Customer 03603,Female,31,31-40,Ranchi,Jharkhand,East,Consumer,2023-11-09
C03604,Customer 03604,Female,24,21-30,Pune,Maharashtra,West,Small Business,2025-04-10
C03605,Customer 03605,Female,55,51-60,Pune,Maharashtra,West,Small Business,2023-07-27
C03606,Customer 03606,Male,29,21-30,Bhubaneswar,Odisha,East,Small Business,2023-11-23
C03607,Customer 03607,Female,55,51-60,Patna,Bihar,East,Corporate,2023-11-27
C03608,Customer 03608,Female,41,41-50,Pune,Maharashtra,West,Corporate,2025-06-10
C03609,Customer 03609,Male,53,51-60,Bhubaneswar,Odisha,East,Consumer,2023-09-16
C03610,Customer 03610,Male,48,41-50,Lucknow,Uttar Pradesh,North,Small Business,2022-02-22
C03611,Customer 03611,Male,23,21-30,Bengaluru,Karnataka,South,Consumer,2022-11-16
C03612,Customer 03612,Female,35,31-40,Bhubaneswar,Odisha,East,Corporate,2023-04-21
C03613,Customer 03613,Male,29,21-30,Chandigarh,Chandigarh,North,Corporate,2022-08-26
C03614,Customer 03614,Female,25,21-30,Patna,Bihar,East,Consumer,2022-01-12
C03615,Customer 03615,Female,51,51-60,Patna,Bihar,East,Consumer,2024-12-04
C03616,Customer 03616,Female,56,51-60,Hyderabad,Telangana,South,Corporate,2023-01-09
C03617,Customer 03617,Female,40,31-40,Lucknow,Uttar Pradesh,North,Small Business,2024-11-30
C03618,Customer 03618,Female,58,51-60,Mumbai,Maharashtra,West,Corporate,2024-10-01
C03619,Customer 03619,Female,35,31-40,Bengaluru,Karnataka,South,Small Business,2024-07-08
C03620,Customer 03620,Female,47,41-50,Ahmedabad,Gujarat,West,Consumer,2022-01-14
C03621,Customer 03621,Female,53,51-60,Bengaluru,Karnataka,South,Corporate,2022-12-10
C03622,Customer 03622,Female,34,31-40,Ranchi,Jharkhand,East,Consumer,2024-12-12
C03623,Customer 03623,Male,55,51-60,Hyderabad,Telangana,South,Consumer,2022-10-01
C03624,Customer 03624,Male,29,21-30,Hyderabad,Telangana,South,Consumer,2025-05-27
C03625,Customer 03625,Male,40,31-40,Bengaluru,Karnataka,South,Corporate,2022-07-09
C03626,Customer 03626,Female,21,21-30,Jaipur,Rajasthan,North,Consumer,2024-11-30
C03627,Customer 03627,Female,37,31-40,Kochi,Kerala,South,Small Business,2022-11-24
C03628,Customer 03628,Female,43,41-50,Hyderabad,Telangana,South,Consumer,2024-12-26
C03629,Customer 03629,Female,46,41-50,Chennai,Tamil Nadu,South,Corporate,2022-06-28
C03630,Customer 03630,Male,32,31-40,Ahmedabad,Gujarat,West,Small Business,2024-09-10
C03631,Customer 03631,Female,37,31-40,Ahmedabad,Gujarat,West,Corporate,2024-01-14
C03632,Customer 03632,Female,29,21-30,Kolkata,West Bengal,East,Small Business,2022-11-13
C03633,Customer 03633,Female,30,21-30,Jaipur,Rajasthan,North,Corporate,2022-07-04
C03634,Customer 03634,Female,56,51-60,Ahmedabad,Gujarat,West,Consumer,2022-07-29
C03635,Customer 03635,Male,56,51-60,Mumbai,Maharashtra,West,Consumer,2024-06-19
C03636,Customer 03636,Female,32,31-40,Lucknow,Uttar Pradesh,North,Consumer,2024-07-25
C03637,Customer 03637,Male,49,41-50,Hyderabad,Telangana,South,Corporate,2023-03-21
C03638,Customer 03638,Male,41,41-50,Chennai,Tamil Nadu,South,Consumer,2022-12-20
C03639,Customer 03639,Male,47,41-50,Bengaluru,Karnataka,South,Consumer,2022-07-26
C03640,Customer 03640,Female,58,51-60,Pune,Maharashtra,West,Consumer,2023-09-13
C03641,Customer 03641,Male,36,31-40,Kochi,Kerala,South,Consumer,2023-10-28
C03642,Customer 03642,Male,57,51-60,Ranchi,Jharkhand,East,Corporate,2023-02-21
C03643,Customer 03643,Female,38,31-40,Patna,Bihar,East,Small Business,2022-09-08
C03644,Customer 03644,Female,52,51-60,Surat,Gujarat,West,Consumer,2022-11-27
C03645,Customer 03645,Female,36,31-40,Mumbai,Maharashtra,West,Consumer,2025-03-15
C03646,Customer 03646,Female,37,31-40,Patna,Bihar,East,Corporate,2024-10-17
C03647,Customer 03647,Male,49,41-50,Lucknow,Uttar Pradesh,North,Corporate,2025-04-07
C03648,Customer 03648,Male,32,31-40,Ahmedabad,Gujarat,West,Corporate,2022-12-24
C03649,Customer 03649,Male,31,31-40,Ahmedabad,Gujarat,West,Consumer,2023-11-10
C03650,Customer 03650,Female,54,51-60,Kochi,Kerala,South,Small Business,2022-08-19
C03651,Customer 03651,Female,41,41-50,Hyderabad,Telangana,South,Consumer,2025-04-01
C03652,Customer 03652,Male,30,21-30,Kochi,Kerala,South,Consumer,2022-07-21
C03653,Customer 03653,Female,46,41-50,Bengaluru,Karnataka,South,Corporate,2022-04-22
C03654,Customer 03654,Male,23,21-30,Hyderabad,Telangana,South,Consumer,2023-06-28
C03655,Customer 03655,Female,54,51-60,Surat,Gujarat,West,Corporate,2024-11-02
C03656,Customer 03656,Female,34,31-40,Ahmedabad,Gujarat,West,Corporate,2024-02-02
C03657,Customer 03657,Male,36,31-40,Ranchi,Jharkhand,East,Corporate,2024-12-31
C03658,Customer 03658,Male,23,21-30,Mumbai,Maharashtra,West,Consumer,2022-02-05
C03659,Customer 03659,Female,36,31-40,Kolkata,West Bengal,East,Small Business,2022-06-17
C03660,Customer 03660,Male,50,41-50,Patna,Bihar,East,Consumer,2023-12-12
C03661,Customer 03661,Male,57,51-60,Chennai,Tamil Nadu,South,Consumer,2022-02-16
C03662,Customer 03662,Male,58,51-60,Bengaluru,Karnataka,South,Corporate,2023-12-15
C03663,Customer 03663,Male,40,31-40,Delhi,Delhi,North,Consumer,2024-09-05
C03664,Customer 03664,Male,24,21-30,Kolkata,West Bengal,East,Corporate,2023-02-07
C03665,Customer 03665,Female,51,51-60,Delhi,Delhi,North,Consumer,2023-03-07
C03666,Customer 03666,Male,59,51-60,Surat,Gujarat,West,Consumer,2022-10-25
C03667,Customer 03667,Male,30,21-30,Mumbai,Maharashtra,West,Corporate,2022-11-07
C03668,Customer 03668,Male,31,31-40,Lucknow,Uttar Pradesh,North,Consumer,2024-07-31
C03669,Customer 03669,Female,29,21-30,Pune,Maharashtra,West,Consumer,2022-08-24
C03670,Customer 03670,Male,28,21-30,Chandigarh,Chandigarh,North,Small Business,2024-04-04
C03671,Customer 03671,Male,32,31-40,Lucknow,Uttar Pradesh,North,Consumer,2022-09-05
C03672,Customer 03672,Female,29,21-30,Jaipur,Rajasthan,North,Corporate,2023-12-04
C03673,Customer 03673,Male,33,31-40,Ahmedabad,Gujarat,West,Corporate,2023-03-15
C03674,Customer 03674,Female,57,51-60,Jaipur,Rajasthan,North,Consumer,2024-06-02
C03675,Customer 03675,Female,34,31-40,Mumbai,Maharashtra,West,Corporate,2022-01-28
C03676,Customer 03676,Female,40,31-40,Chennai,Tamil Nadu,South,Corporate,2022-08-01
C03677,Customer 03677,Female,32,31-40,Bengaluru,Karnataka,South,Consumer,2022-07-04
C03678,Customer 03678,Male,56,51-60,Bhubaneswar,Odisha,East,Corporate,2024-03-19
C03679,Customer 03679,Female,21,21-30,Bengaluru,Karnataka,South,Corporate,2023-10-31
C03680,Customer 03680,Male,59,51-60,Bengaluru,Karnataka,South,Small Business,2024-02-09
C03681,Customer 03681,Male,58,51-60,Bengaluru,Karnataka,South,Consumer,2024-01-22
C03682,Customer 03682,Female,25,21-30,Ranchi,Jharkhand,East,Corporate,2022-01-03
C03683,Customer 03683,Female,29,21-30,Hyderabad,Telangana,South,Corporate,2025-04-09
C03684,Customer 03684,Male,27,21-30,Surat,Gujarat,West,Consumer,2024-07-18
C03685,Customer 03685,Male,38,31-40,Lucknow,Uttar Pradesh,North,Consumer,2024-05-18
C03686,Customer 03686,Female,55,51-60,Ranchi,Jharkhand,East,Small Business,2024-03-04
C03687,Customer 03687,Male,34,31-40,Bhubaneswar,Odisha,East,Consumer,2023-06-16
C03688,Customer 03688,Male,22,21-30,Chandigarh,Chandigarh,North,Consumer,2024-09-13
C03689,Customer 03689,Female,28,21-30,Jaipur,Rajasthan,North,Small Business,2025-06-11
C03690,Customer 03690,Female,35,31-40,Chennai,Tamil Nadu,South,Corporate,2024-10-10
C03691,Customer 03691,Male,31,31-40,Kolkata,West Bengal,East,Corporate,2025-06-22
C03692,Customer 03692,Female,26,21-30,Jaipur,Rajasthan,North,Small Business,2024-05-22
C03693,Customer 03693,Female,35,31-40,Delhi,Delhi,North,Consumer,2022-09-17
C03694,Customer 03694,Male,42,41-50,Bhubaneswar,Odisha,East,Small Business,2023-06-19
C03695,Customer 03695,Male,35,31-40,Chennai,Tamil Nadu,South,Corporate,2023-08-08
C03696,Customer 03696,Male,24,21-30,Jaipur,Rajasthan,North,Consumer,2022-02-04
C03697,Customer 03697,Female,52,51-60,Ranchi,Jharkhand,East,Corporate,2024-07-13
C03698,Customer 03698,Female,40,31-40,Ranchi,Jharkhand,East,Corporate,2022-05-13
C03699,Customer 03699,Female,58,51-60,Ranchi,Jharkhand,East,Corporate,2023-12-14
C03700,Customer 03700,Female,48,41-50,Ranchi,Jharkhand,East,Consumer,2023-05-20
C03701,Customer 03701,Female,27,21-30,Kolkata,West Bengal,East,Consumer,2023-05-30
C03702,Customer 03702,Female,21,21-30,Ahmedabad,Gujarat,West,Consumer,2022-04-01
C03703,Customer 03703,Male,53,51-60,Jaipur,Rajasthan,North,Consumer,2022-03-21
C03704,Customer 03704,Male,47,41-50,Hyderabad,Telangana,South,Corporate,2023-04-16
C03705,Customer 03705,Female,46,41-50,Lucknow,Uttar Pradesh,North,Small Business,2022-07-04
C03706,Customer 03706,Male,48,41-50,Surat,Gujarat,West,Corporate,2022-03-29
C03707,Customer 03707,Male,44,41-50,Delhi,Delhi,North,Small Business,2022-08-08
C03708,Customer 03708,Male,27,21-30,Bengaluru,Karnataka,South,Small Business,2022-05-05
C03709,Customer 03709,Male,33,31-40,Ahmedabad,Gujarat,West,Corporate,2022-03-28
C03710,Customer 03710,Female,27,21-30,Pune,Maharashtra,West,Consumer,2022-04-21
C03711,Customer 03711,Male,42,41-50,Ahmedabad,Gujarat,West,Consumer,2022-04-08
C03712,Customer 03712,Female,54,51-60,Bhubaneswar,Odisha,East,Small Business,2024-10-04
C03713,Customer 03713,Male,46,41-50,Bhubaneswar,Odisha,East,Consumer,2022-08-22
C03714,Customer 03714,Male,22,21-30,Hyderabad,Telangana,South,Corporate,2024-06-10
C03715,Customer 03715,Female,55,51-60,Chennai,Tamil Nadu,South,Corporate,2023-12-29
C03716,Customer 03716,Female,48,41-50,Ahmedabad,Gujarat,West,Corporate,2023-06-04
C03717,Customer 03717,Male,34,31-40,Surat,Gujarat,West,Consumer,2025-02-23
C03718,Customer 03718,Female,33,31-40,Delhi,Delhi,North,Corporate,2023-02-15
C03719,Customer 03719,Male,49,41-50,Mumbai,Maharashtra,West,Small Business,2024-06-14
C03720,Customer 03720,Female,30,21-30,Mumbai,Maharashtra,West,Consumer,2023-12-25
C03721,Customer 03721,Male,29,21-30,Chandigarh,Chandigarh,North,Corporate,2024-08-30
C03722,Customer 03722,Male,24,21-30,Delhi,Delhi,North,Small Business,2024-04-05
C03723,Customer 03723,Female,27,21-30,Pune,Maharashtra,West,Small Business,2023-11-08
C03724,Customer 03724,Male,28,21-30,Delhi,Delhi,North,Consumer,2024-07-04
C03725,Customer 03725,Female,28,21-30,Surat,Gujarat,West,Small Business,2022-03-18
C03726,Customer 03726,Female,58,51-60,Delhi,Delhi,North,Consumer,2025-01-18
C03727,Customer 03727,Female,57,51-60,Chandigarh,Chandigarh,North,Consumer,2023-10-08
C03728,Customer 03728,Male,41,41-50,Kochi,Kerala,South,Consumer,2022-03-28
C03729,Customer 03729,Male,58,51-60,Kolkata,West Bengal,East,Small Business,2025-05-09
C03730,Customer 03730,Female,59,51-60,Surat,Gujarat,West,Corporate,2024-10-06
C03731,Customer 03731,Male,33,31-40,Kochi,Kerala,South,Small Business,2025-04-23
C03732,Customer 03732,Male,47,41-50,Ahmedabad,Gujarat,West,Small Business,2025-05-19
C03733,Customer 03733,Male,47,41-50,Bhubaneswar,Odisha,East,Small Business,2022-07-23
C03734,Customer 03734,Male,52,51-60,Bengaluru,Karnataka,South,Small Business,2022-04-11
C03735,Customer 03735,Female,57,51-60,Surat,Gujarat,West,Small Business,2023-05-24
C03736,Customer 03736,Male,41,41-50,Kochi,Kerala,South,Small Business,2023-01-10
C03737,Customer 03737,Female,58,51-60,Hyderabad,Telangana,South,Corporate,2022-08-22
C03738,Customer 03738,Male,25,21-30,Ahmedabad,Gujarat,West,Corporate,2023-06-25
C03739,Customer 03739,Female,29,21-30,Chennai,Tamil Nadu,South,Consumer,2023-03-15
C03740,Customer 03740,Male,53,51-60,Ahmedabad,Gujarat,West,Small Business,2025-01-12
C03741,Customer 03741,Male,26,21-30,Chennai,Tamil Nadu,South,Small Business,2022-04-23
C03742,Customer 03742,Male,37,31-40,Chennai,Tamil Nadu,South,Consumer,2025-01-22
C03743,Customer 03743,Male,44,41-50,Chandigarh,Chandigarh,North,Corporate,2025-06-13
C03744,Customer 03744,Male,28,21-30,Ahmedabad,Gujarat,West,Consumer,2024-06-29
C03745,Customer 03745,Female,53,51-60,Delhi,Delhi,North,Consumer,2022-05-25
C03746,Customer 03746,Female,40,31-40,Mumbai,Maharashtra,West,Corporate,2022-10-11
C03747,Customer 03747,Male,49,41-50,Chennai,Tamil Nadu,South,Small Business,2024-12-04
C03748,Customer 03748,Female,53,51-60,Kochi,Kerala,South,Small Business,2024-06-15
C03749,Customer 03749,Male,24,21-30,Delhi,Delhi,North,Consumer,2023-06-16
C03750,Customer 03750,Female,51,51-60,Jaipur,Rajasthan,North,Small Business,2024-08-27
C03751,Customer 03751,Male,33,31-40,Chandigarh,Chandigarh,North,Small Business,2025-02-27
C03752,Customer 03752,Female,59,51-60,Chandigarh,Chandigarh,North,Small Business,2022-07-07
C03753,Customer 03753,Male,53,51-60,Chandigarh,Chandigarh,North,Small Business,2025-04-24
C03754,Customer 03754,Male,59,51-60,Kolkata,West Bengal,East,Corporate,2024-05-17
C03755,Customer 03755,Female,46,41-50,Bengaluru,Karnataka,South,Corporate,2024-09-04
C03756,Customer 03756,Female,23,21-30,Jaipur,Rajasthan,North,Corporate,2023-12-28
C03757,Customer 03757,Male,37,31-40,Kochi,Kerala,South,Consumer,2025-04-04
C03758,Customer 03758,Male,43,41-50,Pune,Maharashtra,West,Small Business,2022-04-01
C03759,Customer 03759,Male,32,31-40,Surat,Gujarat,West,Small Business,2023-08-05
C03760,Customer 03760,Female,45,41-50,Kochi,Kerala,South,Small Business,2022-08-08
C03761,Customer 03761,Female,32,31-40,Ahmedabad,Gujarat,West,Small Business,2022-04-03
C03762,Customer 03762,Female,60,51-60,Pune,Maharashtra,West,Small Business,2024-02-25
C03763,Customer 03763,Female,60,51-60,Kochi,Kerala,South,Small Business,2022-02-22
C03764,Customer 03764,Female,53,51-60,Kolkata,West Bengal,East,Small Business,2022-11-07
C03765,Customer 03765,Female,21,21-30,Chandigarh,Chandigarh,North,Consumer,2025-02-22
C03766,Customer 03766,Male,45,41-50,Patna,Bihar,East,Consumer,2022-11-24
C03767,Customer 03767,Male,47,41-50,Ranchi,Jharkhand,East,Small Business,2025-01-16
C03768,Customer 03768,Male,53,51-60,Bengaluru,Karnataka,South,Corporate,2023-03-31
C03769,Customer 03769,Female,55,51-60,Kolkata,West Bengal,East,Corporate,2024-10-24
C03770,Customer 03770,Male,48,41-50,Kochi,Kerala,South,Consumer,2023-06-14
C03771,Customer 03771,Female,30,21-30,Mumbai,Maharashtra,West,Corporate,2024-06-30
C03772,Customer 03772,Female,22,21-30,Chandigarh,Chandigarh,North,Corporate,2022-05-10
C03773,Customer 03773,Female,25,21-30,Chandigarh,Chandigarh,North,Consumer,2022-08-20
C03774,Customer 03774,Female,59,51-60,Kochi,Kerala,South,Corporate,2022-12-01
C03775,Customer 03775,Female,27,21-30,Hyderabad,Telangana,South,Consumer,2023-03-13
C03776,Customer 03776,Female,21,21-30,Surat,Gujarat,West,Small Business,2023-01-18
C03777,Customer 03777,Male,37,31-40,Kochi,Kerala,South,Small Business,2025-02-13
C03778,Customer 03778,Female,42,41-50,Lucknow,Uttar Pradesh,North,Corporate,2022-02-14
C03779,Customer 03779,Female,38,31-40,Chennai,Tamil Nadu,South,Small Business,2024-10-11
C03780,Customer 03780,Female,28,21-30,Bengaluru,Karnataka,South,Corporate,2022-07-19
C03781,Customer 03781,Female,23,21-30,Pune,Maharashtra,West,Consumer,2023-08-16
C03782,Customer 03782,Male,57,51-60,Kolkata,West Bengal,East,Small Business,2024-04-03
C03783,Customer 03783,Female,51,51-60,Chandigarh,Chandigarh,North,Corporate,2022-05-14
C03784,Customer 03784,Female,59,51-60,Bengaluru,Karnataka,South,Corporate,2025-03-19
C03785,Customer 03785,Male,46,41-50,Jaipur,Rajasthan,North,Small Business,2025-02-02
C03786,Customer 03786,Male,38,31-40,Bengaluru,Karnataka,South,Consumer,2024-06-25
C03787,Customer 03787,Female,54,51-60,Kolkata,West Bengal,East,Consumer,2023-04-09
C03788,Customer 03788,Male,46,41-50,Patna,Bihar,East,Corporate,2024-02-11
C03789,Customer 03789,Female,60,51-60,Kolkata,West Bengal,East,Corporate,2025-01-07
C03790,Customer 03790,Female,60,51-60,Kochi,Kerala,South,Corporate,2024-06-20
C03791,Customer 03791,Female,57,51-60,Bhubaneswar,Odisha,East,Small Business,2022-07-04
C03792,Customer 03792,Female,58,51-60,Patna,Bihar,East,Small Business,2023-10-05
C03793,Customer 03793,Male,28,21-30,Jaipur,Rajasthan,North,Corporate,2022-10-04
C03794,Customer 03794,Male,51,51-60,Chennai,Tamil Nadu,South,Small Business,2023-05-20
C03795,Customer 03795,Male,43,41-50,Mumbai,Maharashtra,West,Consumer,2022-05-25
C03796,Customer 03796,Male,48,41-50,Surat,Gujarat,West,Corporate,2022-05-07
C03797,Customer 03797,Female,34,31-40,Kochi,Kerala,South,Small Business,2023-10-06
C03798,Customer 03798,Female,29,21-30,Kochi,Kerala,South,Consumer,2024-11-20
C03799,Customer 03799,Female,44,41-50,Kolkata,West Bengal,East,Corporate,2022-04-25
C03800,Customer 03800,Female,21,21-30,Mumbai,Maharashtra,West,Consumer,2022-02-20
C03801,Customer 03801,Male,40,31-40,Bhubaneswar,Odisha,East,Corporate,2025-04-03
C03802,Customer 03802,Male,24,21-30,Kolkata,West Bengal,East,Small Business,2024-02-10
C03803,Customer 03803,Female,56,51-60,Mumbai,Maharashtra,West,Corporate,2024-06-09
C03804,Customer 03804,Female,47,41-50,Pune,Maharashtra,West,Consumer,2023-11-01
C03805,Customer 03805,Female,31,31-40,Pune,Maharashtra,West,Consumer,2023-09-29
C03806,Customer 03806,Female,44,41-50,Patna,Bihar,East,Small Business,2024-06-26
C03807,Customer 03807,Male,57,51-60,Patna,Bihar,East,Small Business,2023-09-24
C03808,Customer 03808,Male,33,31-40,Patna,Bihar,East,Corporate,2025-05-31
C03809,Customer 03809,Female,29,21-30,Delhi,Delhi,North,Consumer,2024-01-27
C03810,Customer 03810,Female,45,41-50,Kolkata,West Bengal,East,Consumer,2025-07-21
C03811,Customer 03811,Female,42,41-50,Chennai,Tamil Nadu,South,Corporate,2023-08-16
C03812,Customer 03812,Male,46,41-50,Jaipur,Rajasthan,North,Corporate,2023-11-16
C03813,Customer 03813,Male,24,21-30,Ranchi,Jharkhand,East,Consumer,2024-05-21
C03814,Customer 03814,Male,28,21-30,Chennai,Tamil Nadu,South,Consumer,2022-11-08
C03815,Customer 03815,Male,49,41-50,Bhubaneswar,Odisha,East,Small Business,2024-09-06
C03816,Customer 03816,Female,46,41-50,Surat,Gujarat,West,Consumer,2023-10-10
C03817,Customer 03817,Female,22,21-30,Chandigarh,Chandigarh,North,Consumer,2022-06-11
C03818,Customer 03818,Female,27,21-30,Chennai,Tamil Nadu,South,Consumer,2024-02-02
C03819,Customer 03819,Female,24,21-30,Kolkata,West Bengal,East,Consumer,2025-01-04
C03820,Customer 03820,Male,51,51-60,Delhi,Delhi,North,Corporate,2024-11-23
C03821,Customer 03821,Female,52,51-60,Mumbai,Maharashtra,West,Corporate,2022-09-19
C03822,Customer 03822,Male,32,31-40,Hyderabad,Telangana,South,Corporate,2025-05-04
C03823,Customer 03823,Female,21,21-30,Ranchi,Jharkhand,East,Small Business,2024-07-02
C03824,Customer 03824,Female,37,31-40,Bengaluru,Karnataka,South,Consumer,2024-05-20
C03825,Customer 03825,Male,28,21-30,Chandigarh,Chandigarh,North,Consumer,2022-04-20
C03826,Customer 03826,Female,35,31-40,Hyderabad,Telangana,South,Corporate,2024-09-07
C03827,Customer 03827,Male,48,41-50,Patna,Bihar,East,Small Business,2025-04-20
C03828,Customer 03828,Male,50,41-50,Mumbai,Maharashtra,West,Corporate,2023-12-19
C03829,Customer 03829,Female,37,31-40,Chennai,Tamil Nadu,South,Corporate,2022-12-25
C03830,Customer 03830,Male,28,21-30,Bhubaneswar,Odisha,East,Corporate,2025-02-15
C03831,Customer 03831,Female,37,31-40,Kochi,Kerala,South,Small Business,2023-07-04
C03832,Customer 03832,Male,48,41-50,Jaipur,Rajasthan,North,Small Business,2023-09-18
C03833,Customer 03833,Female,50,41-50,Ranchi,Jharkhand,East,Small Business,2022-10-26
C03834,Customer 03834,Male,28,21-30,Hyderabad,Telangana,South,Consumer,2023-02-01
C03835,Customer 03835,Female,39,31-40,Bengaluru,Karnataka,South,Corporate,2025-06-13
C03836,Customer 03836,Male,49,41-50,Surat,Gujarat,West,Small Business,2024-03-26
C03837,Customer 03837,Male,39,31-40,Hyderabad,Telangana,South,Corporate,2022-12-07
C03838,Customer 03838,Male,22,21-30,Surat,Gujarat,West,Consumer,2025-02-10
C03839,Customer 03839,Male,25,21-30,Mumbai,Maharashtra,West,Small Business,2023-12-26
C03840,Customer 03840,Male,25,21-30,Delhi,Delhi,North,Corporate,2024-03-03
C03841,Customer 03841,Male,37,31-40,Kochi,Kerala,South,Small Business,2023-02-03
C03842,Customer 03842,Female,59,51-60,Jaipur,Rajasthan,North,Consumer,2023-10-28
C03843,Customer 03843,Female,60,51-60,Bengaluru,Karnataka,South,Consumer,2023-11-09
C03844,Customer 03844,Female,21,21-30,Kochi,Kerala,South,Consumer,2025-07-23
C03845,Customer 03845,Male,46,41-50,Lucknow,Uttar Pradesh,North,Small Business,2024-08-29
C03846,Customer 03846,Male,48,41-50,Bhubaneswar,Odisha,East,Small Business,2022-12-19
C03847,Customer 03847,Female,37,31-40,Kolkata,West Bengal,East,Corporate,2024-01-07
C03848,Customer 03848,Female,48,41-50,Kolkata,West Bengal,East,Consumer,2024-12-24
C03849,Customer 03849,Female,25,21-30,Hyderabad,Telangana,South,Small Business,2025-05-19
C03850,Customer 03850,Female,56,51-60,Hyderabad,Telangana,South,Consumer,2022-02-01
C03851,Customer 03851,Male,59,51-60,Patna,Bihar,East,Consumer,2022-10-29
C03852,Customer 03852,Female,55,51-60,Ahmedabad,Gujarat,West,Corporate,2024-03-01
C03853,Customer 03853,Male,59,51-60,Pune,Maharashtra,West,Consumer,2023-09-19
C03854,Customer 03854,Female,58,51-60,Patna,Bihar,East,Corporate,2022-09-30
C03855,Customer 03855,Male,38,31-40,Surat,Gujarat,West,Small Business,2022-10-09
C03856,Customer 03856,Female,35,31-40,Kolkata,West Bengal,East,Consumer,2022-07-03
C03857,Customer 03857,Female,32,31-40,Mumbai,Maharashtra,West,Small Business,2022-09-28
C03858,Customer 03858,Male,58,51-60,Hyderabad,Telangana,South,Small Business,2022-11-30
C03859,Customer 03859,Male,57,51-60,Kochi,Kerala,South,Consumer,2022-11-06
C03860,Customer 03860,Female,22,21-30,Lucknow,Uttar Pradesh,North,Small Business,2022-11-18
C03861,Customer 03861,Male,54,51-60,Hyderabad,Telangana,South,Corporate,2022-04-12
C03862,Customer 03862,Male,30,21-30,Hyderabad,Telangana,South,Consumer,2022-04-02
C03863,Customer 03863,Male,32,31-40,Lucknow,Uttar Pradesh,North,Consumer,2022-12-26
C03864,Customer 03864,Male,25,21-30,Delhi,Delhi,North,Corporate,2024-12-05
C03865,Customer 03865,Female,48,41-50,Mumbai,Maharashtra,West,Small Business,2022-08-23
C03866,Customer 03866,Male,53,51-60,Jaipur,Rajasthan,North,Corporate,2025-05-07
C03867,Customer 03867,Female,28,21-30,Surat,Gujarat,West,Consumer,2025-01-26
C03868,Customer 03868,Female,33,31-40,Chandigarh,Chandigarh,North,Small Business,2024-02-25
C03869,Customer 03869,Female,24,21-30,Chandigarh,Chandigarh,North,Corporate,2023-04-27
C03870,Customer 03870,Female,36,31-40,Bhubaneswar,Odisha,East,Corporate,2022-06-24
C03871,Customer 03871,Female,38,31-40,Jaipur,Rajasthan,North,Small Business,2025-02-01
C03872,Customer 03872,Male,41,41-50,Bengaluru,Karnataka,South,Small Business,2024-04-16
C03873,Customer 03873,Male,23,21-30,Patna,Bihar,East,Consumer,2023-02-11
C03874,Customer 03874,Female,46,41-50,Delhi,Delhi,North,Consumer,2022-01-08
C03875,Customer 03875,Female,42,41-50,Ranchi,Jharkhand,East,Corporate,2025-04-19
C03876,Customer 03876,Female,25,21-30,Mumbai,Maharashtra,West,Small Business,2022-02-10
C03877,Customer 03877,Female,48,41-50,Jaipur,Rajasthan,North,Corporate,2024-03-09
C03878,Customer 03878,Female,26,21-30,Pune,Maharashtra,West,Consumer,2022-01-27
C03879,Customer 03879,Female,40,31-40,Mumbai,Maharashtra,West,Consumer,2022-07-04
C03880,Customer 03880,Female,21,21-30,Kochi,Kerala,South,Small Business,2025-01-14
C03881,Customer 03881,Male,46,41-50,Patna,Bihar,East,Corporate,2025-04-26
C03882,Customer 03882,Female,23,21-30,Kolkata,West Bengal,East,Corporate,2025-06-13
C03883,Customer 03883,Female,56,51-60,Delhi,Delhi,North,Consumer,2024-05-30
C03884,Customer 03884,Male,39,31-40,Pune,Maharashtra,West,Corporate,2022-10-16
C03885,Customer 03885,Female,31,31-40,Mumbai,Maharashtra,West,Small Business,2025-05-27
C03886,Customer 03886,Male,54,51-60,Ahmedabad,Gujarat,West,Consumer,2025-01-10
C03887,Customer 03887,Male,51,51-60,Pune,Maharashtra,West,Corporate,2024-09-20
C03888,Customer 03888,Female,22,21-30,Chandigarh,Chandigarh,North,Small Business,2025-04-26
C03889,Customer 03889,Male,44,41-50,Pune,Maharashtra,West,Small Business,2022-06-08
C03890,Customer 03890,Female,22,21-30,Ahmedabad,Gujarat,West,Corporate,2025-05-02
C03891,Customer 03891,Male,22,21-30,Kochi,Kerala,South,Consumer,2022-09-29
C03892,Customer 03892,Female,50,41-50,Pune,Maharashtra,West,Corporate,2024-12-05
C03893,Customer 03893,Female,21,21-30,Chennai,Tamil Nadu,South,Small Business,2022-06-11
C03894,Customer 03894,Female,29,21-30,Delhi,Delhi,North,Consumer,2024-08-02
C03895,Customer 03895,Female,53,51-60,Ranchi,Jharkhand,East,Small Business,2022-08-30
C03896,Customer 03896,Female,50,41-50,Ahmedabad,Gujarat,West,Small Business,2022-07-04
C03897,Customer 03897,Female,39,31-40,Bengaluru,Karnataka,South,Small Business,2025-05-18
C03898,Customer 03898,Male,27,21-30,Chennai,Tamil Nadu,South,Corporate,2025-02-03
C03899,Customer 03899,Female,26,21-30,Bengaluru,Karnataka,South,Corporate,2025-04-27
C03900,Customer 03900,Male,48,41-50,Mumbai,Maharashtra,West,Small Business,2022-12-29
C03901,Customer 03901,Male,59,51-60,Chennai,Tamil Nadu,South,Small Business,2023-11-16
C03902,Customer 03902,Female,24,21-30,Chandigarh,Chandigarh,North,Corporate,2023-06-26
C03903,Customer 03903,Female,29,21-30,Ranchi,Jharkhand,East,Consumer,2025-02-07
C03904,Customer 03904,Female,44,41-50,Ranchi,Jharkhand,East,Small Business,2022-04-03
C03905,Customer 03905,Female,53,51-60,Patna,Bihar,East,Consumer,2022-01-06
C03906,Customer 03906,Male,44,41-50,Bengaluru,Karnataka,South,Small Business,2022-01-01
C03907,Customer 03907,Male,25,21-30,Delhi,Delhi,North,Corporate,2024-03-28
C03908,Customer 03908,Female,47,41-50,Kochi,Kerala,South,Small Business,2022-04-19
C03909,Customer 03909,Male,34,31-40,Ahmedabad,Gujarat,West,Consumer,2023-07-25
C03910,Customer 03910,Male,53,51-60,Surat,Gujarat,West,Consumer,2025-02-20
C03911,Customer 03911,Female,21,21-30,Patna,Bihar,East,Consumer,2022-07-02
C03912,Customer 03912,Male,31,31-40,Surat,Gujarat,West,Corporate,2023-06-21
C03913,Customer 03913,Male,26,21-30,Ahmedabad,Gujarat,West,Consumer,2024-05-09
C03914,Customer 03914,Female,55,51-60,Chandigarh,Chandigarh,North,Small Business,2022-01-13
C03915,Customer 03915,Male,24,21-30,Surat,Gujarat,West,Small Business,2025-02-25
C03916,Customer 03916,Male,28,21-30,Jaipur,Rajasthan,North,Corporate,2024-02-01
C03917,Customer 03917,Male,50,41-50,Delhi,Delhi,North,Consumer,2022-06-26
C03918,Customer 03918,Male,48,41-50,Patna,Bihar,East,Consumer,2022-03-31
C03919,Customer 03919,Male,49,41-50,Ranchi,Jharkhand,East,Consumer,2025-03-12
C03920,Customer 03920,Male,23,21-30,Bengaluru,Karnataka,South,Consumer,2024-08-04
C03921,Customer 03921,Female,58,51-60,Chandigarh,Chandigarh,North,Small Business,2022-01-31
C03922,Customer 03922,Female,37,31-40,Delhi,Delhi,North,Corporate,2022-06-27
C03923,Customer 03923,Female,39,31-40,Bhubaneswar,Odisha,East,Consumer,2022-10-16
C03924,Customer 03924,Female,58,51-60,Ahmedabad,Gujarat,West,Corporate,2025-03-19
C03925,Customer 03925,Female,43,41-50,Hyderabad,Telangana,South,Consumer,2025-05-03
C03926,Customer 03926,Female,51,51-60,Kolkata,West Bengal,East,Consumer,2024-04-26
C03927,Customer 03927,Male,51,51-60,Chandigarh,Chandigarh,North,Consumer,2023-09-29
C03928,Customer 03928,Male,25,21-30,Chandigarh,Chandigarh,North,Consumer,2023-06-13
C03929,Customer 03929,Male,30,21-30,Patna,Bihar,East,Small Business,2025-02-23
C03930,Customer 03930,Male,32,31-40,Mumbai,Maharashtra,West,Consumer,2024-08-17
C03931,Customer 03931,Male,44,41-50,Bhubaneswar,Odisha,East,Small Business,2023-06-09
C03932,Customer 03932,Female,30,21-30,Kochi,Kerala,South,Small Business,2024-12-21
C03933,Customer 03933,Female,38,31-40,Jaipur,Rajasthan,North,Corporate,2024-06-10
C03934,Customer 03934,Female,49,41-50,Jaipur,Rajasthan,North,Consumer,2025-04-19
C03935,Customer 03935,Female,40,31-40,Kochi,Kerala,South,Corporate,2024-10-27
C03936,Customer 03936,Female,32,31-40,Hyderabad,Telangana,South,Small Business,2023-04-12
C03937,Customer 03937,Female,46,41-50,Mumbai,Maharashtra,West,Consumer,2025-01-11
C03938,Customer 03938,Female,42,41-50,Jaipur,Rajasthan,North,Consumer,2024-07-01
C03939,Customer 03939,Female,24,21-30,Ahmedabad,Gujarat,West,Small Business,2024-01-08
C03940,Customer 03940,Female,43,41-50,Ahmedabad,Gujarat,West,Consumer,2024-01-16
C03941,Customer 03941,Male,34,31-40,Mumbai,Maharashtra,West,Corporate,2023-01-10
C03942,Customer 03942,Male,55,51-60,Delhi,Delhi,North,Small Business,2023-10-27
C03943,Customer 03943,Male,52,51-60,Lucknow,Uttar Pradesh,North,Corporate,2023-09-26
C03944,Customer 03944,Male,35,31-40,Delhi,Delhi,North,Consumer,2022-06-20
C03945,Customer 03945,Female,53,51-60,Lucknow,Uttar Pradesh,North,Small Business,2022-07-14
C03946,Customer 03946,Male,42,41-50,Delhi,Delhi,North,Small Business,2024-06-30
C03947,Customer 03947,Male,32,31-40,Mumbai,Maharashtra,West,Consumer,2025-07-22
C03948,Customer 03948,Female,60,51-60,Delhi,Delhi,North,Small Business,2023-04-24
C03949,Customer 03949,Female,26,21-30,Patna,Bihar,East,Corporate,2022-12-29
C03950,Customer 03950,Male,29,21-30,Delhi,Delhi,North,Consumer,2024-06-15
C03951,Customer 03951,Female,24,21-30,Patna,Bihar,East,Consumer,2022-11-20
C03952,Customer 03952,Male,26,21-30,Pune,Maharashtra,West,Small Business,2022-08-16
C03953,Customer 03953,Male,32,31-40,Patna,Bihar,East,Small Business,2025-04-19
C03954,Customer 03954,Female,60,51-60,Kolkata,West Bengal,East,Small Business,2022-03-07
C03955,Customer 03955,Female,23,21-30,Ahmedabad,Gujarat,West,Small Business,2022-07-24
C03956,Customer 03956,Male,29,21-30,Ahmedabad,Gujarat,West,Small Business,2025-05-03
C03957,Customer 03957,Female,58,51-60,Jaipur,Rajasthan,North,Corporate,2024-01-20
C03958,Customer 03958,Male,25,21-30,Delhi,Delhi,North,Consumer,2022-01-20
C03959,Customer 03959,Female,60,51-60,Mumbai,Maharashtra,West,Consumer,2023-09-15
C03960,Customer 03960,Male,58,51-60,Delhi,Delhi,North,Consumer,2022-01-07
C03961,Customer 03961,Female,29,21-30,Kolkata,West Bengal,East,Consumer,2023-03-16
C03962,Customer 03962,Male,53,51-60,Pune,Maharashtra,West,Corporate,2023-08-06
C03963,Customer 03963,Male,55,51-60,Chandigarh,Chandigarh,North,Small Business,2025-07-07
C03964,Customer 03964,Male,42,41-50,Lucknow,Uttar Pradesh,North,Corporate,2025-06-16
C03965,Customer 03965,Female,43,41-50,Chennai,Tamil Nadu,South,Consumer,2024-02-05
C03966,Customer 03966,Male,23,21-30,Patna,Bihar,East,Small Business,2024-03-05
C03967,Customer 03967,Male,24,21-30,Chandigarh,Chandigarh,North,Small Business,2024-09-24
C03968,Customer 03968,Male,46,41-50,Delhi,Delhi,North,Corporate,2024-05-27
C03969,Customer 03969,Male,55,51-60,Jaipur,Rajasthan,North,Small Business,2024-06-18
C03970,Customer 03970,Female,23,21-30,Surat,Gujarat,West,Corporate,2023-05-10
C03971,Customer 03971,Female,29,21-30,Surat,Gujarat,West,Corporate,2023-03-23
C03972,Customer 03972,Female,40,31-40,Hyderabad,Telangana,South,Corporate,2024-02-07
C03973,Customer 03973,Male,21,21-30,Kochi,Kerala,South,Small Business,2024-10-02
C03974,Customer 03974,Female,31,31-40,Ahmedabad,Gujarat,West,Small Business,2023-11-03
C03975,Customer 03975,Male,31,31-40,Delhi,Delhi,North,Corporate,2023-12-14
C03976,Customer 03976,Male,52,51-60,Delhi,Delhi,North,Consumer,2024-02-17
C03977,Customer 03977,Female,29,21-30,Patna,Bihar,East,Small Business,2023-01-12
C03978,Customer 03978,Male,50,41-50,Bhubaneswar,Odisha,East,Corporate,2023-06-06
C03979,Customer 03979,Male,32,31-40,Chennai,Tamil Nadu,South,Corporate,2025-03-18
C03980,Customer 03980,Male,35,31-40,Bengaluru,Karnataka,South,Small Business,2023-11-09
C03981,Customer 03981,Male,21,21-30,Lucknow,Uttar Pradesh,North,Corporate,2022-03-07
C03982,Customer 03982,Female,23,21-30,Jaipur,Rajasthan,North,Small Business,2023-05-16
C03983,Customer 03983,Female,53,51-60,Delhi,Delhi,North,Small Business,2023-05-13
C03984,Customer 03984,Male,28,21-30,Delhi,Delhi,North,Consumer,2024-02-26
C03985,Customer 03985,Female,35,31-40,Mumbai,Maharashtra,West,Consumer,2025-06-16
C03986,Customer 03986,Female,42,41-50,Delhi,Delhi,North,Small Business,2023-11-16
C03987,Customer 03987,Female,57,51-60,Ahmedabad,Gujarat,West,Consumer,2022-06-29
C03988,Customer 03988,Female,40,31-40,Chennai,Tamil Nadu,South,Consumer,2024-03-20
C03989,Customer 03989,Male,36,31-40,Jaipur,Rajasthan,North,Small Business,2023-01-02
C03990,Customer 03990,Male,50,41-50,Delhi,Delhi,North,Small Business,2023-12-26
C03991,Customer 03991,Male,37,31-40,Chennai,Tamil Nadu,South,Small Business,2024-08-06
C03992,Customer 03992,Male,21,21-30,Delhi,Delhi,North,Small Business,2022-08-23
C03993,Customer 03993,Female,31,31-40,Chandigarh,Chandigarh,North,Consumer,2025-02-01
C03994,Customer 03994,Male,33,31-40,Delhi,Delhi,North,Small Business,2022-12-11
C03995,Customer 03995,Male,25,21-30,Lucknow,Uttar Pradesh,North,Small Business,2024-12-10
C03996,Customer 03996,Female,21,21-30,Lucknow,Uttar Pradesh,North,Corporate,2024-01-20
C03997,Customer 03997,Female,27,21-30,Lucknow,Uttar Pradesh,North,Consumer,2024-10-27
C03998,Customer 03998,Male,55,51-60,Pune,Maharashtra,West,Small Business,2023-11-12
C03999,Customer 03999,Female,57,51-60,Chandigarh,Chandigarh,North,Corporate,2024-08-07
C04000,Customer 04000,Male,27,21-30,Surat,Gujarat,West,Small Business,2025-02-12
C04001,Customer 04001,Male,42,41-50,Jaipur,Rajasthan,North,Consumer,2024-09-07
C04002,Customer 04002,Male,56,51-60,Hyderabad,Telangana,South,Small Business,2025-05-31
C04003,Customer 04003,Female,32,31-40,Bengaluru,Karnataka,South,Corporate,2023-07-20
C04004,Customer 04004,Female,24,21-30,Patna,Bihar,East,Corporate,2022-07-16
C04005,Customer 04005,Male,51,51-60,Bengaluru,Karnataka,South,Consumer,2022-01-03
C04006,Customer 04006,Male,56,51-60,Jaipur,Rajasthan,North,Consumer,2025-06-13
C04007,Customer 04007,Male,35,31-40,Bhubaneswar,Odisha,East,Consumer,2022-11-15
C04008,Customer 04008,Female,26,21-30,Jaipur,Rajasthan,North,Small Business,2023-07-25
C04009,Customer 04009,Female,34,31-40,Surat,Gujarat,West,Corporate,2022-09-27
C04010,Customer 04010,Male,47,41-50,Lucknow,Uttar Pradesh,North,Small Business,2025-03-28
C04011,Customer 04011,Male,29,21-30,Hyderabad,Telangana,South,Corporate,2025-07-08
C04012,Customer 04012,Male,23,21-30,Delhi,Delhi,North,Corporate,2023-03-02
C04013,Customer 04013,Female,30,21-30,Jaipur,Rajasthan,North,Consumer,2022-09-26
C04014,Customer 04014,Female,52,51-60,Bengaluru,Karnataka,South,Small Business,2022-09-18
C04015,Customer 04015,Male,44,41-50,Lucknow,Uttar Pradesh,North,Corporate,2023-02-02
C04016,Customer 04016,Male,53,51-60,Jaipur,Rajasthan,North,Consumer,2024-05-05
C04017,Customer 04017,Male,47,41-50,Patna,Bihar,East,Small Business,2024-03-21
C04018,Customer 04018,Male,24,21-30,Hyderabad,Telangana,South,Small Business,2025-05-03
C04019,Customer 04019,Female,50,41-50,Kochi,Kerala,South,Small Business,2023-12-30
C04020,Customer 04020,Male,60,51-60,Mumbai,Maharashtra,West,Corporate,2023-04-05
C04021,Customer 04021,Male,22,21-30,Bengaluru,Karnataka,South,Corporate,2022-11-28
C04022,Customer 04022,Female,25,21-30,Chandigarh,Chandigarh,North,Small Business,2023-09-04
C04023,Customer 04023,Male,31,31-40,Mumbai,Maharashtra,West,Corporate,2024-12-23
C04024,Customer 04024,Male,22,21-30,Hyderabad,Telangana,South,Small Business,2023-05-23
C04025,Customer 04025,Male,60,51-60,Kolkata,West Bengal,East,Small Business,2024-03-13
C04026,Customer 04026,Male,57,51-60,Chennai,Tamil Nadu,South,Consumer,2023-02-20
C04027,Customer 04027,Female,52,51-60,Lucknow,Uttar Pradesh,North,Consumer,2024-10-23
C04028,Customer 04028,Female,46,41-50,Jaipur,Rajasthan,North,Corporate,2024-01-25
C04029,Customer 04029,Female,50,41-50,Pune,Maharashtra,West,Consumer,2024-02-24
C04030,Customer 04030,Female,30,21-30,Kochi,Kerala,South,Consumer,2025-03-14
C04031,Customer 04031,Female,44,41-50,Mumbai,Maharashtra,West,Consumer,2023-09-13
C04032,Customer 04032,Female,40,31-40,Bhubaneswar,Odisha,East,Corporate,2022-03-16
C04033,Customer 04033,Female,46,41-50,Ahmedabad,Gujarat,West,Consumer,2023-09-20
C04034,Customer 04034,Male,57,51-60,Hyderabad,Telangana,South,Small Business,2023-12-06
C04035,Customer 04035,Female,59,51-60,Delhi,Delhi,North,Small Business,2022-12-09
C04036,Customer 04036,Male,29,21-30,Ahmedabad,Gujarat,West,Consumer,2024-02-29
C04037,Customer 04037,Female,28,21-30,Bengaluru,Karnataka,South,Consumer,2023-08-29
C04038,Customer 04038,Female,34,31-40,Bengaluru,Karnataka,South,Small Business,2022-10-09
C04039,Customer 04039,Female,38,31-40,Patna,Bihar,East,Corporate,2022-11-06
C04040,Customer 04040,Male,55,51-60,Lucknow,Uttar Pradesh,North,Corporate,2024-10-06
C04041,Customer 04041,Female,30,21-30,Lucknow,Uttar Pradesh,North,Corporate,2023-05-07
C04042,Customer 04042,Male,59,51-60,Bhubaneswar,Odisha,East,Corporate,2024-02-18
C04043,Customer 04043,Male,33,31-40,Kolkata,West Bengal,East,Corporate,2023-11-25
C04044,Customer 04044,Male,39,31-40,Kochi,Kerala,South,Small Business,2023-01-18
C04045,Customer 04045,Male,44,41-50,Ranchi,Jharkhand,East,Corporate,2023-04-29
C04046,Customer 04046,Male,37,31-40,Kochi,Kerala,South,Consumer,2022-03-13
C04047,Customer 04047,Male,26,21-30,Kochi,Kerala,South,Corporate,2024-01-20
C04048,Customer 04048,Female,22,21-30,Surat,Gujarat,West,Small Business,2023-07-01
C04049,Customer 04049,Female,45,41-50,Ranchi,Jharkhand,East,Corporate,2025-02-28
C04050,Customer 04050,Female,42,41-50,Kolkata,West Bengal,East,Small Business,2024-04-02
C04051,Customer 04051,Female,33,31-40,Kolkata,West Bengal,East,Small Business,2023-05-07
C04052,Customer 04052,Female,57,51-60,Pune,Maharashtra,West,Small Business,2023-07-09
C04053,Customer 04053,Female,59,51-60,Mumbai,Maharashtra,West,Corporate,2024-02-22
C04054,Customer 04054,Female,34,31-40,Chandigarh,Chandigarh,North,Small Business,2022-09-17
C04055,Customer 04055,Male,42,41-50,Chandigarh,Chandigarh,North,Small Business,2024-01-28
C04056,Customer 04056,Male,57,51-60,Delhi,Delhi,North,Small Business,2025-06-20
C04057,Customer 04057,Male,42,41-50,Bhubaneswar,Odisha,East,Consumer,2024-03-28
C04058,Customer 04058,Female,44,41-50,Bengaluru,Karnataka,South,Corporate,2024-02-20
C04059,Customer 04059,Female,49,41-50,Mumbai,Maharashtra,West,Consumer,2022-08-20
C04060,Customer 04060,Male,50,41-50,Kochi,Kerala,South,Small Business,2022-10-07
C04061,Customer 04061,Female,58,51-60,Kochi,Kerala,South,Consumer,2023-06-29
C04062,Customer 04062,Female,28,21-30,Chennai,Tamil Nadu,South,Small Business,2022-04-18
C04063,Customer 04063,Male,36,31-40,Kolkata,West Bengal,East,Consumer,2024-04-30
C04064,Customer 04064,Female,41,41-50,Lucknow,Uttar Pradesh,North,Small Business,2023-03-14
C04065,Customer 04065,Female,57,51-60,Jaipur,Rajasthan,North,Small Business,2023-03-27
C04066,Customer 04066,Male,27,21-30,Ahmedabad,Gujarat,West,Corporate,2022-02-07
C04067,Customer 04067,Male,52,51-60,Delhi,Delhi,North,Corporate,2023-12-31
C04068,Customer 04068,Male,28,21-30,Chennai,Tamil Nadu,South,Consumer,2024-01-25
C04069,Customer 04069,Male,56,51-60,Ahmedabad,Gujarat,West,Small Business,2023-10-14
C04070,Customer 04070,Male,44,41-50,Chennai,Tamil Nadu,South,Corporate,2023-07-27
C04071,Customer 04071,Female,53,51-60,Chennai,Tamil Nadu,South,Small Business,2023-06-16
C04072,Customer 04072,Female,24,21-30,Kolkata,West Bengal,East,Consumer,2024-10-15
C04073,Customer 04073,Male,22,21-30,Hyderabad,Telangana,South,Corporate,2024-12-19
C04074,Customer 04074,Female,30,21-30,Pune,Maharashtra,West,Consumer,2024-06-29
C04075,Customer 04075,Female,29,21-30,Ahmedabad,Gujarat,West,Corporate,2024-05-30
C04076,Customer 04076,Female,47,41-50,Mumbai,Maharashtra,West,Consumer,2023-02-04
C04077,Customer 04077,Male,28,21-30,Ahmedabad,Gujarat,West,Small Business,2022-05-07
C04078,Customer 04078,Female,30,21-30,Jaipur,Rajasthan,North,Small Business,2025-01-04
C04079,Customer 04079,Male,44,41-50,Chandigarh,Chandigarh,North,Small Business,2024-11-29
C04080,Customer 04080,Male,22,21-30,Jaipur,Rajasthan,North,Consumer,2024-09-17
C04081,Customer 04081,Male,25,21-30,Chennai,Tamil Nadu,South,Small Business,2023-01-17
C04082,Customer 04082,Female,33,31-40,Patna,Bihar,East,Consumer,2024-05-21
C04083,Customer 04083,Female,35,31-40,Delhi,Delhi,North,Corporate,2022-09-10
C04084,Customer 04084,Female,54,51-60,Hyderabad,Telangana,South,Corporate,2022-06-27
C04085,Customer 04085,Male,23,21-30,Surat,Gujarat,West,Consumer,2022-09-07
C04086,Customer 04086,Female,60,51-60,Hyderabad,Telangana,South,Small Business,2023-12-20
C04087,Customer 04087,Female,32,31-40,Bengaluru,Karnataka,South,Corporate,2022-02-24
C04088,Customer 04088,Female,36,31-40,Chennai,Tamil Nadu,South,Small Business,2022-09-19
C04089,Customer 04089,Female,34,31-40,Ranchi,Jharkhand,East,Consumer,2022-10-31
C04090,Customer 04090,Male,49,41-50,Chennai,Tamil Nadu,South,Consumer,2025-06-15
C04091,Customer 04091,Male,21,21-30,Hyderabad,Telangana,South,Small Business,2024-01-15
C04092,Customer 04092,Male,43,41-50,Surat,Gujarat,West,Consumer,2022-09-22
C04093,Customer 04093,Female,48,41-50,Kochi,Kerala,South,Consumer,2024-11-04
C04094,Customer 04094,Male,51,51-60,Ranchi,Jharkhand,East,Small Business,2022-07-07
C04095,Customer 04095,Female,23,21-30,Jaipur,Rajasthan,North,Corporate,2023-01-19
C04096,Customer 04096,Female,28,21-30,Mumbai,Maharashtra,West,Corporate,2022-11-21
C04097,Customer 04097,Female,23,21-30,Hyderabad,Telangana,South,Consumer,2022-01-29
C04098,Customer 04098,Male,30,21-30,Surat,Gujarat,West,Small Business,2022-07-24
C04099,Customer 04099,Male,56,51-60,Ranchi,Jharkhand,East,Corporate,2025-02-21
C04100,Customer 04100,Male,52,51-60,Chennai,Tamil Nadu,South,Corporate,2025-07-14
C04101,Customer 04101,Female,55,51-60,Pune,Maharashtra,West,Small Business,2024-04-04
C04102,Customer 04102,Male,41,41-50,Surat,Gujarat,West,Small Business,2023-06-22
C04103,Customer 04103,Male,34,31-40,Bengaluru,Karnataka,South,Consumer,2022-11-09
C04104,Customer 04104,Male,53,51-60,Bengaluru,Karnataka,South,Consumer,2025-07-23
C04105,Customer 04105,Female,37,31-40,Lucknow,Uttar Pradesh,North,Consumer,2023-12-10
C04106,Customer 04106,Male,32,31-40,Bengaluru,Karnataka,South,Corporate,2023-12-26
C04107,Customer 04107,Male,45,41-50,Mumbai,Maharashtra,West,Consumer,2025-06-19
C04108,Customer 04108,Male,44,41-50,Patna,Bihar,East,Corporate,2022-04-11
C04109,Customer 04109,Male,51,51-60,Mumbai,Maharashtra,West,Consumer,2022-05-17
C04110,Customer 04110,Male,38,31-40,Lucknow,Uttar Pradesh,North,Small Business,2024-10-04
C04111,Customer 04111,Male,36,31-40,Kolkata,West Bengal,East,Consumer,2024-09-21
C04112,Customer 04112,Male,56,51-60,Patna,Bihar,East,Small Business,2022-09-07
C04113,Customer 04113,Male,21,21-30,Patna,Bihar,East,Corporate,2022-05-27
C04114,Customer 04114,Female,32,31-40,Kochi,Kerala,South,Small Business,2022-04-28
C04115,Customer 04115,Female,35,31-40,Bhubaneswar,Odisha,East,Corporate,2024-08-27
C04116,Customer 04116,Female,25,21-30,Ranchi,Jharkhand,East,Small Business,2023-07-21
C04117,Customer 04117,Male,44,41-50,Surat,Gujarat,West,Small Business,2023-05-30
C04118,Customer 04118,Male,25,21-30,Chandigarh,Chandigarh,North,Small Business,2022-06-27
C04119,Customer 04119,Female,25,21-30,Pune,Maharashtra,West,Consumer,2025-03-05
C04120,Customer 04120,Female,48,41-50,Patna,Bihar,East,Small Business,2022-02-04
C04121,Customer 04121,Female,58,51-60,Chandigarh,Chandigarh,North,Consumer,2025-04-25
C04122,Customer 04122,Female,56,51-60,Patna,Bihar,East,Small Business,2024-01-03
C04123,Customer 04123,Male,51,51-60,Chennai,Tamil Nadu,South,Consumer,2022-10-08
C04124,Customer 04124,Female,31,31-40,Delhi,Delhi,North,Small Business,2022-11-21
C04125,Customer 04125,Male,60,51-60,Delhi,Delhi,North,Corporate,2024-10-13
C04126,Customer 04126,Male,26,21-30,Lucknow,Uttar Pradesh,North,Consumer,2023-09-22
C04127,Customer 04127,Male,57,51-60,Chandigarh,Chandigarh,North,Consumer,2024-05-30
C04128,Customer 04128,Female,55,51-60,Mumbai,Maharashtra,West,Corporate,2024-07-18
C04129,Customer 04129,Male,57,51-60,Mumbai,Maharashtra,West,Corporate,2024-08-29
C04130,Customer 04130,Male,31,31-40,Hyderabad,Telangana,South,Small Business,2024-10-01
C04131,Customer 04131,Male,26,21-30,Surat,Gujarat,West,Corporate,2023-01-15
C04132,Customer 04132,Female,45,41-50,Bengaluru,Karnataka,South,Corporate,2022-02-27
C04133,Customer 04133,Female,57,51-60,Ahmedabad,Gujarat,West,Corporate,2024-12-31
C04134,Customer 04134,Female,43,41-50,Surat,Gujarat,West,Consumer,2023-03-02
C04135,Customer 04135,Male,28,21-30,Bhubaneswar,Odisha,East,Corporate,2022-07-07
C04136,Customer 04136,Female,40,31-40,Mumbai,Maharashtra,West,Consumer,2022-03-05
C04137,Customer 04137,Male,35,31-40,Patna,Bihar,East,Consumer,2022-10-24
C04138,Customer 04138,Male,28,21-30,Jaipur,Rajasthan,North,Corporate,2022-05-22
C04139,Customer 04139,Male,43,41-50,Ranchi,Jharkhand,East,Small Business,2024-02-14
C04140,Customer 04140,Female,57,51-60,Kolkata,West Bengal,East,Corporate,2024-07-23
C04141,Customer 04141,Female,21,21-30,Bhubaneswar,Odisha,East,Corporate,2022-04-13
C04142,Customer 04142,Male,47,41-50,Delhi,Delhi,North,Corporate,2024-08-08
C04143,Customer 04143,Female,40,31-40,Mumbai,Maharashtra,West,Corporate,2024-06-10
C04144,Customer 04144,Female,40,31-40,Surat,Gujarat,West,Corporate,2024-07-06
C04145,Customer 04145,Female,26,21-30,Ahmedabad,Gujarat,West,Small Business,2023-02-17
C04146,Customer 04146,Female,48,41-50,Mumbai,Maharashtra,West,Corporate,2022-03-11
C04147,Customer 04147,Female,23,21-30,Kolkata,West Bengal,East,Consumer,2024-04-12
C04148,Customer 04148,Female,41,41-50,Kochi,Kerala,South,Corporate,2023-03-28
C04149,Customer 04149,Male,23,21-30,Surat,Gujarat,West,Corporate,2024-03-01
C04150,Customer 04150,Female,60,51-60,Kolkata,West Bengal,East,Consumer,2024-08-09
C04151,Customer 04151,Male,28,21-30,Ahmedabad,Gujarat,West,Corporate,2025-03-04
C04152,Customer 04152,Male,57,51-60,Ranchi,Jharkhand,East,Corporate,2024-02-18
C04153,Customer 04153,Female,34,31-40,Kochi,Kerala,South,Consumer,2024-01-30
C04154,Customer 04154,Male,32,31-40,Ahmedabad,Gujarat,West,Small Business,2023-12-18
C04155,Customer 04155,Male,54,51-60,Lucknow,Uttar Pradesh,North,Consumer,2024-08-05
C04156,Customer 04156,Male,48,41-50,Pune,Maharashtra,West,Small Business,2023-04-26
C04157,Customer 04157,Female,60,51-60,Chandigarh,Chandigarh,North,Small Business,2024-12-10
C04158,Customer 04158,Female,43,41-50,Patna,Bihar,East,Small Business,2024-04-27
C04159,Customer 04159,Male,40,31-40,Pune,Maharashtra,West,Small Business,2023-06-21
C04160,Customer 04160,Male,40,31-40,Bhubaneswar,Odisha,East,Corporate,2023-06-12
C04161,Customer 04161,Female,60,51-60,Chandigarh,Chandigarh,North,Consumer,2024-03-21
C04162,Customer 04162,Male,37,31-40,Kochi,Kerala,South,Small Business,2025-03-30
C04163,Customer 04163,Female,35,31-40,Ahmedabad,Gujarat,West,Corporate,2023-07-07
C04164,Customer 04164,Female,22,21-30,Pune,Maharashtra,West,Corporate,2025-02-23
C04165,Customer 04165,Male,35,31-40,Chennai,Tamil Nadu,South,Consumer,2025-04-30
C04166,Customer 04166,Female,29,21-30,Patna,Bihar,East,Corporate,2024-09-03
C04167,Customer 04167,Female,27,21-30,Hyderabad,Telangana,South,Consumer,2022-11-19
C04168,Customer 04168,Male,57,51-60,Lucknow,Uttar Pradesh,North,Small Business,2022-09-22
C04169,Customer 04169,Male,28,21-30,Jaipur,Rajasthan,North,Small Business,2022-03-30
C04170,Customer 04170,Female,40,31-40,Surat,Gujarat,West,Corporate,2023-12-14
C04171,Customer 04171,Female,47,41-50,Hyderabad,Telangana,South,Small Business,2023-11-21
C04172,Customer 04172,Male,29,21-30,Surat,Gujarat,West,Consumer,2023-05-16
C04173,Customer 04173,Male,40,31-40,Delhi,Delhi,North,Small Business,2025-03-06
C04174,Customer 04174,Female,45,41-50,Pune,Maharashtra,West,Consumer,2022-10-31
C04175,Customer 04175,Male,22,21-30,Kochi,Kerala,South,Consumer,2023-12-30
C04176,Customer 04176,Male,28,21-30,Lucknow,Uttar Pradesh,North,Consumer,2024-08-03
C04177,Customer 04177,Female,43,41-50,Patna,Bihar,East,Corporate,2025-05-03
C04178,Customer 04178,Male,42,41-50,Mumbai,Maharashtra,West,Corporate,2023-11-22
C04179,Customer 04179,Male,56,51-60,Surat,Gujarat,West,Small Business,2022-06-11
C04180,Customer 04180,Male,37,31-40,Hyderabad,Telangana,South,Corporate,2024-01-09
C04181,Customer 04181,Male,37,31-40,Bhubaneswar,Odisha,East,Corporate,2023-11-02
C04182,Customer 04182,Female,35,31-40,Mumbai,Maharashtra,West,Consumer,2022-05-29
C04183,Customer 04183,Female,24,21-30,Kochi,Kerala,South,Consumer,2023-08-31
C04184,Customer 04184,Male,47,41-50,Chennai,Tamil Nadu,South,Consumer,2022-10-05
C04185,Customer 04185,Male,33,31-40,Jaipur,Rajasthan,North,Small Business,2024-07-25
C04186,Customer 04186,Male,37,31-40,Bhubaneswar,Odisha,East,Small Business,2023-03-02
C04187,Customer 04187,Male,40,31-40,Lucknow,Uttar Pradesh,North,Consumer,2024-07-12
C04188,Customer 04188,Female,55,51-60,Pune,Maharashtra,West,Consumer,2022-03-08
C04189,Customer 04189,Male,57,51-60,Patna,Bihar,East,Small Business,2024-02-21
C04190,Customer 04190,Male,26,21-30,Jaipur,Rajasthan,North,Corporate,2024-09-24
C04191,Customer 04191,Female,25,21-30,Ahmedabad,Gujarat,West,Small Business,2023-06-24
C04192,Customer 04192,Male,40,31-40,Hyderabad,Telangana,South,Consumer,2023-10-15
C04193,Customer 04193,Male,35,31-40,Jaipur,Rajasthan,North,Corporate,2024-01-21
C04194,Customer 04194,Male,31,31-40,Jaipur,Rajasthan,North,Corporate,2025-06-02
C04195,Customer 04195,Female,46,41-50,Kolkata,West Bengal,East,Small Business,2023-01-07
C04196,Customer 04196,Female,31,31-40,Ahmedabad,Gujarat,West,Consumer,2023-02-16
C04197,Customer 04197,Male,60,51-60,Bengaluru,Karnataka,South,Consumer,2022-01-20
C04198,Customer 04198,Male,29,21-30,Bengaluru,Karnataka,South,Small Business,2024-04-01
C04199,Customer 04199,Male,34,31-40,Lucknow,Uttar Pradesh,North,Consumer,2023-04-16
C04200,Customer 04200,Male,33,31-40,Delhi,Delhi,North,Small Business,2024-04-16
C04201,Customer 04201,Female,25,21-30,Ahmedabad,Gujarat,West,Corporate,2022-09-09
C04202,Customer 04202,Female,44,41-50,Pune,Maharashtra,West,Consumer,2024-06-15
C04203,Customer 04203,Male,51,51-60,Pune,Maharashtra,West,Corporate,2025-06-03
C04204,Customer 04204,Female,36,31-40,Ranchi,Jharkhand,East,Corporate,2022-04-27
C04205,Customer 04205,Female,44,41-50,Chennai,Tamil Nadu,South,Consumer,2022-04-25
C04206,Customer 04206,Male,35,31-40,Chandigarh,Chandigarh,North,Corporate,2025-04-06
C04207,Customer 04207,Female,31,31-40,Kolkata,West Bengal,East,Consumer,2022-03-01
C04208,Customer 04208,Female,29,21-30,Hyderabad,Telangana,South,Consumer,2022-09-18
C04209,Customer 04209,Female,25,21-30,Bhubaneswar,Odisha,East,Corporate,2022-02-03
C04210,Customer 04210,Female,31,31-40,Chandigarh,Chandigarh,North,Consumer,2022-09-29
C04211,Customer 04211,Male,44,41-50,Bhubaneswar,Odisha,East,Consumer,2024-06-18
C04212,Customer 04212,Female,55,51-60,Pune,Maharashtra,West,Small Business,2022-07-28
C04213,Customer 04213,Female,41,41-50,Surat,Gujarat,West,Small Business,2024-04-27
C04214,Customer 04214,Male,37,31-40,Lucknow,Uttar Pradesh,North,Consumer,2024-03-02
C04215,Customer 04215,Male,55,51-60,Ranchi,Jharkhand,East,Small Business,2022-11-12
C04216,Customer 04216,Male,42,41-50,Surat,Gujarat,West,Corporate,2022-05-12
C04217,Customer 04217,Male,41,41-50,Chennai,Tamil Nadu,South,Corporate,2022-03-24
C04218,Customer 04218,Female,46,41-50,Patna,Bihar,East,Corporate,2023-08-01
C04219,Customer 04219,Male,36,31-40,Kolkata,West Bengal,East,Small Business,2023-05-26
C04220,Customer 04220,Female,57,51-60,Hyderabad,Telangana,South,Consumer,2023-01-17
C04221,Customer 04221,Male,26,21-30,Lucknow,Uttar Pradesh,North,Consumer,2022-04-07
C04222,Customer 04222,Female,53,51-60,Lucknow,Uttar Pradesh,North,Consumer,2023-04-28
C04223,Customer 04223,Female,60,51-60,Ranchi,Jharkhand,East,Consumer,2022-06-01
C04224,Customer 04224,Male,52,51-60,Ahmedabad,Gujarat,West,Small Business,2022-03-15
C04225,Customer 04225,Male,43,41-50,Kochi,Kerala,South,Consumer,2025-04-18
C04226,Customer 04226,Female,32,31-40,Kolkata,West Bengal,East,Corporate,2023-10-14
C04227,Customer 04227,Female,27,21-30,Lucknow,Uttar Pradesh,North,Consumer,2022-12-26
C04228,Customer 04228,Female,45,41-50,Bengaluru,Karnataka,South,Corporate,2023-06-06
C04229,Customer 04229,Male,56,51-60,Kochi,Kerala,South,Small Business,2023-01-08
C04230,Customer 04230,Male,44,41-50,Chennai,Tamil Nadu,South,Small Business,2022-11-03
C04231,Customer 04231,Male,45,41-50,Bengaluru,Karnataka,South,Consumer,2024-02-11
C04232,Customer 04232,Female,58,51-60,Patna,Bihar,East,Corporate,2024-02-23
C04233,Customer 04233,Male,21,21-30,Hyderabad,Telangana,South,Corporate,2025-01-10
C04234,Customer 04234,Male,39,31-40,Hyderabad,Telangana,South,Small Business,2023-09-11
C04235,Customer 04235,Male,40,31-40,Ahmedabad,Gujarat,West,Corporate,2024-11-28
C04236,Customer 04236,Female,21,21-30,Surat,Gujarat,West,Small Business,2024-08-09
C04237,Customer 04237,Male,21,21-30,Delhi,Delhi,North,Small Business,2025-06-11
C04238,Customer 04238,Female,25,21-30,Mumbai,Maharashtra,West,Corporate,2023-10-04
C04239,Customer 04239,Female,52,51-60,Hyderabad,Telangana,South,Small Business,2025-07-01
C04240,Customer 04240,Female,48,41-50,Chennai,Tamil Nadu,South,Corporate,2023-03-05
C04241,Customer 04241,Female,47,41-50,Chennai,Tamil Nadu,South,Consumer,2023-07-03
C04242,Customer 04242,Female,52,51-60,Chennai,Tamil Nadu,South,Small Business,2023-10-16
C04243,Customer 04243,Male,43,41-50,Chennai,Tamil Nadu,South,Corporate,2022-11-11
C04244,Customer 04244,Female,26,21-30,Delhi,Delhi,North,Small Business,2023-12-17
C04245,Customer 04245,Male,59,51-60,Chandigarh,Chandigarh,North,Consumer,2022-02-26
C04246,Customer 04246,Male,30,21-30,Ranchi,Jharkhand,East,Corporate,2023-08-09
C04247,Customer 04247,Male,41,41-50,Lucknow,Uttar Pradesh,North,Small Business,2023-03-24
C04248,Customer 04248,Male,58,51-60,Jaipur,Rajasthan,North,Small Business,2023-10-09
C04249,Customer 04249,Male,48,41-50,Mumbai,Maharashtra,West,Consumer,2024-08-06
C04250,Customer 04250,Female,32,31-40,Bengaluru,Karnataka,South,Corporate,2023-08-31
C04251,Customer 04251,Male,48,41-50,Chennai,Tamil Nadu,South,Small Business,2022-06-05
C04252,Customer 04252,Female,60,51-60,Patna,Bihar,East,Corporate,2022-02-25
C04253,Customer 04253,Male,33,31-40,Patna,Bihar,East,Consumer,2022-08-08
C04254,Customer 04254,Male,23,21-30,Kochi,Kerala,South,Small Business,2025-03-21
C04255,Customer 04255,Male,25,21-30,Kochi,Kerala,South,Corporate,2022-06-21
C04256,Customer 04256,Male,27,21-30,Chennai,Tamil Nadu,South,Consumer,2022-06-06
C04257,Customer 04257,Female,53,51-60,Ranchi,Jharkhand,East,Corporate,2022-08-19
C04258,Customer 04258,Male,48,41-50,Ranchi,Jharkhand,East,Corporate,2024-05-04
C04259,Customer 04259,Female,40,31-40,Surat,Gujarat,West,Consumer,2022-08-01
C04260,Customer 04260,Female,37,31-40,Lucknow,Uttar Pradesh,North,Corporate,2025-01-05
C04261,Customer 04261,Female,40,31-40,Jaipur,Rajasthan,North,Small Business,2022-10-01
C04262,Customer 04262,Male,45,41-50,Delhi,Delhi,North,Consumer,2025-03-13
C04263,Customer 04263,Female,54,51-60,Surat,Gujarat,West,Small Business,2023-05-16
C04264,Customer 04264,Female,45,41-50,Patna,Bihar,East,Corporate,2024-04-02
C04265,Customer 04265,Female,40,31-40,Bhubaneswar,Odisha,East,Corporate,2022-09-01
C04266,Customer 04266,Male,34,31-40,Pune,Maharashtra,West,Small Business,2023-01-05
C04267,Customer 04267,Male,48,41-50,Lucknow,Uttar Pradesh,North,Consumer,2023-01-02
C04268,Customer 04268,Male,32,31-40,Chandigarh,Chandigarh,North,Consumer,2023-09-18
C04269,Customer 04269,Male,39,31-40,Chandigarh,Chandigarh,North,Consumer,2025-06-06
C04270,Customer 04270,Male,28,21-30,Kolkata,West Bengal,East,Small Business,2024-09-21
C04271,Customer 04271,Male,51,51-60,Lucknow,Uttar Pradesh,North,Corporate,2024-07-03
C04272,Customer 04272,Female,58,51-60,Bengaluru,Karnataka,South,Corporate,2025-05-01
C04273,Customer 04273,Male,31,31-40,Kolkata,West Bengal,East,Corporate,2023-02-12
C04274,Customer 04274,Male,24,21-30,Lucknow,Uttar Pradesh,North,Consumer,2024-06-03
C04275,Customer 04275,Female,22,21-30,Pune,Maharashtra,West,Corporate,2022-12-11
C04276,Customer 04276,Male,21,21-30,Delhi,Delhi,North,Small Business,2023-02-07
C04277,Customer 04277,Female,33,31-40,Chennai,Tamil Nadu,South,Corporate,2024-03-22
C04278,Customer 04278,Male,21,21-30,Hyderabad,Telangana,South,Small Business,2025-07-17
C04279,Customer 04279,Female,32,31-40,Jaipur,Rajasthan,North,Small Business,2023-05-16
C04280,Customer 04280,Male,43,41-50,Kochi,Kerala,South,Corporate,2022-11-28
C04281,Customer 04281,Male,57,51-60,Pune,Maharashtra,West,Corporate,2022-05-08
C04282,Customer 04282,Female,46,41-50,Jaipur,Rajasthan,North,Corporate,2024-06-04
C04283,Customer 04283,Female,48,41-50,Chennai,Tamil Nadu,South,Consumer,2023-04-11
C04284,Customer 04284,Male,53,51-60,Chennai,Tamil Nadu,South,Corporate,2024-02-29
C04285,Customer 04285,Male,51,51-60,Hyderabad,Telangana,South,Small Business,2022-06-20
C04286,Customer 04286,Male,55,51-60,Patna,Bihar,East,Small Business,2022-12-29
C04287,Customer 04287,Female,27,21-30,Mumbai,Maharashtra,West,Consumer,2024-06-07
C04288,Customer 04288,Male,21,21-30,Bhubaneswar,Odisha,East,Consumer,2023-01-24
C04289,Customer 04289,Male,33,31-40,Bengaluru,Karnataka,South,Consumer,2025-05-31
C04290,Customer 04290,Male,55,51-60,Bengaluru,Karnataka,South,Corporate,2023-04-04
C04291,Customer 04291,Male,50,41-50,Ranchi,Jharkhand,East,Corporate,2025-05-13
C04292,Customer 04292,Female,41,41-50,Chandigarh,Chandigarh,North,Corporate,2022-02-10
C04293,Customer 04293,Female,52,51-60,Mumbai,Maharashtra,West,Small Business,2022-07-14
C04294,Customer 04294,Female,44,41-50,Jaipur,Rajasthan,North,Corporate,2022-12-09
C04295,Customer 04295,Male,38,31-40,Delhi,Delhi,North,Consumer,2022-06-03
C04296,Customer 04296,Female,59,51-60,Bengaluru,Karnataka,South,Small Business,2024-04-19
C04297,Customer 04297,Female,53,51-60,Lucknow,Uttar Pradesh,North,Corporate,2022-08-15
C04298,Customer 04298,Female,58,51-60,Ranchi,Jharkhand,East,Corporate,2023-05-21
C04299,Customer 04299,Female,52,51-60,Bhubaneswar,Odisha,East,Consumer,2022-02-04
C04300,Customer 04300,Female,45,41-50,Bengaluru,Karnataka,South,Small Business,2024-03-28
C04301,Customer 04301,Male,60,51-60,Mumbai,Maharashtra,West,Small Business,2025-03-23
C04302,Customer 04302,Male,41,41-50,Lucknow,Uttar Pradesh,North,Small Business,2023-02-23
C04303,Customer 04303,Male,42,41-50,Bhubaneswar,Odisha,East,Small Business,2023-04-03
C04304,Customer 04304,Female,21,21-30,Kolkata,West Bengal,East,Small Business,2023-09-03
C04305,Customer 04305,Male,49,41-50,Bengaluru,Karnataka,South,Small Business,2025-07-08
C04306,Customer 04306,Male,60,51-60,Surat,Gujarat,West,Small Business,2024-05-16
C04307,Customer 04307,Male,49,41-50,Bhubaneswar,Odisha,East,Corporate,2025-06-21
C04308,Customer 04308,Female,22,21-30,Mumbai,Maharashtra,West,Corporate,2022-01-08
C04309,Customer 04309,Female,52,51-60,Ahmedabad,Gujarat,West,Small Business,2025-02-19
C04310,Customer 04310,Female,46,41-50,Ranchi,Jharkhand,East,Small Business,2022-06-04
C04311,Customer 04311,Female,28,21-30,Hyderabad,Telangana,South,Small Business,2024-08-04
C04312,Customer 04312,Female,50,41-50,Kochi,Kerala,South,Corporate,2025-07-14
C04313,Customer 04313,Male,46,41-50,Patna,Bihar,East,Corporate,2025-04-05
C04314,Customer 04314,Female,39,31-40,Lucknow,Uttar Pradesh,North,Corporate,2024-12-29
C04315,Customer 04315,Female,39,31-40,Delhi,Delhi,North,Small Business,2022-01-21
C04316,Customer 04316,Female,21,21-30,Chennai,Tamil Nadu,South,Small Business,2022-12-17
C04317,Customer 04317,Male,31,31-40,Lucknow,Uttar Pradesh,North,Small Business,2022-10-13
C04318,Customer 04318,Male,46,41-50,Ahmedabad,Gujarat,West,Small Business,2023-08-17
C04319,Customer 04319,Male,55,51-60,Jaipur,Rajasthan,North,Consumer,2023-07-09
C04320,Customer 04320,Female,54,51-60,Kolkata,West Bengal,East,Consumer,2023-03-30
C04321,Customer 04321,Male,23,21-30,Delhi,Delhi,North,Small Business,2024-09-15
C04322,Customer 04322,Male,60,51-60,Bhubaneswar,Odisha,East,Corporate,2024-08-28
C04323,Customer 04323,Male,56,51-60,Kolkata,West Bengal,East,Small Business,2024-05-01
C04324,Customer 04324,Male,30,21-30,Kochi,Kerala,South,Small Business,2024-01-29
C04325,Customer 04325,Male,21,21-30,Delhi,Delhi,North,Consumer,2022-04-05
C04326,Customer 04326,Female,46,41-50,Ranchi,Jharkhand,East,Consumer,2025-04-27
C04327,Customer 04327,Male,22,21-30,Ranchi,Jharkhand,East,Small Business,2024-03-04
C04328,Customer 04328,Male,56,51-60,Bhubaneswar,Odisha,East,Small Business,2025-03-03
C04329,Customer 04329,Female,55,51-60,Hyderabad,Telangana,South,Corporate,2023-08-26
C04330,Customer 04330,Female,57,51-60,Pune,Maharashtra,West,Consumer,2024-10-26
C04331,Customer 04331,Male,28,21-30,Surat,Gujarat,West,Corporate,2024-08-24
C04332,Customer 04332,Female,23,21-30,Chennai,Tamil Nadu,South,Consumer,2022-08-20
C04333,Customer 04333,Female,44,41-50,Hyderabad,Telangana,South,Corporate,2022-09-09
C04334,Customer 04334,Male,38,31-40,Jaipur,Rajasthan,North,Small Business,2023-09-13
C04335,Customer 04335,Male,59,51-60,Kolkata,West Bengal,East,Corporate,2022-03-30
C04336,Customer 04336,Female,38,31-40,Mumbai,Maharashtra,West,Corporate,2023-12-04
C04337,Customer 04337,Female,44,41-50,Pune,Maharashtra,West,Consumer,2023-09-09
C04338,Customer 04338,Female,30,21-30,Jaipur,Rajasthan,North,Consumer,2022-08-28
C04339,Customer 04339,Female,60,51-60,Patna,Bihar,East,Corporate,2024-06-12
C04340,Customer 04340,Male,41,41-50,Surat,Gujarat,West,Small Business,2023-01-01
C04341,Customer 04341,Male,28,21-30,Chennai,Tamil Nadu,South,Corporate,2022-01-17
C04342,Customer 04342,Male,34,31-40,Patna,Bihar,East,Corporate,2023-08-27
C04343,Customer 04343,Male,37,31-40,Ahmedabad,Gujarat,West,Small Business,2023-09-22
C04344,Customer 04344,Female,40,31-40,Surat,Gujarat,West,Corporate,2023-08-14
C04345,Customer 04345,Female,59,51-60,Patna,Bihar,East,Consumer,2025-05-15
C04346,Customer 04346,Female,31,31-40,Pune,Maharashtra,West,Consumer,2023-04-20
C04347,Customer 04347,Female,21,21-30,Kochi,Kerala,South,Small Business,2022-06-17
C04348,Customer 04348,Female,42,41-50,Bengaluru,Karnataka,South,Corporate,2023-12-14
C04349,Customer 04349,Male,31,31-40,Hyderabad,Telangana,South,Corporate,2025-05-05
C04350,Customer 04350,Male,36,31-40,Jaipur,Rajasthan,North,Small Business,2022-09-19
C04351,Customer 04351,Male,25,21-30,Chennai,Tamil Nadu,South,Corporate,2024-08-25
C04352,Customer 04352,Male,50,41-50,Kochi,Kerala,South,Small Business,2022-11-18
C04353,Customer 04353,Female,55,51-60,Pune,Maharashtra,West,Corporate,2025-01-22
C04354,Customer 04354,Female,56,51-60,Kochi,Kerala,South,Small Business,2023-10-20
C04355,Customer 04355,Male,32,31-40,Patna,Bihar,East,Corporate,2023-09-18
C04356,Customer 04356,Female,29,21-30,Chennai,Tamil Nadu,South,Corporate,2023-10-03
C04357,Customer 04357,Female,28,21-30,Lucknow,Uttar Pradesh,North,Corporate,2023-11-03
C04358,Customer 04358,Female,60,51-60,Surat,Gujarat,West,Consumer,2024-07-07
C04359,Customer 04359,Male,42,41-50,Chandigarh,Chandigarh,North,Consumer,2024-12-19
C04360,Customer 04360,Female,40,31-40,Jaipur,Rajasthan,North,Corporate,2022-07-09
C04361,Customer 04361,Female,50,41-50,Kolkata,West Bengal,East,Small Business,2023-07-06
C04362,Customer 04362,Male,44,41-50,Surat,Gujarat,West,Corporate,2023-03-16
C04363,Customer 04363,Male,40,31-40,Ranchi,Jharkhand,East,Small Business,2024-12-19
C04364,Customer 04364,Male,50,41-50,Bhubaneswar,Odisha,East,Consumer,2023-12-31
C04365,Customer 04365,Female,33,31-40,Bhubaneswar,Odisha,East,Small Business,2023-08-16
C04366,Customer 04366,Male,42,41-50,Hyderabad,Telangana,South,Consumer,2024-09-27
C04367,Customer 04367,Male,33,31-40,Delhi,Delhi,North,Consumer,2024-12-21
C04368,Customer 04368,Female,26,21-30,Hyderabad,Telangana,South,Consumer,2023-02-16
C04369,Customer 04369,Male,48,41-50,Kochi,Kerala,South,Consumer,2024-11-16
C04370,Customer 04370,Male,56,51-60,Surat,Gujarat,West,Consumer,2023-12-24
C04371,Customer 04371,Female,55,51-60,Chennai,Tamil Nadu,South,Small Business,2023-02-07
C04372,Customer 04372,Female,56,51-60,Delhi,Delhi,North,Small Business,2023-01-12
C04373,Customer 04373,Male,41,41-50,Patna,Bihar,East,Consumer,2022-09-08
C04374,Customer 04374,Female,47,41-50,Ahmedabad,Gujarat,West,Small Business,2023-03-12
C04375,Customer 04375,Male,51,51-60,Patna,Bihar,East,Corporate,2022-04-13
C04376,Customer 04376,Male,43,41-50,Lucknow,Uttar Pradesh,North,Small Business,2024-09-06
C04377,Customer 04377,Female,38,31-40,Hyderabad,Telangana,South,Small Business,2024-10-13
C04378,Customer 04378,Female,49,41-50,Chandigarh,Chandigarh,North,Corporate,2024-02-15
C04379,Customer 04379,Female,58,51-60,Chennai,Tamil Nadu,South,Consumer,2023-09-28
C04380,Customer 04380,Male,46,41-50,Kochi,Kerala,South,Consumer,2025-04-18
C04381,Customer 04381,Female,48,41-50,Kolkata,West Bengal,East,Small Business,2023-12-01
C04382,Customer 04382,Male,23,21-30,Jaipur,Rajasthan,North,Consumer,2022-04-09
C04383,Customer 04383,Female,35,31-40,Patna,Bihar,East,Corporate,2022-02-04
C04384,Customer 04384,Female,31,31-40,Kochi,Kerala,South,Consumer,2022-06-24
C04385,Customer 04385,Female,39,31-40,Pune,Maharashtra,West,Consumer,2023-08-27
C04386,Customer 04386,Female,53,51-60,Mumbai,Maharashtra,West,Corporate,2023-09-02
C04387,Customer 04387,Female,49,41-50,Ahmedabad,Gujarat,West,Consumer,2025-02-23
C04388,Customer 04388,Female,42,41-50,Ranchi,Jharkhand,East,Corporate,2025-03-15
C04389,Customer 04389,Male,54,51-60,Ranchi,Jharkhand,East,Corporate,2022-08-16
C04390,Customer 04390,Male,30,21-30,Jaipur,Rajasthan,North,Consumer,2024-06-22
C04391,Customer 04391,Male,29,21-30,Ahmedabad,Gujarat,West,Small Business,2024-12-19
C04392,Customer 04392,Female,26,21-30,Hyderabad,Telangana,South,Small Business,2022-01-30
C04393,Customer 04393,Female,37,31-40,Patna,Bihar,East,Small Business,2022-07-22
C04394,Customer 04394,Male,48,41-50,Kolkata,West Bengal,East,Small Business,2022-11-24
C04395,Customer 04395,Male,26,21-30,Mumbai,Maharashtra,West,Consumer,2023-03-22
C04396,Customer 04396,Male,54,51-60,Delhi,Delhi,North,Corporate,2023-12-01
C04397,Customer 04397,Male,26,21-30,Pune,Maharashtra,West,Corporate,2023-05-19
C04398,Customer 04398,Male,38,31-40,Surat,Gujarat,West,Small Business,2025-03-26
C04399,Customer 04399,Male,60,51-60,Delhi,Delhi,North,Corporate,2025-03-19
C04400,Customer 04400,Male,49,41-50,Chennai,Tamil Nadu,South,Small Business,2025-03-27
C04401,Customer 04401,Female,41,41-50,Jaipur,Rajasthan,North,Consumer,2025-02-21
C04402,Customer 04402,Female,58,51-60,Pune,Maharashtra,West,Consumer,2023-03-29
C04403,Customer 04403,Male,41,41-50,Ranchi,Jharkhand,East,Corporate,2024-10-30
C04404,Customer 04404,Female,21,21-30,Delhi,Delhi,North,Corporate,2023-10-15
C04405,Customer 04405,Male,46,41-50,Hyderabad,Telangana,South,Consumer,2022-09-06
C04406,Customer 04406,Male,58,51-60,Lucknow,Uttar Pradesh,North,Consumer,2022-01-22
C04407,Customer 04407,Male,57,51-60,Kochi,Kerala,South,Small Business,2023-09-22
C04408,Customer 04408,Female,43,41-50,Bengaluru,Karnataka,South,Consumer,2023-05-14
C04409,Customer 04409,Male,57,51-60,Pune,Maharashtra,West,Consumer,2024-12-23
C04410,Customer 04410,Male,53,51-60,Patna,Bihar,East,Corporate,2022-09-09
C04411,Customer 04411,Female,41,41-50,Jaipur,Rajasthan,North,Consumer,2022-10-05
C04412,Customer 04412,Male,50,41-50,Bhubaneswar,Odisha,East,Consumer,2024-03-31
C04413,Customer 04413,Female,54,51-60,Chandigarh,Chandigarh,North,Small Business,2023-02-26
C04414,Customer 04414,Female,29,21-30,Mumbai,Maharashtra,West,Small Business,2022-06-11
C04415,Customer 04415,Female,53,51-60,Hyderabad,Telangana,South,Corporate,2025-05-12
C04416,Customer 04416,Male,34,31-40,Mumbai,Maharashtra,West,Small Business,2023-05-11
C04417,Customer 04417,Male,42,41-50,Jaipur,Rajasthan,North,Corporate,2023-10-21
C04418,Customer 04418,Male,44,41-50,Pune,Maharashtra,West,Corporate,2023-08-21
C04419,Customer 04419,Male,26,21-30,Ahmedabad,Gujarat,West,Corporate,2023-11-16
C04420,Customer 04420,Female,36,31-40,Mumbai,Maharashtra,West,Corporate,2024-09-25
C04421,Customer 04421,Female,43,41-50,Chennai,Tamil Nadu,South,Consumer,2022-07-27
C04422,Customer 04422,Female,36,31-40,Mumbai,Maharashtra,West,Small Business,2025-06-10
C04423,Customer 04423,Male,53,51-60,Jaipur,Rajasthan,North,Consumer,2024-08-23
C04424,Customer 04424,Male,50,41-50,Surat,Gujarat,West,Consumer,2022-11-21
C04425,Customer 04425,Female,47,41-50,Pune,Maharashtra,West,Consumer,2023-12-04
C04426,Customer 04426,Female,32,31-40,Kochi,Kerala,South,Corporate,2022-06-18
C04427,Customer 04427,Female,37,31-40,Mumbai,Maharashtra,West,Consumer,2024-04-24
C04428,Customer 04428,Male,27,21-30,Chandigarh,Chandigarh,North,Corporate,2024-08-03
C04429,Customer 04429,Male,42,41-50,Patna,Bihar,East,Corporate,2025-07-24
C04430,Customer 04430,Female,37,31-40,Bhubaneswar,Odisha,East,Consumer,2024-02-04
C04431,Customer 04431,Male,33,31-40,Lucknow,Uttar Pradesh,North,Corporate,2025-02-21
C04432,Customer 04432,Male,52,51-60,Delhi,Delhi,North,Consumer,2022-01-17
C04433,Customer 04433,Male,52,51-60,Kolkata,West Bengal,East,Small Business,2023-03-04
C04434,Customer 04434,Male,53,51-60,Pune,Maharashtra,West,Consumer,2023-06-24
C04435,Customer 04435,Female,50,41-50,Kolkata,West Bengal,East,Consumer,2024-12-19
C04436,Customer 04436,Female,34,31-40,Kochi,Kerala,South,Consumer,2025-03-24
C04437,Customer 04437,Male,47,41-50,Pune,Maharashtra,West,Small Business,2024-04-03
C04438,Customer 04438,Male,57,51-60,Kolkata,West Bengal,East,Consumer,2022-12-21
C04439,Customer 04439,Female,38,31-40,Kolkata,West Bengal,East,Small Business,2023-12-20
C04440,Customer 04440,Male,42,41-50,Lucknow,Uttar Pradesh,North,Corporate,2024-07-18
C04441,Customer 04441,Female,28,21-30,Bengaluru,Karnataka,South,Small Business,2023-06-29
C04442,Customer 04442,Male,48,41-50,Hyderabad,Telangana,South,Corporate,2025-02-20
C04443,Customer 04443,Male,45,41-50,Lucknow,Uttar Pradesh,North,Small Business,2022-03-13
C04444,Customer 04444,Female,34,31-40,Hyderabad,Telangana,South,Corporate,2024-10-28
C04445,Customer 04445,Female,34,31-40,Chandigarh,Chandigarh,North,Corporate,2024-08-20
C04446,Customer 04446,Female,53,51-60,Ahmedabad,Gujarat,West,Consumer,2023-04-25
C04447,Customer 04447,Female,39,31-40,Hyderabad,Telangana,South,Small Business,2024-07-09
C04448,Customer 04448,Female,27,21-30,Delhi,Delhi,North,Consumer,2022-01-18
C04449,Customer 04449,Male,43,41-50,Delhi,Delhi,North,Consumer,2024-11-15
C04450,Customer 04450,Male,32,31-40,Pune,Maharashtra,West,Corporate,2022-09-19
C04451,Customer 04451,Male,43,41-50,Mumbai,Maharashtra,West,Small Business,2022-12-08
C04452,Customer 04452,Female,25,21-30,Jaipur,Rajasthan,North,Corporate,2022-12-15
C04453,Customer 04453,Male,60,51-60,Kochi,Kerala,South,Consumer,2023-12-31
C04454,Customer 04454,Female,29,21-30,Ahmedabad,Gujarat,West,Consumer,2023-07-04
C04455,Customer 04455,Male,22,21-30,Kolkata,West Bengal,East,Consumer,2024-10-10
C04456,Customer 04456,Male,57,51-60,Kolkata,West Bengal,East,Consumer,2022-11-23
C04457,Customer 04457,Female,36,31-40,Kolkata,West Bengal,East,Corporate,2022-06-04
C04458,Customer 04458,Female,60,51-60,Jaipur,Rajasthan,North,Small Business,2022-07-22
C04459,Customer 04459,Male,38,31-40,Bengaluru,Karnataka,South,Corporate,2024-08-11
C04460,Customer 04460,Female,30,21-30,Delhi,Delhi,North,Corporate,2024-03-09
C04461,Customer 04461,Female,34,31-40,Kolkata,West Bengal,East,Consumer,2022-12-30
C04462,Customer 04462,Male,52,51-60,Ranchi,Jharkhand,East,Small Business,2022-10-23
C04463,Customer 04463,Female,21,21-30,Chennai,Tamil Nadu,South,Small Business,2023-03-15
C04464,Customer 04464,Female,27,21-30,Chennai,Tamil Nadu,South,Consumer,2024-12-28
C04465,Customer 04465,Male,33,31-40,Jaipur,Rajasthan,North,Small Business,2024-02-23
C04466,Customer 04466,Male,45,41-50,Pune,Maharashtra,West,Consumer,2022-04-13
C04467,Customer 04467,Male,30,21-30,Surat,Gujarat,West,Corporate,2024-03-28
C04468,Customer 04468,Male,24,21-30,Ahmedabad,Gujarat,West,Consumer,2022-03-13
C04469,Customer 04469,Female,36,31-40,Jaipur,Rajasthan,North,Small Business,2024-04-28
C04470,Customer 04470,Male,57,51-60,Bengaluru,Karnataka,South,Small Business,2023-02-07
C04471,Customer 04471,Male,21,21-30,Pune,Maharashtra,West,Small Business,2024-08-10
C04472,Customer 04472,Female,22,21-30,Surat,Gujarat,West,Consumer,2022-07-16
C04473,Customer 04473,Male,29,21-30,Surat,Gujarat,West,Small Business,2025-02-27
C04474,Customer 04474,Male,50,41-50,Delhi,Delhi,North,Consumer,2025-06-14
C04475,Customer 04475,Male,33,31-40,Ahmedabad,Gujarat,West,Consumer,2024-07-13
C04476,Customer 04476,Male,26,21-30,Chennai,Tamil Nadu,South,Consumer,2023-02-23
C04477,Customer 04477,Male,53,51-60,Mumbai,Maharashtra,West,Small Business,2022-06-04
C04478,Customer 04478,Female,30,21-30,Mumbai,Maharashtra,West,Consumer,2022-09-03
C04479,Customer 04479,Female,41,41-50,Delhi,Delhi,North,Corporate,2023-07-27
C04480,Customer 04480,Male,52,51-60,Pune,Maharashtra,West,Consumer,2025-03-12
C04481,Customer 04481,Male,51,51-60,Chennai,Tamil Nadu,South,Consumer,2024-07-20
C04482,Customer 04482,Female,36,31-40,Kolkata,West Bengal,East,Small Business,2022-04-21
C04483,Customer 04483,Male,40,31-40,Bengaluru,Karnataka,South,Small Business,2022-09-27
C04484,Customer 04484,Female,30,21-30,Chennai,Tamil Nadu,South,Consumer,2024-03-24
C04485,Customer 04485,Male,42,41-50,Delhi,Delhi,North,Consumer,2023-03-16
C04486,Customer 04486,Male,30,21-30,Kolkata,West Bengal,East,Corporate,2022-02-04
C04487,Customer 04487,Female,49,41-50,Kolkata,West Bengal,East,Small Business,2023-01-05
C04488,Customer 04488,Male,34,31-40,Mumbai,Maharashtra,West,Corporate,2023-01-10
C04489,Customer 04489,Female,41,41-50,Pune,Maharashtra,West,Consumer,2023-04-06
C04490,Customer 04490,Female,47,41-50,Bengaluru,Karnataka,South,Consumer,2024-08-11
C04491,Customer 04491,Male,29,21-30,Bhubaneswar,Odisha,East,Small Business,2023-12-08
C04492,Customer 04492,Female,28,21-30,Ranchi,Jharkhand,East,Small Business,2022-03-17
C04493,Customer 04493,Male,27,21-30,Bengaluru,Karnataka,South,Corporate,2022-08-15
C04494,Customer 04494,Male,31,31-40,Patna,Bihar,East,Small Business,2025-01-11
C04495,Customer 04495,Female,59,51-60,Mumbai,Maharashtra,West,Corporate,2024-04-27
C04496,Customer 04496,Female,56,51-60,Kolkata,West Bengal,East,Small Business,2024-11-18
C04497,Customer 04497,Male,34,31-40,Pune,Maharashtra,West,Small Business,2024-02-16
C04498,Customer 04498,Male,53,51-60,Jaipur,Rajasthan,North,Corporate,2023-07-06
C04499,Customer 04499,Female,37,31-40,Bhubaneswar,Odisha,East,Consumer,2024-11-12
C04500,Customer 04500,Female,56,51-60,Kochi,Kerala,South,Consumer,2025-03-02
C04501,Customer 04501,Male,52,51-60,Lucknow,Uttar Pradesh,North,Small Business,2025-06-23
C04502,Customer 04502,Male,48,41-50,Bengaluru,Karnataka,South,Small Business,2022-03-31
C04503,Customer 04503,Female,57,51-60,Jaipur,Rajasthan,North,Corporate,2024-12-19
C04504,Customer 04504,Female,59,51-60,Hyderabad,Telangana,South,Corporate,2025-07-04
C04505,Customer 04505,Male,41,41-50,Bengaluru,Karnataka,South,Consumer,2023-07-25
C04506,Customer 04506,Female,38,31-40,Kolkata,West Bengal,East,Small Business,2022-03-22
C04507,Customer 04507,Male,35,31-40,Chennai,Tamil Nadu,South,Corporate,2024-12-16
C04508,Customer 04508,Female,38,31-40,Pune,Maharashtra,West,Small Business,2023-01-19
C04509,Customer 04509,Male,31,31-40,Bengaluru,Karnataka,South,Consumer,2022-12-07
C04510,Customer 04510,Female,30,21-30,Hyderabad,Telangana,South,Consumer,2024-01-06
C04511,Customer 04511,Male,34,31-40,Patna,Bihar,East,Consumer,2022-01-05
C04512,Customer 04512,Male,22,21-30,Jaipur,Rajasthan,North,Corporate,2024-11-28
C04513,Customer 04513,Male,39,31-40,Mumbai,Maharashtra,West,Corporate,2024-04-05
C04514,Customer 04514,Male,58,51-60,Ahmedabad,Gujarat,West,Consumer,2025-06-07
C04515,Customer 04515,Male,54,51-60,Delhi,Delhi,North,Corporate,2025-03-16
C04516,Customer 04516,Male,37,31-40,Chandigarh,Chandigarh,North,Consumer,2024-04-11
C04517,Customer 04517,Male,58,51-60,Delhi,Delhi,North,Consumer,2024-02-27
C04518,Customer 04518,Male,29,21-30,Bengaluru,Karnataka,South,Corporate,2024-10-09
C04519,Customer 04519,Female,58,51-60,Hyderabad,Telangana,South,Corporate,2024-12-25
C04520,Customer 04520,Male,45,41-50,Ahmedabad,Gujarat,West,Consumer,2025-01-14
C04521,Customer 04521,Female,55,51-60,Patna,Bihar,East,Consumer,2025-01-26
C04522,Customer 04522,Female,37,31-40,Pune,Maharashtra,West,Small Business,2023-05-17
C04523,Customer 04523,Male,22,21-30,Jaipur,Rajasthan,North,Corporate,2025-04-22
C04524,Customer 04524,Male,36,31-40,Kolkata,West Bengal,East,Small Business,2022-09-01
C04525,Customer 04525,Male,49,41-50,Lucknow,Uttar Pradesh,North,Consumer,2022-07-16
C04526,Customer 04526,Female,26,21-30,Chandigarh,Chandigarh,North,Corporate,2025-05-22
C04527,Customer 04527,Female,42,41-50,Ranchi,Jharkhand,East,Corporate,2022-10-17
C04528,Customer 04528,Male,22,21-30,Bhubaneswar,Odisha,East,Consumer,2023-06-17
C04529,Customer 04529,Male,44,41-50,Delhi,Delhi,North,Consumer,2023-10-26
C04530,Customer 04530,Female,47,41-50,Kochi,Kerala,South,Small Business,2022-03-03
C04531,Customer 04531,Female,45,41-50,Ahmedabad,Gujarat,West,Corporate,2025-05-28
C04532,Customer 04532,Female,58,51-60,Kolkata,West Bengal,East,Corporate,2023-07-14
C04533,Customer 04533,Female,49,41-50,Mumbai,Maharashtra,West,Consumer,2022-04-20
C04534,Customer 04534,Male,56,51-60,Lucknow,Uttar Pradesh,North,Consumer,2023-07-01
C04535,Customer 04535,Male,55,51-60,Delhi,Delhi,North,Consumer,2024-11-04
C04536,Customer 04536,Male,35,31-40,Bengaluru,Karnataka,South,Corporate,2024-07-03
C04537,Customer 04537,Male,30,21-30,Bhubaneswar,Odisha,East,Small Business,2022-10-16
C04538,Customer 04538,Female,53,51-60,Jaipur,Rajasthan,North,Consumer,2024-10-14
C04539,Customer 04539,Female,29,21-30,Kolkata,West Bengal,East,Small Business,2023-04-11
C04540,Customer 04540,Male,47,41-50,Ranchi,Jharkhand,East,Small Business,2022-11-24
C04541,Customer 04541,Female,50,41-50,Kochi,Kerala,South,Consumer,2022-01-18
C04542,Customer 04542,Male,31,31-40,Bhubaneswar,Odisha,East,Corporate,2022-07-13
C04543,Customer 04543,Female,27,21-30,Bengaluru,Karnataka,South,Corporate,2022-08-26
C04544,Customer 04544,Male,32,31-40,Pune,Maharashtra,West,Corporate,2023-11-02
C04545,Customer 04545,Male,39,31-40,Ranchi,Jharkhand,East,Corporate,2024-03-25
C04546,Customer 04546,Male,24,21-30,Lucknow,Uttar Pradesh,North,Small Business,2025-05-17
C04547,Customer 04547,Male,24,21-30,Chennai,Tamil Nadu,South,Small Business,2024-05-23
C04548,Customer 04548,Male,24,21-30,Pune,Maharashtra,West,Consumer,2022-09-19
C04549,Customer 04549,Male,50,41-50,Kochi,Kerala,South,Consumer,2022-03-02
C04550,Customer 04550,Male,33,31-40,Chandigarh,Chandigarh,North,Consumer,2025-03-08
C04551,Customer 04551,Male,43,41-50,Pune,Maharashtra,West,Consumer,2022-09-14
C04552,Customer 04552,Female,55,51-60,Delhi,Delhi,North,Corporate,2024-02-06
C04553,Customer 04553,Female,48,41-50,Delhi,Delhi,North,Small Business,2023-10-28
C04554,Customer 04554,Female,40,31-40,Kochi,Kerala,South,Small Business,2022-04-05
C04555,Customer 04555,Male,30,21-30,Bhubaneswar,Odisha,East,Small Business,2024-05-08
C04556,Customer 04556,Female,45,41-50,Kochi,Kerala,South,Consumer,2022-08-08
C04557,Customer 04557,Female,36,31-40,Chandigarh,Chandigarh,North,Consumer,2024-01-20
C04558,Customer 04558,Male,40,31-40,Surat,Gujarat,West,Small Business,2022-11-01
C04559,Customer 04559,Male,43,41-50,Kolkata,West Bengal,East,Corporate,2024-05-13
C04560,Customer 04560,Female,47,41-50,Chandigarh,Chandigarh,North,Corporate,2022-12-13
C04561,Customer 04561,Female,27,21-30,Chennai,Tamil Nadu,South,Corporate,2022-09-16
C04562,Customer 04562,Male,46,41-50,Ahmedabad,Gujarat,West,Small Business,2022-01-08
C04563,Customer 04563,Female,45,41-50,Mumbai,Maharashtra,West,Small Business,2024-03-30
C04564,Customer 04564,Male,38,31-40,Bengaluru,Karnataka,South,Consumer,2025-06-26
C04565,Customer 04565,Female,55,51-60,Ahmedabad,Gujarat,West,Small Business,2024-11-11
C04566,Customer 04566,Female,51,51-60,Kolkata,West Bengal,East,Small Business,2022-06-14
C04567,Customer 04567,Male,34,31-40,Chennai,Tamil Nadu,South,Small Business,2022-01-31
C04568,Customer 04568,Female,27,21-30,Jaipur,Rajasthan,North,Corporate,2023-09-14
C04569,Customer 04569,Female,30,21-30,Surat,Gujarat,West,Consumer,2023-04-27
C04570,Customer 04570,Female,34,31-40,Patna,Bihar,East,Small Business,2022-04-20
C04571,Customer 04571,Female,45,41-50,Bhubaneswar,Odisha,East,Corporate,2022-11-09
C04572,Customer 04572,Male,26,21-30,Lucknow,Uttar Pradesh,North,Small Business,2024-06-05
C04573,Customer 04573,Female,31,31-40,Kolkata,West Bengal,East,Small Business,2023-06-10
C04574,Customer 04574,Male,46,41-50,Chennai,Tamil Nadu,South,Corporate,2023-07-21
C04575,Customer 04575,Male,28,21-30,Bhubaneswar,Odisha,East,Consumer,2025-06-08
C04576,Customer 04576,Male,55,51-60,Surat,Gujarat,West,Corporate,2022-06-14
C04577,Customer 04577,Female,36,31-40,Bengaluru,Karnataka,South,Consumer,2024-05-28
C04578,Customer 04578,Female,35,31-40,Kochi,Kerala,South,Small Business,2025-04-16
C04579,Customer 04579,Male,25,21-30,Bhubaneswar,Odisha,East,Corporate,2024-11-24
C04580,Customer 04580,Female,55,51-60,Kolkata,West Bengal,East,Consumer,2024-04-09
C04581,Customer 04581,Female,22,21-30,Mumbai,Maharashtra,West,Small Business,2022-07-21
C04582,Customer 04582,Male,32,31-40,Lucknow,Uttar Pradesh,North,Consumer,2022-11-26
C04583,Customer 04583,Female,33,31-40,Ranchi,Jharkhand,East,Corporate,2023-07-26
C04584,Customer 04584,Male,36,31-40,Chandigarh,Chandigarh,North,Consumer,2022-08-31
C04585,Customer 04585,Male,40,31-40,Mumbai,Maharashtra,West,Corporate,2024-12-17
C04586,Customer 04586,Male,36,31-40,Pune,Maharashtra,West,Small Business,2022-10-19
C04587,Customer 04587,Female,24,21-30,Lucknow,Uttar Pradesh,North,Consumer,2023-02-19
C04588,Customer 04588,Male,33,31-40,Chennai,Tamil Nadu,South,Consumer,2025-05-02
C04589,Customer 04589,Male,26,21-30,Ahmedabad,Gujarat,West,Consumer,2023-07-20
C04590,Customer 04590,Male,34,31-40,Jaipur,Rajasthan,North,Small Business,2024-08-30
C04591,Customer 04591,Male,27,21-30,Lucknow,Uttar Pradesh,North,Corporate,2024-10-13
C04592,Customer 04592,Female,56,51-60,Lucknow,Uttar Pradesh,North,Small Business,2022-04-04
C04593,Customer 04593,Female,30,21-30,Lucknow,Uttar Pradesh,North,Small Business,2025-06-17
C04594,Customer 04594,Female,27,21-30,Jaipur,Rajasthan,North,Corporate,2023-08-07
C04595,Customer 04595,Female,44,41-50,Ahmedabad,Gujarat,West,Consumer,2025-07-11
C04596,Customer 04596,Male,34,31-40,Lucknow,Uttar Pradesh,North,Small Business,2023-11-29
C04597,Customer 04597,Female,54,51-60,Kochi,Kerala,South,Consumer,2022-09-02
C04598,Customer 04598,Female,31,31-40,Delhi,Delhi,North,Corporate,2024-12-18
C04599,Customer 04599,Male,51,51-60,Ahmedabad,Gujarat,West,Consumer,2024-08-16
C04600,Customer 04600,Male,50,41-50,Jaipur,Rajasthan,North,Consumer,2024-04-30
C04601,Customer 04601,Female,22,21-30,Lucknow,Uttar Pradesh,North,Corporate,2024-11-14
C04602,Customer 04602,Female,30,21-30,Lucknow,Uttar Pradesh,North,Consumer,2023-02-20
C04603,Customer 04603,Female,51,51-60,Mumbai,Maharashtra,West,Small Business,2022-09-05
C04604,Customer 04604,Female,42,41-50,Hyderabad,Telangana,South,Consumer,2022-03-24
C04605,Customer 04605,Female,56,51-60,Ahmedabad,Gujarat,West,Consumer,2022-01-15
C04606,Customer 04606,Female,56,51-60,Chennai,Tamil Nadu,South,Consumer,2025-01-29
C04607,Customer 04607,Female,50,41-50,Ranchi,Jharkhand,East,Corporate,2022-03-06
C04608,Customer 04608,Male,37,31-40,Delhi,Delhi,North,Corporate,2023-08-24
C04609,Customer 04609,Male,34,31-40,Hyderabad,Telangana,South,Small Business,2023-01-17
C04610,Customer 04610,Male,46,41-50,Chennai,Tamil Nadu,South,Corporate,2022-03-19
C04611,Customer 04611,Female,56,51-60,Mumbai,Maharashtra,West,Small Business,2024-07-22
C04612,Customer 04612,Female,51,51-60,Kolkata,West Bengal,East,Consumer,2024-03-07
C04613,Customer 04613,Female,25,21-30,Ahmedabad,Gujarat,West,Small Business,2025-06-23
C04614,Customer 04614,Male,57,51-60,Lucknow,Uttar Pradesh,North,Small Business,2022-10-18
C04615,Customer 04615,Female,24,21-30,Chandigarh,Chandigarh,North,Corporate,2022-08-25
C04616,Customer 04616,Female,30,21-30,Pune,Maharashtra,West,Small Business,2022-05-29
C04617,Customer 04617,Female,21,21-30,Delhi,Delhi,North,Consumer,2023-02-09
C04618,Customer 04618,Male,54,51-60,Ranchi,Jharkhand,East,Small Business,2022-11-17
C04619,Customer 04619,Male,28,21-30,Bhubaneswar,Odisha,East,Corporate,2025-01-07
C04620,Customer 04620,Male,39,31-40,Kochi,Kerala,South,Corporate,2023-08-23
C04621,Customer 04621,Male,22,21-30,Chandigarh,Chandigarh,North,Consumer,2023-09-10
C04622,Customer 04622,Female,59,51-60,Lucknow,Uttar Pradesh,North,Consumer,2022-02-01
C04623,Customer 04623,Male,23,21-30,Patna,Bihar,East,Consumer,2022-07-26
C04624,Customer 04624,Male,45,41-50,Ranchi,Jharkhand,East,Small Business,2024-01-17
C04625,Customer 04625,Female,46,41-50,Mumbai,Maharashtra,West,Corporate,2023-05-17
C04626,Customer 04626,Female,35,31-40,Kochi,Kerala,South,Small Business,2025-01-31
C04627,Customer 04627,Male,21,21-30,Chandigarh,Chandigarh,North,Small Business,2022-02-04
C04628,Customer 04628,Female,52,51-60,Lucknow,Uttar Pradesh,North,Small Business,2023-06-16
C04629,Customer 04629,Female,53,51-60,Bengaluru,Karnataka,South,Corporate,2024-05-19
C04630,Customer 04630,Female,51,51-60,Lucknow,Uttar Pradesh,North,Consumer,2025-02-04
C04631,Customer 04631,Female,28,21-30,Patna,Bihar,East,Consumer,2025-01-23
C04632,Customer 04632,Female,52,51-60,Chandigarh,Chandigarh,North,Small Business,2022-07-21
C04633,Customer 04633,Male,58,51-60,Bengaluru,Karnataka,South,Small Business,2025-02-26
C04634,Customer 04634,Male,42,41-50,Surat,Gujarat,West,Small Business,2023-06-16
C04635,Customer 04635,Female,23,21-30,Bengaluru,Karnataka,South,Corporate,2025-05-10
C04636,Customer 04636,Male,35,31-40,Ahmedabad,Gujarat,West,Corporate,2024-02-25
C04637,Customer 04637,Male,39,31-40,Delhi,Delhi,North,Small Business,2024-06-10
C04638,Customer 04638,Female,48,41-50,Ranchi,Jharkhand,East,Small Business,2024-08-17
C04639,Customer 04639,Male,43,41-50,Bengaluru,Karnataka,South,Consumer,2024-06-23
C04640,Customer 04640,Male,50,41-50,Lucknow,Uttar Pradesh,North,Consumer,2022-05-06
C04641,Customer 04641,Male,44,41-50,Ahmedabad,Gujarat,West,Small Business,2023-06-24
C04642,Customer 04642,Male,51,51-60,Surat,Gujarat,West,Corporate,2022-05-06
C04643,Customer 04643,Male,52,51-60,Hyderabad,Telangana,South,Small Business,2023-09-21
C04644,Customer 04644,Male,32,31-40,Kochi,Kerala,South,Small Business,2023-08-31
C04645,Customer 04645,Female,53,51-60,Chandigarh,Chandigarh,North,Small Business,2024-07-29
C04646,Customer 04646,Female,24,21-30,Chennai,Tamil Nadu,South,Consumer,2025-02-26
C04647,Customer 04647,Female,37,31-40,Chennai,Tamil Nadu,South,Small Business,2024-12-17
C04648,Customer 04648,Male,49,41-50,Mumbai,Maharashtra,West,Consumer,2025-02-10
C04649,Customer 04649,Male,49,41-50,Bhubaneswar,Odisha,East,Small Business,2024-05-27
C04650,Customer 04650,Male,21,21-30,Kolkata,West Bengal,East,Small Business,2024-02-12
C04651,Customer 04651,Male,51,51-60,Hyderabad,Telangana,South,Consumer,2023-02-27
C04652,Customer 04652,Male,56,51-60,Patna,Bihar,East,Small Business,2024-09-01
C04653,Customer 04653,Male,43,41-50,Pune,Maharashtra,West,Corporate,2022-09-14
C04654,Customer 04654,Female,53,51-60,Hyderabad,Telangana,South,Small Business,2025-05-28
C04655,Customer 04655,Female,22,21-30,Jaipur,Rajasthan,North,Small Business,2024-11-24
C04656,Customer 04656,Male,32,31-40,Mumbai,Maharashtra,West,Consumer,2023-11-17
C04657,Customer 04657,Male,37,31-40,Ranchi,Jharkhand,East,Consumer,2023-12-12
C04658,Customer 04658,Male,51,51-60,Delhi,Delhi,North,Consumer,2025-03-29
C04659,Customer 04659,Male,41,41-50,Pune,Maharashtra,West,Corporate,2024-07-09
C04660,Customer 04660,Female,21,21-30,Pune,Maharashtra,West,Small Business,2023-01-28
C04661,Customer 04661,Female,49,41-50,Patna,Bihar,East,Consumer,2024-08-28
C04662,Customer 04662,Female,42,41-50,Ahmedabad,Gujarat,West,Small Business,2023-06-06
C04663,Customer 04663,Female,25,21-30,Chennai,Tamil Nadu,South,Corporate,2022-02-26
C04664,Customer 04664,Female,30,21-30,Kochi,Kerala,South,Consumer,2024-09-03
C04665,Customer 04665,Female,29,21-30,Hyderabad,Telangana,South,Small Business,2023-02-27
C04666,Customer 04666,Male,32,31-40,Chennai,Tamil Nadu,South,Consumer,2022-10-29
C04667,Customer 04667,Male,27,21-30,Surat,Gujarat,West,Consumer,2024-08-09
C04668,Customer 04668,Female,48,41-50,Ranchi,Jharkhand,East,Corporate,2022-09-05
C04669,Customer 04669,Male,48,41-50,Surat,Gujarat,West,Consumer,2022-04-28
C04670,Customer 04670,Male,60,51-60,Bhubaneswar,Odisha,East,Corporate,2024-02-01
C04671,Customer 04671,Female,38,31-40,Lucknow,Uttar Pradesh,North,Corporate,2024-04-07
C04672,Customer 04672,Male,44,41-50,Kochi,Kerala,South,Consumer,2022-08-01
C04673,Customer 04673,Male,34,31-40,Pune,Maharashtra,West,Corporate,2023-01-02
C04674,Customer 04674,Male,32,31-40,Chennai,Tamil Nadu,South,Corporate,2024-04-26
C04675,Customer 04675,Male,38,31-40,Delhi,Delhi,North,Consumer,2024-03-25
C04676,Customer 04676,Female,25,21-30,Kolkata,West Bengal,East,Consumer,2024-05-14
C04677,Customer 04677,Male,49,41-50,Delhi,Delhi,North,Small Business,2022-02-09
C04678,Customer 04678,Male,46,41-50,Hyderabad,Telangana,South,Consumer,2024-07-01
C04679,Customer 04679,Female,21,21-30,Jaipur,Rajasthan,North,Consumer,2023-08-20
C04680,Customer 04680,Male,32,31-40,Hyderabad,Telangana,South,Small Business,2024-07-28
C04681,Customer 04681,Female,38,31-40,Chennai,Tamil Nadu,South,Small Business,2025-03-28
C04682,Customer 04682,Male,49,41-50,Kochi,Kerala,South,Consumer,2025-02-27
C04683,Customer 04683,Female,48,41-50,Kolkata,West Bengal,East,Consumer,2025-02-11
C04684,Customer 04684,Male,57,51-60,Delhi,Delhi,North,Consumer,2024-03-25
C04685,Customer 04685,Female,24,21-30,Patna,Bihar,East,Consumer,2023-12-18
C04686,Customer 04686,Male,59,51-60,Patna,Bihar,East,Consumer,2025-05-23
C04687,Customer 04687,Male,50,41-50,Kochi,Kerala,South,Corporate,2022-11-20
C04688,Customer 04688,Male,55,51-60,Surat,Gujarat,West,Consumer,2022-11-24
C04689,Customer 04689,Female,35,31-40,Lucknow,Uttar Pradesh,North,Small Business,2022-04-08
C04690,Customer 04690,Female,24,21-30,Bhubaneswar,Odisha,East,Consumer,2024-05-31
C04691,Customer 04691,Female,46,41-50,Pune,Maharashtra,West,Corporate,2023-11-10
C04692,Customer 04692,Female,31,31-40,Chennai,Tamil Nadu,South,Corporate,2023-09-15
C04693,Customer 04693,Male,58,51-60,Ranchi,Jharkhand,East,Small Business,2023-06-27
C04694,Customer 04694,Male,49,41-50,Ranchi,Jharkhand,East,Corporate,2022-01-02
C04695,Customer 04695,Female,21,21-30,Pune,Maharashtra,West,Small Business,2024-10-11
C04696,Customer 04696,Female,22,21-30,Ranchi,Jharkhand,East,Consumer,2022-04-02
C04697,Customer 04697,Male,57,51-60,Delhi,Delhi,North,Consumer,2025-05-03
C04698,Customer 04698,Male,32,31-40,Jaipur,Rajasthan,North,Consumer,2024-01-31
C04699,Customer 04699,Male,60,51-60,Bhubaneswar,Odisha,East,Consumer,2023-07-27
C04700,Customer 04700,Male,58,51-60,Kolkata,West Bengal,East,Consumer,2022-12-22
C04701,Customer 04701,Female,33,31-40,Chennai,Tamil Nadu,South,Consumer,2023-02-27
C04702,Customer 04702,Male,31,31-40,Chennai,Tamil Nadu,South,Consumer,2024-01-03
C04703,Customer 04703,Male,30,21-30,Chandigarh,Chandigarh,North,Small Business,2023-11-10
C04704,Customer 04704,Male,28,21-30,Ranchi,Jharkhand,East,Corporate,2023-04-09
C04705,Customer 04705,Female,42,41-50,Patna,Bihar,East,Corporate,2022-03-10
C04706,Customer 04706,Female,58,51-60,Kochi,Kerala,South,Corporate,2025-02-09
C04707,Customer 04707,Male,60,51-60,Bhubaneswar,Odisha,East,Consumer,2023-05-18
C04708,Customer 04708,Male,39,31-40,Hyderabad,Telangana,South,Consumer,2024-03-18
C04709,Customer 04709,Female,29,21-30,Chennai,Tamil Nadu,South,Consumer,2025-01-05
C04710,Customer 04710,Female,57,51-60,Delhi,Delhi,North,Corporate,2025-01-07
C04711,Customer 04711,Male,29,21-30,Kochi,Kerala,South,Small Business,2023-07-08
C04712,Customer 04712,Male,58,51-60,Chandigarh,Chandigarh,North,Consumer,2024-06-28
C04713,Customer 04713,Female,41,41-50,Patna,Bihar,East,Corporate,2025-05-16
C04714,Customer 04714,Male,28,21-30,Bengaluru,Karnataka,South,Consumer,2023-05-13
C04715,Customer 04715,Female,33,31-40,Surat,Gujarat,West,Consumer,2024-09-12
C04716,Customer 04716,Female,58,51-60,Ahmedabad,Gujarat,West,Small Business,2023-07-24
C04717,Customer 04717,Male,21,21-30,Chennai,Tamil Nadu,South,Small Business,2023-01-09
C04718,Customer 04718,Male,57,51-60,Kolkata,West Bengal,East,Consumer,2024-07-06
C04719,Customer 04719,Male,58,51-60,Patna,Bihar,East,Consumer,2023-01-06
C04720,Customer 04720,Female,25,21-30,Mumbai,Maharashtra,West,Corporate,2023-04-15
C04721,Customer 04721,Female,44,41-50,Lucknow,Uttar Pradesh,North,Consumer,2024-03-31
C04722,Customer 04722,Female,38,31-40,Bengaluru,Karnataka,South,Small Business,2023-10-15
C04723,Customer 04723,Female,37,31-40,Bengaluru,Karnataka,South,Small Business,2022-07-30
C04724,Customer 04724,Male,60,51-60,Bengaluru,Karnataka,South,Small Business,2022-09-04
C04725,Customer 04725,Male,22,21-30,Ahmedabad,Gujarat,West,Consumer,2025-03-15
C04726,Customer 04726,Female,41,41-50,Chennai,Tamil Nadu,South,Consumer,2023-07-08
C04727,Customer 04727,Male,31,31-40,Jaipur,Rajasthan,North,Corporate,2022-08-05
C04728,Customer 04728,Female,35,31-40,Chandigarh,Chandigarh,North,Small Business,2023-12-28
C04729,Customer 04729,Female,27,21-30,Delhi,Delhi,North,Small Business,2023-03-06
C04730,Customer 04730,Male,58,51-60,Bengaluru,Karnataka,South,Corporate,2022-08-04
C04731,Customer 04731,Male,24,21-30,Bhubaneswar,Odisha,East,Corporate,2024-06-23
C04732,Customer 04732,Female,29,21-30,Surat,Gujarat,West,Small Business,2024-08-12
C04733,Customer 04733,Female,37,31-40,Bengaluru,Karnataka,South,Consumer,2022-11-11
C04734,Customer 04734,Male,37,31-40,Chandigarh,Chandigarh,North,Corporate,2023-10-21
C04735,Customer 04735,Male,21,21-30,Lucknow,Uttar Pradesh,North,Small Business,2025-01-16
C04736,Customer 04736,Female,23,21-30,Surat,Gujarat,West,Small Business,2024-10-06
C04737,Customer 04737,Male,34,31-40,Mumbai,Maharashtra,West,Consumer,2022-12-15
C04738,Customer 04738,Female,27,21-30,Pune,Maharashtra,West,Small Business,2025-06-18
C04739,Customer 04739,Male,42,41-50,Jaipur,Rajasthan,North,Small Business,2025-01-16
C04740,Customer 04740,Female,38,31-40,Bhubaneswar,Odisha,East,Consumer,2024-11-30
C04741,Customer 04741,Female,54,51-60,Patna,Bihar,East,Corporate,2023-01-29
C04742,Customer 04742,Female,48,41-50,Chennai,Tamil Nadu,South,Corporate,2024-09-05
C04743,Customer 04743,Female,32,31-40,Bengaluru,Karnataka,South,Consumer,2024-11-06
C04744,Customer 04744,Female,51,51-60,Kolkata,West Bengal,East,Consumer,2025-04-12
C04745,Customer 04745,Female,40,31-40,Chennai,Tamil Nadu,South,Consumer,2023-10-16
C04746,Customer 04746,Male,58,51-60,Ranchi,Jharkhand,East,Small Business,2022-12-12
C04747,Customer 04747,Male,32,31-40,Chennai,Tamil Nadu,South,Small Business,2022-01-18
C04748,Customer 04748,Male,43,41-50,Lucknow,Uttar Pradesh,North,Corporate,2024-04-10
C04749,Customer 04749,Female,49,41-50,Chennai,Tamil Nadu,South,Consumer,2025-02-05
C04750,Customer 04750,Male,58,51-60,Pune,Maharashtra,West,Small Business,2023-01-05
C04751,Customer 04751,Male,31,31-40,Delhi,Delhi,North,Consumer,2023-05-19
C04752,Customer 04752,Male,39,31-40,Kolkata,West Bengal,East,Corporate,2025-03-20
C04753,Customer 04753,Male,21,21-30,Chennai,Tamil Nadu,South,Corporate,2024-05-05
C04754,Customer 04754,Male,49,41-50,Mumbai,Maharashtra,West,Consumer,2022-10-03
C04755,Customer 04755,Female,21,21-30,Pune,Maharashtra,West,Small Business,2023-12-03
C04756,Customer 04756,Female,48,41-50,Jaipur,Rajasthan,North,Consumer,2023-01-15
C04757,Customer 04757,Female,39,31-40,Chandigarh,Chandigarh,North,Corporate,2022-03-22
C04758,Customer 04758,Male,60,51-60,Delhi,Delhi,North,Consumer,2022-04-13
C04759,Customer 04759,Male,36,31-40,Chandigarh,Chandigarh,North,Small Business,2023-02-16
C04760,Customer 04760,Male,31,31-40,Chennai,Tamil Nadu,South,Small Business,2024-08-07
C04761,Customer 04761,Male,58,51-60,Chandigarh,Chandigarh,North,Consumer,2024-02-22
C04762,Customer 04762,Male,47,41-50,Delhi,Delhi,North,Consumer,2024-12-19
C04763,Customer 04763,Female,52,51-60,Bengaluru,Karnataka,South,Corporate,2022-03-18
C04764,Customer 04764,Female,38,31-40,Patna,Bihar,East,Small Business,2022-08-16
C04765,Customer 04765,Male,51,51-60,Pune,Maharashtra,West,Small Business,2022-09-23
C04766,Customer 04766,Female,34,31-40,Mumbai,Maharashtra,West,Corporate,2024-12-12
C04767,Customer 04767,Male,21,21-30,Ranchi,Jharkhand,East,Corporate,2023-10-29
C04768,Customer 04768,Female,32,31-40,Kochi,Kerala,South,Consumer,2023-07-10
C04769,Customer 04769,Male,49,41-50,Pune,Maharashtra,West,Small Business,2022-10-28
C04770,Customer 04770,Male,34,31-40,Kochi,Kerala,South,Consumer,2024-04-20
C04771,Customer 04771,Male,60,51-60,Lucknow,Uttar Pradesh,North,Small Business,2023-08-03
C04772,Customer 04772,Female,40,31-40,Chandigarh,Chandigarh,North,Consumer,2023-02-14
C04773,Customer 04773,Female,43,41-50,Lucknow,Uttar Pradesh,North,Small Business,2023-08-13
C04774,Customer 04774,Male,50,41-50,Lucknow,Uttar Pradesh,North,Consumer,2024-08-08
C04775,Customer 04775,Female,54,51-60,Surat,Gujarat,West,Small Business,2024-09-03
C04776,Customer 04776,Male,48,41-50,Pune,Maharashtra,West,Corporate,2023-03-03
C04777,Customer 04777,Female,32,31-40,Kolkata,West Bengal,East,Corporate,2022-04-03
C04778,Customer 04778,Female,25,21-30,Kolkata,West Bengal,East,Small Business,2023-11-03
C04779,Customer 04779,Male,53,51-60,Patna,Bihar,East,Corporate,2024-06-22
C04780,Customer 04780,Male,52,51-60,Delhi,Delhi,North,Corporate,2025-06-14
C04781,Customer 04781,Male,40,31-40,Hyderabad,Telangana,South,Corporate,2023-01-10
C04782,Customer 04782,Male,39,31-40,Jaipur,Rajasthan,North,Corporate,2023-03-25
C04783,Customer 04783,Female,38,31-40,Ahmedabad,Gujarat,West,Small Business,2022-06-09
C04784,Customer 04784,Male,35,31-40,Surat,Gujarat,West,Small Business,2023-12-09
C04785,Customer 04785,Female,33,31-40,Pune,Maharashtra,West,Corporate,2024-03-07
C04786,Customer 04786,Female,57,51-60,Kolkata,West Bengal,East,Consumer,2022-12-05
C04787,Customer 04787,Female,55,51-60,Ranchi,Jharkhand,East,Small Business,2023-04-07
C04788,Customer 04788,Male,47,41-50,Mumbai,Maharashtra,West,Corporate,2025-03-08
C04789,Customer 04789,Female,50,41-50,Jaipur,Rajasthan,North,Consumer,2023-02-10
C04790,Customer 04790,Female,25,21-30,Pune,Maharashtra,West,Corporate,2022-01-25
C04791,Customer 04791,Female,35,31-40,Delhi,Delhi,North,Corporate,2023-11-22
C04792,Customer 04792,Female,38,31-40,Patna,Bihar,East,Consumer,2022-07-07
C04793,Customer 04793,Female,36,31-40,Mumbai,Maharashtra,West,Small Business,2025-04-23
C04794,Customer 04794,Male,58,51-60,Delhi,Delhi,North,Consumer,2024-09-03
C04795,Customer 04795,Female,48,41-50,Chandigarh,Chandigarh,North,Consumer,2023-09-17
C04796,Customer 04796,Female,27,21-30,Surat,Gujarat,West,Small Business,2023-03-31
C04797,Customer 04797,Female,38,31-40,Ahmedabad,Gujarat,West,Consumer,2024-07-25
C04798,Customer 04798,Female,45,41-50,Jaipur,Rajasthan,North,Consumer,2025-01-15
C04799,Customer 04799,Female,47,41-50,Ahmedabad,Gujarat,West,Small Business,2024-04-28
C04800,Customer 04800,Male,45,41-50,Ahmedabad,Gujarat,West,Consumer,2024-04-07
C04801,Customer 04801,Female,40,31-40,Chandigarh,Chandigarh,North,Corporate,2022-06-28
C04802,Customer 04802,Male,24,21-30,Ranchi,Jharkhand,East,Consumer,2024-07-16
C04803,Customer 04803,Male,57,51-60,Surat,Gujarat,West,Consumer,2022-01-23
C04804,Customer 04804,Female,23,21-30,Bhubaneswar,Odisha,East,Corporate,2024-07-19
C04805,Customer 04805,Male,39,31-40,Mumbai,Maharashtra,West,Consumer,2024-01-15
C04806,Customer 04806,Female,23,21-30,Pune,Maharashtra,West,Small Business,2022-03-16
C04807,Customer 04807,Male,49,41-50,Kochi,Kerala,South,Small Business,2024-05-20
C04808,Customer 04808,Male,22,21-30,Kochi,Kerala,South,Small Business,2024-09-16
C04809,Customer 04809,Male,22,21-30,Ahmedabad,Gujarat,West,Small Business,2024-08-22
C04810,Customer 04810,Male,32,31-40,Lucknow,Uttar Pradesh,North,Corporate,2023-01-11
C04811,Customer 04811,Female,51,51-60,Pune,Maharashtra,West,Corporate,2023-07-30
C04812,Customer 04812,Male,53,51-60,Chandigarh,Chandigarh,North,Small Business,2024-11-06
C04813,Customer 04813,Female,34,31-40,Pune,Maharashtra,West,Corporate,2023-11-06
C04814,Customer 04814,Female,51,51-60,Jaipur,Rajasthan,North,Consumer,2025-03-18
C04815,Customer 04815,Male,40,31-40,Pune,Maharashtra,West,Corporate,2022-12-13
C04816,Customer 04816,Female,22,21-30,Surat,Gujarat,West,Corporate,2023-10-07
C04817,Customer 04817,Male,40,31-40,Patna,Bihar,East,Corporate,2022-10-10
C04818,Customer 04818,Male,50,41-50,Bengaluru,Karnataka,South,Consumer,2023-06-22
C04819,Customer 04819,Male,55,51-60,Pune,Maharashtra,West,Small Business,2024-06-25
C04820,Customer 04820,Female,46,41-50,Delhi,Delhi,North,Consumer,2023-01-18
C04821,Customer 04821,Male,46,41-50,Jaipur,Rajasthan,North,Consumer,2025-03-29
C04822,Customer 04822,Female,33,31-40,Delhi,Delhi,North,Corporate,2025-04-05
C04823,Customer 04823,Male,57,51-60,Chennai,Tamil Nadu,South,Corporate,2022-11-24
C04824,Customer 04824,Male,56,51-60,Surat,Gujarat,West,Consumer,2024-05-07
C04825,Customer 04825,Male,35,31-40,Patna,Bihar,East,Small Business,2022-07-05
C04826,Customer 04826,Male,55,51-60,Ahmedabad,Gujarat,West,Small Business,2023-09-23
C04827,Customer 04827,Male,46,41-50,Kolkata,West Bengal,East,Corporate,2023-08-21
C04828,Customer 04828,Male,34,31-40,Chennai,Tamil Nadu,South,Corporate,2025-04-26
C04829,Customer 04829,Male,36,31-40,Kochi,Kerala,South,Small Business,2023-09-12
C04830,Customer 04830,Male,39,31-40,Delhi,Delhi,North,Small Business,2025-03-04
C04831,Customer 04831,Female,22,21-30,Pune,Maharashtra,West,Small Business,2025-05-11
C04832,Customer 04832,Male,60,51-60,Chennai,Tamil Nadu,South,Small Business,2025-01-08
C04833,Customer 04833,Male,21,21-30,Ahmedabad,Gujarat,West,Small Business,2023-06-14
C04834,Customer 04834,Female,35,31-40,Chennai,Tamil Nadu,South,Corporate,2024-11-15
C04835,Customer 04835,Male,24,21-30,Kolkata,West Bengal,East,Corporate,2022-10-28
C04836,Customer 04836,Female,55,51-60,Chandigarh,Chandigarh,North,Consumer,2024-04-28
C04837,Customer 04837,Male,45,41-50,Surat,Gujarat,West,Corporate,2024-02-11
C04838,Customer 04838,Male,28,21-30,Kolkata,West Bengal,East,Small Business,2024-12-16
C04839,Customer 04839,Male,45,41-50,Jaipur,Rajasthan,North,Corporate,2023-06-02
C04840,Customer 04840,Male,42,41-50,Bengaluru,Karnataka,South,Consumer,2023-02-14
C04841,Customer 04841,Male,28,21-30,Ahmedabad,Gujarat,West,Small Business,2022-04-22
C04842,Customer 04842,Female,40,31-40,Bengaluru,Karnataka,South,Consumer,2024-07-02
C04843,Customer 04843,Male,22,21-30,Jaipur,Rajasthan,North,Corporate,2025-07-12
C04844,Customer 04844,Male,50,41-50,Jaipur,Rajasthan,North,Consumer,2024-04-03
C04845,Customer 04845,Male,59,51-60,Bengaluru,Karnataka,South,Small Business,2025-01-31
C04846,Customer 04846,Female,40,31-40,Chennai,Tamil Nadu,South,Corporate,2023-10-31
C04847,Customer 04847,Male,50,41-50,Delhi,Delhi,North,Consumer,2024-11-23
C04848,Customer 04848,Male,50,41-50,Patna,Bihar,East,Corporate,2023-07-19
C04849,Customer 04849,Male,47,41-50,Chandigarh,Chandigarh,North,Corporate,2022-01-05
C04850,Customer 04850,Male,59,51-60,Pune,Maharashtra,West,Small Business,2022-08-14
C04851,Customer 04851,Female,46,41-50,Chennai,Tamil Nadu,South,Small Business,2022-09-29
C04852,Customer 04852,Male,54,51-60,Delhi,Delhi,North,Consumer,2022-02-04
C04853,Customer 04853,Male,50,41-50,Kochi,Kerala,South,Consumer,2022-12-25
C04854,Customer 04854,Male,37,31-40,Pune,Maharashtra,West,Small Business,2023-07-06
C04855,Customer 04855,Female,59,51-60,Hyderabad,Telangana,South,Small Business,2025-07-14
C04856,Customer 04856,Female,42,41-50,Chennai,Tamil Nadu,South,Corporate,2024-09-19
C04857,Customer 04857,Male,32,31-40,Delhi,Delhi,North,Consumer,2023-08-28
C04858,Customer 04858,Female,31,31-40,Bengaluru,Karnataka,South,Corporate,2024-02-05
C04859,Customer 04859,Female,59,51-60,Hyderabad,Telangana,South,Consumer,2025-04-14
C04860,Customer 04860,Male,35,31-40,Chandigarh,Chandigarh,North,Small Business,2024-01-16
C04861,Customer 04861,Male,32,31-40,Kochi,Kerala,South,Corporate,2023-06-30
C04862,Customer 04862,Female,24,21-30,Ahmedabad,Gujarat,West,Consumer,2025-06-03
C04863,Customer 04863,Female,21,21-30,Mumbai,Maharashtra,West,Consumer,2023-08-25
C04864,Customer 04864,Female,41,41-50,Kochi,Kerala,South,Consumer,2023-09-24
C04865,Customer 04865,Female,43,41-50,Jaipur,Rajasthan,North,Consumer,2024-05-20
C04866,Customer 04866,Male,55,51-60,Kolkata,West Bengal,East,Small Business,2024-01-23
C04867,Customer 04867,Male,36,31-40,Kolkata,West Bengal,East,Small Business,2023-07-12
C04868,Customer 04868,Male,43,41-50,Bengaluru,Karnataka,South,Corporate,2025-03-13
C04869,Customer 04869,Female,36,31-40,Ahmedabad,Gujarat,West,Corporate,2024-01-27
C04870,Customer 04870,Female,47,41-50,Kolkata,West Bengal,East,Consumer,2023-02-09
C04871,Customer 04871,Male,48,41-50,Bengaluru,Karnataka,South,Consumer,2024-02-20
C04872,Customer 04872,Female,59,51-60,Mumbai,Maharashtra,West,Corporate,2024-12-19
C04873,Customer 04873,Female,58,51-60,Pune,Maharashtra,West,Consumer,2022-09-22
C04874,Customer 04874,Female,57,51-60,Ranchi,Jharkhand,East,Small Business,2022-12-23
C04875,Customer 04875,Male,37,31-40,Bengaluru,Karnataka,South,Consumer,2025-05-23
C04876,Customer 04876,Male,31,31-40,Mumbai,Maharashtra,West,Small Business,2025-02-28
C04877,Customer 04877,Male,45,41-50,Bengaluru,Karnataka,South,Small Business,2024-03-26
C04878,Customer 04878,Female,57,51-60,Chandigarh,Chandigarh,North,Corporate,2024-04-15
C04879,Customer 04879,Male,43,41-50,Chennai,Tamil Nadu,South,Small Business,2025-06-03
C04880,Customer 04880,Male,34,31-40,Bengaluru,Karnataka,South,Small Business,2025-02-06
C04881,Customer 04881,Female,56,51-60,Surat,Gujarat,West,Corporate,2024-08-08
C04882,Customer 04882,Female,60,51-60,Surat,Gujarat,West,Consumer,2024-02-02
C04883,Customer 04883,Male,40,31-40,Pune,Maharashtra,West,Consumer,2023-05-21
C04884,Customer 04884,Male,24,21-30,Kolkata,West Bengal,East,Corporate,2023-05-31
C04885,Customer 04885,Male,41,41-50,Kochi,Kerala,South,Consumer,2025-05-20
C04886,Customer 04886,Male,30,21-30,Hyderabad,Telangana,South,Consumer,2024-04-04
C04887,Customer 04887,Male,21,21-30,Delhi,Delhi,North,Consumer,2023-08-17
C04888,Customer 04888,Male,50,41-50,Bhubaneswar,Odisha,East,Small Business,2022-10-28
C04889,Customer 04889,Female,35,31-40,Chandigarh,Chandigarh,North,Consumer,2023-08-06
C04890,Customer 04890,Male,40,31-40,Chandigarh,Chandigarh,North,Consumer,2022-02-04
C04891,Customer 04891,Female,41,41-50,Hyderabad,Telangana,South,Consumer,2025-01-18
C04892,Customer 04892,Male,23,21-30,Surat,Gujarat,West,Corporate,2025-06-09
C04893,Customer 04893,Female,45,41-50,Pune,Maharashtra,West,Small Business,2022-11-24
C04894,Customer 04894,Female,21,21-30,Bengaluru,Karnataka,South,Small Business,2025-06-25
C04895,Customer 04895,Male,54,51-60,Bengaluru,Karnataka,South,Consumer,2023-04-24
C04896,Customer 04896,Male,22,21-30,Patna,Bihar,East,Corporate,2024-09-19
C04897,Customer 04897,Female,59,51-60,Pune,Maharashtra,West,Consumer,2025-06-28
C04898,Customer 04898,Female,29,21-30,Kolkata,West Bengal,East,Corporate,2025-01-21
C04899,Customer 04899,Female,46,41-50,Jaipur,Rajasthan,North,Corporate,2022-09-27
C04900,Customer 04900,Male,51,51-60,Delhi,Delhi,North,Corporate,2024-01-17
C04901,Customer 04901,Male,49,41-50,Kochi,Kerala,South,Corporate,2024-04-16
C04902,Customer 04902,Male,54,51-60,Pune,Maharashtra,West,Small Business,2025-03-17
C04903,Customer 04903,Female,30,21-30,Patna,Bihar,East,Corporate,2023-08-18
C04904,Customer 04904,Female,36,31-40,Delhi,Delhi,North,Small Business,2024-10-02
C04905,Customer 04905,Male,31,31-40,Kolkata,West Bengal,East,Small Business,2023-04-07
C04906,Customer 04906,Male,51,51-60,Chandigarh,Chandigarh,North,Corporate,2025-06-21
C04907,Customer 04907,Female,27,21-30,Patna,Bihar,East,Consumer,2022-04-17
C04908,Customer 04908,Female,52,51-60,Surat,Gujarat,West,Consumer,2022-12-14
C04909,Customer 04909,Female,43,41-50,Chandigarh,Chandigarh,North,Consumer,2023-04-08
C04910,Customer 04910,Male,57,51-60,Pune,Maharashtra,West,Corporate,2023-01-03
C04911,Customer 04911,Male,42,41-50,Jaipur,Rajasthan,North,Corporate,2025-04-10
C04912,Customer 04912,Male,54,51-60,Chandigarh,Chandigarh,North,Small Business,2023-02-01
C04913,Customer 04913,Female,23,21-30,Hyderabad,Telangana,South,Consumer,2023-09-03
C04914,Customer 04914,Female,40,31-40,Chennai,Tamil Nadu,South,Small Business,2024-07-07
C04915,Customer 04915,Male,38,31-40,Bhubaneswar,Odisha,East,Small Business,2024-06-02
C04916,Customer 04916,Female,55,51-60,Delhi,Delhi,North,Small Business,2022-09-21
C04917,Customer 04917,Female,25,21-30,Kochi,Kerala,South,Consumer,2024-08-21
C04918,Customer 04918,Female,25,21-30,Pune,Maharashtra,West,Corporate,2022-05-27
C04919,Customer 04919,Male,56,51-60,Surat,Gujarat,West,Small Business,2022-07-03
C04920,Customer 04920,Male,31,31-40,Surat,Gujarat,West,Corporate,2025-04-29
C04921,Customer 04921,Male,38,31-40,Ranchi,Jharkhand,East,Small Business,2024-02-25
C04922,Customer 04922,Female,23,21-30,Hyderabad,Telangana,South,Corporate,2022-05-31
C04923,Customer 04923,Male,43,41-50,Ranchi,Jharkhand,East,Small Business,2025-01-20
C04924,Customer 04924,Male,41,41-50,Chandigarh,Chandigarh,North,Small Business,2023-06-18
C04925,Customer 04925,Female,44,41-50,Kolkata,West Bengal,East,Consumer,2025-05-18
C04926,Customer 04926,Female,24,21-30,Lucknow,Uttar Pradesh,North,Corporate,2024-10-04
C04927,Customer 04927,Male,24,21-30,Surat,Gujarat,West,Small Business,2022-01-24
C04928,Customer 04928,Male,40,31-40,Kochi,Kerala,South,Small Business,2023-10-01
C04929,Customer 04929,Female,22,21-30,Lucknow,Uttar Pradesh,North,Consumer,2025-05-22
C04930,Customer 04930,Male,26,21-30,Bengaluru,Karnataka,South,Corporate,2022-02-19
C04931,Customer 04931,Female,46,41-50,Hyderabad,Telangana,South,Consumer,2022-03-23
C04932,Customer 04932,Female,55,51-60,Kochi,Kerala,South,Corporate,2024-03-28
C04933,Customer 04933,Male,49,41-50,Kolkata,West Bengal,East,Corporate,2025-01-11
C04934,Customer 04934,Male,46,41-50,Delhi,Delhi,North,Small Business,2022-11-19
C04935,Customer 04935,Male,45,41-50,Patna,Bihar,East,Small Business,2024-06-14
C04936,Customer 04936,Male,36,31-40,Hyderabad,Telangana,South,Small Business,2024-05-05
C04937,Customer 04937,Male,24,21-30,Bengaluru,Karnataka,South,Consumer,2025-05-23
C04938,Customer 04938,Female,37,31-40,Ahmedabad,Gujarat,West,Consumer,2024-10-27
C04939,Customer 04939,Female,52,51-60,Jaipur,Rajasthan,North,Consumer,2024-11-01
C04940,Customer 04940,Male,59,51-60,Surat,Gujarat,West,Consumer,2022-03-26
C04941,Customer 04941,Male,55,51-60,Lucknow,Uttar Pradesh,North,Corporate,2025-07-12
C04942,Customer 04942,Male,26,21-30,Bhubaneswar,Odisha,East,Consumer,2023-02-13
C04943,Customer 04943,Female,45,41-50,Bengaluru,Karnataka,South,Consumer,2022-07-17
C04944,Customer 04944,Female,56,51-60,Patna,Bihar,East,Small Business,2025-02-22
C04945,Customer 04945,Female,31,31-40,Jaipur,Rajasthan,North,Small Business,2023-05-09
C04946,Customer 04946,Male,28,21-30,Chennai,Tamil Nadu,South,Corporate,2024-04-05
C04947,Customer 04947,Female,50,41-50,Jaipur,Rajasthan,North,Corporate,2022-11-22
C04948,Customer 04948,Male,41,41-50,Bengaluru,Karnataka,South,Consumer,2025-05-15
C04949,Customer 04949,Male,51,51-60,Surat,Gujarat,West,Small Business,2023-07-13
C04950,Customer 04950,Female,39,31-40,Ranchi,Jharkhand,East,Small Business,2022-04-27
C04951,Customer 04951,Male,26,21-30,Bengaluru,Karnataka,South,Small Business,2022-05-11
C04952,Customer 04952,Female,25,21-30,Bhubaneswar,Odisha,East,Corporate,2025-03-18
C04953,Customer 04953,Male,57,51-60,Patna,Bihar,East,Small Business,2024-05-12
C04954,Customer 04954,Female,47,41-50,Surat,Gujarat,West,Consumer,2024-04-14
C04955,Customer 04955,Male,41,41-50,Chennai,Tamil Nadu,South,Corporate,2025-03-26
C04956,Customer 04956,Male,44,41-50,Mumbai,Maharashtra,West,Consumer,2022-01-28
C04957,Customer 04957,Female,25,21-30,Bengaluru,Karnataka,South,Corporate,2024-12-30
C04958,Customer 04958,Male,29,21-30,Bhubaneswar,Odisha,East,Small Business,2024-09-22
C04959,Customer 04959,Male,34,31-40,Ahmedabad,Gujarat,West,Small Business,2024-11-24
C04960,Customer 04960,Male,42,41-50,Mumbai,Maharashtra,West,Consumer,2024-03-16
C04961,Customer 04961,Male,46,41-50,Kochi,Kerala,South,Small Business,2023-05-04
C04962,Customer 04962,Male,44,41-50,Pune,Maharashtra,West,Consumer,2022-09-22
C04963,Customer 04963,Female,38,31-40,Chandigarh,Chandigarh,North,Consumer,2025-07-01
C04964,Customer 04964,Male,34,31-40,Lucknow,Uttar Pradesh,North,Corporate,2022-03-31
C04965,Customer 04965,Male,24,21-30,Lucknow,Uttar Pradesh,North,Corporate,2023-05-01
C04966,Customer 04966,Male,44,41-50,Delhi,Delhi,North,Consumer,2022-02-17
C04967,Customer 04967,Female,31,31-40,Kolkata,West Bengal,East,Corporate,2023-02-14
C04968,Customer 04968,Female,57,51-60,Ahmedabad,Gujarat,West,Small Business,2025-05-08
C04969,Customer 04969,Male,28,21-30,Ranchi,Jharkhand,East,Corporate,2023-01-18
C04970,Customer 04970,Male,24,21-30,Mumbai,Maharashtra,West,Corporate,2024-12-28
C04971,Customer 04971,Male,29,21-30,Pune,Maharashtra,West,Small Business,2023-12-16
C04972,Customer 04972,Female,41,41-50,Surat,Gujarat,West,Small Business,2023-07-14
C04973,Customer 04973,Male,41,41-50,Bengaluru,Karnataka,South,Small Business,2025-02-14
C04974,Customer 04974,Female,42,41-50,Bhubaneswar,Odisha,East,Consumer,2024-11-18
C04975,Customer 04975,Male,56,51-60,Chandigarh,Chandigarh,North,Consumer,2025-07-15
C04976,Customer 04976,Female,43,41-50,Lucknow,Uttar Pradesh,North,Corporate,2023-12-19
C04977,Customer 04977,Female,39,31-40,Hyderabad,Telangana,South,Small Business,2024-03-26
C04978,Customer 04978,Male,31,31-40,Mumbai,Maharashtra,West,Corporate,2024-01-30
C04979,Customer 04979,Male,52,51-60,Bengaluru,Karnataka,South,Corporate,2024-10-10
C04980,Customer 04980,Female,47,41-50,Jaipur,Rajasthan,North,Small Business,2022-01-25
C04981,Customer 04981,Female,27,21-30,Kochi,Kerala,South,Small Business,2022-10-13
C04982,Customer 04982,Female,22,21-30,Bhubaneswar,Odisha,East,Small Business,2022-01-22
C04983,Customer 04983,Female,30,21-30,Bhubaneswar,Odisha,East,Small Business,2024-04-11
C04984,Customer 04984,Male,33,31-40,Delhi,Delhi,North,Small Business,2022-05-09
C04985,Customer 04985,Female,22,21-30,Ranchi,Jharkhand,East,Consumer,2024-02-06
C04986,Customer 04986,Male,25,21-30,Hyderabad,Telangana,South,Small Business,2023-04-17
C04987,Customer 04987,Female,52,51-60,Chandigarh,Chandigarh,North,Consumer,2023-10-10
C04988,Customer 04988,Male,43,41-50,Pune,Maharashtra,West,Corporate,2024-06-20
C04989,Customer 04989,Female,29,21-30,Jaipur,Rajasthan,North,Consumer,2023-06-08
C04990,Customer 04990,Male,34,31-40,Bhubaneswar,Odisha,East,Consumer,2025-04-24
C04991,Customer 04991,Female,49,41-50,Patna,Bihar,East,Corporate,2023-06-28
C04992,Customer 04992,Female,37,31-40,Jaipur,Rajasthan,North,Corporate,2024-01-19
C04993,Customer 04993,Male,41,41-50,Hyderabad,Telangana,South,Corporate,2024-08-15
C04994,Customer 04994,Female,50,41-50,Jaipur,Rajasthan,North,Consumer,2025-03-18
C04995,Customer 04995,Female,48,41-50,Chandigarh,Chandigarh,North,Corporate,2023-09-08
C04996,Customer 04996,Male,48,41-50,Mumbai,Maharashtra,West,Small Business,2024-03-06
C04997,Customer 04997,Male,33,31-40,Lucknow,Uttar Pradesh,North,Small Business,2025-05-28
C04998,Customer 04998,Female,56,51-60,Surat,Gujarat,West,Small Business,2024-03-21
C04999,Customer 04999,Female,50,41-50,Delhi,Delhi,North,Consumer,2023-01-16
C05000,Customer 05000,Female,51,51-60,Kochi,Kerala,South,Corporate,2022-07-01
